[2159564975:-968265,-20483,-243887,0,0,0|999957,-13702,3351,0,0,0|975835,17776,-210340,0,0,0]
[2159569975:-967774,-20973,-243887,0,0,0|999467,-13212,3351,0,0,0|975835,17776,-210340,0,0,0]
[2159574975:-967283,-21463,-244380,0,0,0|999467,-13212,3351,0,0,0|975835,17776,-210831,0,0,0]
[2159579975:-967283,-21463,-244872,0,0,0|999467,-13702,2859,0,0,0|976325,17776,-210831,0,0,0]
[2159584975:-967774,-21463,-244380,0,0,0|998977,-13702,2859,0,0,0|976325,17776,-210831,0,0,0]
[2159589975:-967774,-21952,-243887,0,0,0|999467,-13702,2859,0,0,0|976816,17776,-210831,0,0,0]
[2159594975:-968265,-21463,-243887,0,0,0|999467,-13212,2859,0,0,0|976816,17776,-210340,0,0,0]
[2159599975:-968265,-21463,-244380,0,0,0|999957,-13212,2859,0,0,0|976816,17776,-210340,0,0,0]
[2159604975:-968265,-21463,-243887,0,0,0|999957,-12723,2859,0,0,0|976816,17776,-210340,0,0,0]
[2159609975:-968265,-21463,-243887,0,0,0|999467,-13212,2859,0,0,0|976325,17776,-210831,0,0,0]
[2159614975:-968756,-20973,-243395,0,0,0|999957,-13702,2859,0,0,0|975835,17776,-210831,0,0,0]
[2159619975:-968265,-20973,-243887,0,0,0|999957,-14191,2367,0,0,0|976816,17776,-210340,0,0,0]
[2159624975:-968265,-20483,-243887,0,0,0|1000447,-14191,2367,0,0,0|977306,17776,-210340,0,0,0]
[2159629975:-968265,-20483,-243887,0,0,0|1000447,-14191,1876,0,0,0|976816,17286,-210340,0,0,0]
[2159634975:-968265,-20483,-243887,0,0,0|1000447,-14191,1876,0,0,0|976816,16795,-210831,0,0,0]
[2159639975:-968265,-19993,-243395,0,0,0|999957,-14681,1876,0,0,0|976325,16305,-211323,0,0,0]
[2159644975:-967774,-19993,-244380,0,0,0|999467,-15170,1384,0,0,0|976325,16795,-211323,0,0,0]
[2159649975:-967283,-19993,-244872,0,0,0|999467,-15170,1384,0,0,0|975835,16795,-210831,0,0,0]
[2159654975:-966792,-19504,-245364,0,0,0|998977,-15170,1384,0,0,0|975835,16795,-210340,0,0,0]
[2159659975:-967774,-19014,-244380,0,0,0|998486,-15660,2367,0,0,0|975345,16305,-210831,0,0,0]
[2159664975:-968265,-18524,-244380,0,0,0|998977,-16149,2859,0,0,0|975835,15815,-210831,0,0,0]
[2159669975:-968756,-18524,-244872,0,0,0|999467,-16149,2859,0,0,0|976816,15815,-210831,0,0,0]
[2159674975:-968756,-18034,-244872,0,0,0|999957,-16638,2859,0,0,0|976816,15325,-210831,0,0,0]
[2159679975:-969248,-17545,-244380,0,0,0|1000447,-16638,2367,0,0,0|976816,14345,-210831,0,0,0]
[2159684975:-969248,-17545,-243887,0,0,0|1000938,-17128,2859,0,0,0|976816,14345,-210831,0,0,0]
[2159689975:-968756,-18034,-243887,0,0,0|1000447,-17128,2859,0,0,0|976325,14345,-210340,0,0,0]
[2159694975:-968265,-18034,-243887,0,0,0|999467,-17128,2367,0,0,0|976325,14345,-210340,0,0,0]
[2159699975:-967774,-18034,-243887,0,0,0|998977,-16638,1876,0,0,0|976325,14345,-210340,0,0,0]
[2159704975:-967774,-18034,-243395,0,0,0|998977,-16638,1876,0,0,0|976325,14345,-210340,0,0,0]
[2159709975:-968265,-18034,-243395,0,0,0|999467,-16638,1876,0,0,0|976325,14345,-210831,0,0,0]
[2159714975:-968756,-18034,-243887,0,0,0|999957,-16638,2367,0,0,0|976816,14345,-210340,0,0,0]
[2159719975:-968265,-18034,-244380,0,0,0|1000447,-16638,2859,0,0,0|976816,14835,-210340,0,0,0]
[2159724975:-967774,-18524,-244380,0,0,0|999957,-16149,2859,0,0,0|976325,15325,-210340,0,0,0]
[2159729975:-967283,-18524,-243887,0,0,0|999467,-16149,3351,0,0,0|975345,15325,-210340,0,0,0]
[2159734975:-967283,-18524,-243395,0,0,0|998977,-15660,3351,0,0,0|974855,15325,-210831,0,0,0]
[2159739975:-967774,-18524,-243887,0,0,0|998977,-15660,3351,0,0,0|975835,15325,-210831,0,0,0]
[2159744975:-967774,-19014,-244872,0,0,0|999957,-15170,3351,0,0,0|976816,15325,-211323,0,0,0]
[2159749975:-968756,-19014,-244872,0,0,0|1000447,-14681,3351,0,0,0|977306,15325,-211323,0,0,0]
[2159754975:-969248,-19504,-244380,0,0,0|1000447,-14681,3351,0,0,0|976816,15815,-211323,0,0,0]
[2159759975:-968756,-19504,-244380,0,0,0|1000447,-14681,2859,0,0,0|976816,16305,-210831,0,0,0]
[2159764975:-968756,-19993,-244872,0,0,0|999957,-14681,2367,0,0,0|976816,17286,-211323,0,0,0]
[2159769975:-968756,-20483,-245364,0,0,0|999957,-14681,1384,0,0,0|976816,17776,-211815,0,0,0]
[2159774975:-968265,-20483,-245364,0,0,0|999957,-14191,400,0,0,0|976325,17776,-211815,0,0,0]
[2159779975:-968265,-20483,-245364,0,0,0|999957,-14191,-90,0,0,0|975835,17776,-211815,0,0,0]
[2159784975:-968265,-21463,-245364,0,0,0|999467,-14191,-90,0,0,0|975835,17776,-210831,0,0,0]
[2159789975:-968265,-21952,-244872,0,0,0|999467,-13702,-90,0,0,0|976325,17776,-210340,0,0,0]
[2159794975:-968265,-21463,-245364,0,0,0|999467,-13702,892,0,0,0|976325,17776,-210340,0,0,0]
[2159799975:-968265,-20973,-244872,0,0,0|999957,-13212,1876,0,0,0|976325,17286,-210831,0,0,0]
[2159804975:-968265,-20483,-244380,0,0,0|1000447,-13702,2859,0,0,0|975835,17286,-211323,0,0,0]
[2159809975:-968756,-20973,-243887,0,0,0|1000447,-13702,3842,0,0,0|976325,17776,-210831,0,0,0]
[2159814975:-968756,-21463,-243395,0,0,0|1000447,-13212,3842,0,0,0|976816,17776,-210340,0,0,0]
[2159819975:-968265,-20973,-243395,0,0,0|1000938,-12723,4334,0,0,0|977306,17776,-209848,0,0,0]
[2159824975:-968265,-20973,-243395,0,0,0|1000938,-12234,4334,0,0,0|977306,17776,-209848,0,0,0]
[2159829975:-968265,-20973,-243395,0,0,0|1000938,-12234,3842,0,0,0|976816,18266,-210340,0,0,0]
[2159834975:-968265,-21463,-243395,0,0,0|1000447,-12723,2859,0,0,0|976816,18266,-210340,0,0,0]
[2159839975:-967774,-22442,-243887,0,0,0|999467,-13212,2367,0,0,0|975345,19246,-210340,0,0,0]
[2159844975:-966301,-22932,-243395,0,0,0|997506,-13212,1876,0,0,0|974365,18756,-209356,0,0,0]
[2159849975:-967283,-20973,-242903,0,0,0|998486,-13212,1876,0,0,0|976325,16795,-209848,0,0,0]
[2159854975:-969248,-19993,-243395,0,0,0|1000938,-13212,1876,0,0,0|977306,16305,-211323,0,0,0]
[2159859975:-970230,-20483,-244872,0,0,0|1001918,-13212,2367,0,0,0|977796,17776,-211815,0,0,0]
[2159864975:-969739,-19504,-246349,0,0,0|1002409,-13702,1876,0,0,0|978776,16795,-212306,0,0,0]
[2159869975:-969248,-18524,-246349,0,0,0|1001918,-14191,1384,0,0,0|978776,15325,-212306,0,0,0]
[2159874975:-968756,-19504,-245364,0,0,0|1000447,-14681,892,0,0,0|978286,15815,-211323,0,0,0]
[2159879975:-968756,-20483,-243887,0,0,0|999467,-14681,-90,0,0,0|976325,17286,-211323,0,0,0]
[2159884975:-967774,-19504,-244872,0,0,0|998977,-14681,-582,0,0,0|975345,16795,-211323,0,0,0]
[2159889975:-966301,-19993,-245856,0,0,0|998486,-15170,-582,0,0,0|974855,16305,-210831,0,0,0]
[2159894975:-965810,-20973,-245856,0,0,0|997996,-15660,400,0,0,0|972894,17776,-210831,0,0,0]
[2159899975:-966301,-20973,-244380,0,0,0|997506,-16638,1876,0,0,0|972404,17776,-210340,0,0,0]
[2159904975:-966301,-19014,-243887,0,0,0|997506,-17128,3351,0,0,0|973874,15815,-209848,0,0,0]
[2159909975:-966301,-17545,-244380,0,0,0|997996,-17128,4826,0,0,0|974855,14835,-209848,0,0,0]
[2159914975:-967283,-18034,-244380,0,0,0|998977,-17617,6301,0,0,0|975835,14835,-209848,0,0,0]
[2159919975:-968756,-17055,-243887,0,0,0|999957,-18107,7284,0,0,0|975835,13855,-210831,0,0,0]
[2159924975:-969248,-15096,-242903,0,0,0|1000938,-18107,7284,0,0,0|977306,11895,-211323,0,0,0]
[2159929975:-969739,-14117,-242410,0,0,0|1001918,-17617,6792,0,0,0|979267,11405,-209848,0,-5,0]
[2159934975:-970721,-15096,-241918,0,0,0|1002409,-17128,5809,0,0,0|980247,12875,-209848,0,-5,0]
[2159939975:-970721,-16565,-242410,0,0,0|1001918,-17128,3351,0,0,0|980737,13855,-209848,1,-1,0]
[2159944975:-969248,-17055,-243395,0,0,0|1000938,-16638,1384,0,0,0|977796,13855,-211323,1,3,0]
[2159949975:-968265,-17545,-243887,0,0,0|999957,-16149,-582,0,0,0|975835,14835,-212306,1,0,0]
[2159954975:-967774,-19504,-244380,0,0,0|998977,-16149,-2057,0,0,0|975345,17286,-212306,0,-4,0]
[2159959975:-967283,-21463,-245364,0,0,0|998486,-15660,-2057,0,0,0|975345,18266,-211815,1,-1,0]
[2159964975:-966792,-21952,-245856,0,0,0|997996,-15170,-1074,0,0,0|975345,17776,-210831,0,2,0]
[2159969975:-966792,-21952,-245364,0,0,0|997996,-14681,400,0,0,0|974365,17776,-211323,0,5,0]
[2159974975:-966792,-21952,-244872,0,0,0|998977,-14191,1876,0,0,0|974365,18266,-212306,0,3,0]
[2159979975:-966792,-21952,-245856,0,0,0|999467,-13702,3351,0,0,0|975835,18266,-211815,0,-2,0]
[2159984975:-967283,-21463,-246349,0,0,0|1000447,-13702,4826,0,0,0|977306,17776,-211323,0,-2,0]
[2159989975:-968265,-20973,-244380,0,0,0|1001428,-13212,5809,0,0,0|978286,17776,-210340,0,0,0]
[2159994975:-969248,-20973,-242410,0,0,0|1001428,-12723,6301,0,0,0|978776,17286,-209356,0,1,0]
[2159999975:-969248,-20973,-241918,0,0,0|1000938,-12723,5317,0,0,0|978286,17776,-209356,1,0,0]
[2160004975:-968756,-20973,-242903,0,0,0|1000447,-13212,4334,0,0,0|978286,17776,-209848,1,-1,0]
[2160009975:-968265,-21463,-243395,0,0,0|999957,-13212,3351,0,0,0|977306,18756,-209848,1,0,0]
[2160014975:-968265,-21952,-242903,0,0,0|999467,-13212,2367,0,0,0|975835,18756,-210340,1,2,0]
[2160019975:-968265,-21463,-242903,0,0,0|998486,-13702,1876,0,0,0|975835,18266,-209848,1,0,0]
[2160024975:-967283,-21463,-243395,0,0,0|997996,-14191,1876,0,0,0|975345,17776,-209848,1,-1,0]
[2160029975:-967283,-21463,-243887,0,0,0|997996,-14681,1876,0,0,0|975835,17776,-210340,0,0,0]
[2160034975:-967774,-20973,-244872,0,0,0|998486,-15170,1876,0,0,0|975835,17286,-210831,0,2,0]
[2160039975:-967774,-19993,-244380,0,0,0|998977,-15660,2367,0,0,0|975345,16305,-211323,0,1,0]
[2160044975:-968265,-19014,-243887,0,0,0|999467,-16149,2859,0,0,0|975835,15325,-210831,0,-2,0]
[2160049975:-968265,-18524,-243887,0,0,0|999957,-16149,3351,0,0,0|976325,14835,-210831,1,-2,0]
[2160054975:-968265,-18034,-243887,0,0,0|1000447,-16638,3351,0,0,0|976816,14835,-210831,1,0,0]
[2160059975:-968756,-17545,-244380,0,0,0|1000447,-17128,2859,0,0,0|977306,14345,-211323,1,0,0]
[2160064975:-969248,-17055,-243887,0,0,0|1000447,-17128,1876,0,0,0|976816,13855,-212306,0,0,0]
[2160069975:-968756,-17545,-244380,0,0,0|1000447,-17617,1384,0,0,0|976325,14345,-211815,1,-1,0]
[2160074975:-968265,-18524,-244872,0,0,0|999957,-17617,892,0,0,0|976325,15325,-211815,0,-1,0]
[2160079975:-967774,-18524,-245364,0,0,0|999467,-17128,892,0,0,0|975835,15815,-211815,1,0,0]
[2160084975:-967283,-18524,-244872,0,0,0|998977,-16638,400,0,0,0|975835,15815,-211323,0,0,0]
[2160089975:-967774,-19504,-244380,0,0,0|999467,-16149,892,0,0,0|975345,16795,-210831,0,0,0]
[2160094975:-967283,-19993,-244872,0,0,0|999467,-15660,892,0,0,0|975835,17286,-210340,0,-1,0]
[2160099975:-967283,-20483,-244380,0,0,0|999467,-14681,1876,0,0,0|976325,16795,-209848,0,-1,0]
[2160104975:-967283,-20483,-243887,0,0,0|999467,-14191,2859,0,0,0|976816,16795,-209356,0,1,0]
[2160109975:-967774,-20483,-242903,0,0,0|999467,-14191,3842,0,0,0|976325,16795,-209356,0,2,0]
[2160114975:-968265,-20973,-242410,0,0,0|999467,-14191,4826,0,0,0|976325,17286,-209356,0,0,0]
[2160119975:-967774,-21463,-242410,0,0,0|999467,-13702,5809,0,0,0|976325,17286,-209356,0,-1,0]
[2160124975:-967774,-20973,-242903,0,0,0|999467,-13702,6301,0,0,0|976816,17286,-209356,0,-1,0]
[2160129975:-967774,-20973,-242903,0,0,0|999467,-13212,6301,0,0,0|976816,17286,-209848,0,0,0]
[2160134975:-967774,-20973,-243395,0,0,0|999467,-13702,5809,0,0,0|976325,17286,-209848,0,0,0]
[2160139975:-967774,-20973,-243887,0,0,0|999467,-13702,4826,0,0,0|976325,17286,-210831,0,-1,0]
[2160144975:-968265,-20483,-244380,0,0,0|999467,-14191,3351,0,0,0|976325,17286,-211323,1,-1,0]
[2160149975:-968265,-20483,-244872,0,0,0|999957,-14191,1876,0,0,0|976325,16795,-211815,1,-1,0]
[2160154975:-968265,-20483,-244872,0,0,0|999957,-14681,892,0,0,0|976325,17286,-211815,0,-1,0]
[2160159975:-967774,-19993,-245364,0,0,0|999467,-14681,-90,0,0,0|976325,16795,-211815,0,0,0]
[2160164975:-967774,-19014,-244872,0,0,0|999467,-15170,-90,0,0,0|976325,16305,-211323,0,0,0]
[2160169975:-967774,-18524,-245364,0,0,0|999467,-15170,400,0,0,0|976816,16305,-211815,0,0,0]
[2160174975:-967774,-18034,-245856,0,0,0|999957,-16149,892,0,0,0|976816,15815,-212306,0,0,0]
[2160179975:-968265,-18034,-245364,0,0,0|1000447,-16149,1384,0,0,0|976816,15325,-212306,0,0,0]
[2160184975:-968265,-18034,-245364,0,0,0|1000938,-16638,1876,0,0,0|976816,15325,-211815,0,0,0]
[2160189975:-968265,-18524,-244380,0,0,0|1000447,-16149,2367,0,0,0|976816,15815,-210831,0,0,0]
[2160194975:-968265,-18524,-243887,0,0,0|999957,-16149,2859,0,0,0|976816,15325,-210340,0,0,0]
[2160199975:-968265,-18034,-243395,0,0,0|999957,-15660,2859,0,0,0|976816,15325,-210831,0,2,0]
[2160204975:-968265,-18524,-242903,0,0,0|999957,-15660,2859,0,0,0|976816,15815,-210831,0,1,0]
[2160209975:-968265,-19014,-243395,0,0,0|999957,-15170,3351,0,0,0|976325,16305,-210831,0,0,0]
[2160214975:-968265,-19504,-243395,0,0,0|999957,-15170,3351,0,0,0|976325,16305,-210340,0,-1,0]
[2160219975:-968265,-19993,-242903,0,0,0|999957,-14681,3842,0,0,0|976816,16795,-209356,0,-1,0]
[2160224975:-967283,-20483,-242903,0,0,0|999467,-14191,3842,0,0,0|976325,16795,-208864,0,0,0]
[2160229975:-966792,-21463,-242410,0,0,0|998486,-14191,3842,0,0,0|974855,17286,-209356,0,1,0]
[2160234975:-966792,-21463,-242903,0,0,0|998486,-14191,4826,0,0,0|974365,17776,-209848,0,0,0]
[2160239975:-967283,-21463,-242903,0,0,0|998486,-14191,5317,0,0,0|974365,17286,-210340,0,-1,0]
[2160244975:-967283,-20973,-243887,0,0,0|998486,-14191,5317,0,0,0|974855,17776,-209848,0,-3,0]
[2160249975:-967774,-20973,-243887,0,0,0|998486,-14191,5317,0,0,0|975835,17776,-209356,0,-2,0]
[2160254975:-968265,-20973,-243887,0,0,0|998977,-14681,5317,0,0,0|975835,17776,-209848,0,0,0]
[2160259975:-968265,-20483,-243887,0,0,0|999467,-14681,4826,0,0,0|976325,17286,-210831,0,0,0]
[2160264975:-968265,-19993,-243887,0,0,0|1000447,-15170,3842,0,0,0|976325,17286,-211323,0,-2,0]
[2160269975:-968756,-19504,-244872,0,0,0|1000938,-14681,2367,0,0,0|976816,16795,-211815,0,-3,0]
[2160274975:-969248,-19504,-244872,0,0,0|1000938,-14681,892,0,0,0|977306,16795,-211815,0,-2,0]
[2160279975:-969248,-19014,-244872,0,0,0|1000938,-15170,-582,0,0,0|977796,16795,-211815,0,0,0]
[2160284975:-969248,-19014,-244872,0,0,0|1000938,-15170,-1074,0,0,0|978286,16305,-211815,0,0,0]
[2160289975:-969248,-19014,-244872,0,0,0|1000938,-15170,-1565,0,0,0|978286,15815,-212306,0,0,0]
[2160294975:-968756,-19014,-245856,0,0,0|1000938,-15170,-1565,0,0,0|977306,15815,-213290,0,0,0]
[2160299975:-968265,-19014,-245856,0,0,0|1000938,-15170,-1074,0,0,0|976816,16305,-212798,0,2,0]
[2160304975:-968265,-19014,-245364,0,0,0|999957,-15660,-90,0,0,0|976325,16305,-212306,0,1,0]
[2160309975:-968265,-19504,-244380,0,0,0|999467,-15660,892,0,0,0|976325,16795,-211323,0,0,0]
[2160314975:-968265,-19993,-243887,0,0,0|998977,-15660,1876,0,0,0|976325,16795,-210340,0,0,0]
[2160319975:-967774,-19993,-243395,0,0,0|998977,-15660,2859,0,0,0|976325,17286,-209848,0,1,0]
[2160324975:-967774,-20483,-242903,0,0,0|998977,-15170,4334,0,0,0|975345,17286,-210340,0,2,0]
[2160329975:-967283,-20483,-242903,0,0,0|998977,-15170,5317,0,0,0|974855,17286,-209848,0,0,0]
[2160334975:-966792,-20483,-242903,0,0,0|998977,-14681,6301,0,0,0|974855,17286,-209356,0,-1,0]
[2160339975:-966792,-20483,-242903,0,0,0|998486,-14191,6792,0,0,0|975835,17286,-208864,0,-2,0]
[2160344975:-967283,-20483,-242410,0,0,0|998977,-14191,6301,0,0,0|976325,17286,-208864,0,0,0]
[2160349975:-967774,-20483,-241918,0,0,0|999467,-14191,6301,0,0,0|976325,17286,-208864,0,0,0]
[2160354975:-968265,-20483,-242410,0,0,0|999467,-14191,5809,0,0,0|976816,16795,-209356,0,-1,0]
[2160359975:-968265,-19993,-242903,0,0,0|999467,-14191,5317,0,0,0|976816,17286,-209848,0,-2,0]
[2160364975:-968265,-20483,-243395,0,0,0|999467,-14681,4334,0,0,0|976816,17286,-209848,0,-2,0]
[2160369975:-967774,-20483,-244380,0,0,0|999957,-14681,3842,0,0,0|976816,17776,-210340,0,0,0]
[2160374975:-967774,-20483,-243887,0,0,0|999957,-14681,3351,0,0,0|976325,17286,-210340,0,-1,0]
[2160379975:-968265,-19993,-243887,0,0,0|999957,-15170,2367,0,0,0|976816,17286,-210831,0,-2,0]
[2160384975:-968265,-19504,-244380,0,0,0|999957,-15170,1876,0,0,0|976816,16795,-211323,0,-1,0]
[2160389975:-968265,-19504,-245364,0,0,0|999957,-15660,892,0,0,0|976325,16305,-211815,0,0,0]
[2160394975:-968265,-19014,-245364,0,0,0|999957,-15170,892,0,0,0|976325,15815,-212306,0,0,0]
[2160399975:-968265,-19014,-244872,0,0,0|999957,-15170,400,0,0,0|976325,15815,-212306,0,0,0]
[2160404975:-968265,-18524,-244872,0,0,0|999957,-15660,-90,0,0,0|976816,15325,-212306,0,-1,0]
[2160409975:-968756,-18524,-245856,0,0,0|999957,-15660,-582,0,0,0|977306,14835,-212306,0,0,0]
[2160414975:-968756,-18034,-245856,0,0,0|1000447,-15660,-1074,0,0,0|977306,14835,-212798,0,0,0]
[2160419975:-968265,-18034,-246349,0,0,0|1000447,-15660,-1074,0,0,0|976816,14835,-212798,0,2,0]
[2160424975:-968265,-18034,-245856,0,0,0|1000447,-15660,-1074,0,0,0|976325,15325,-212798,0,0,0]
[2160429975:-967774,-18524,-245364,0,0,0|1000447,-15660,-582,0,0,0|976816,15815,-212306,0,-1,0]
[2160434975:-967774,-19014,-244872,0,0,0|999957,-15660,400,0,0,0|976816,16305,-211323,0,-1,0]
[2160439975:-967774,-19504,-244380,0,0,0|999467,-15170,1384,0,0,0|976816,16305,-210340,0,0,0]
[2160444975:-967774,-19993,-243887,0,0,0|999467,-15170,2367,0,0,0|976325,16305,-210340,0,2,0]
[2160449975:-967774,-20483,-243395,0,0,0|998977,-14681,3351,0,0,0|975835,16305,-210340,0,1,0]
[2160454975:-967774,-20483,-242903,0,0,0|998977,-14681,4826,0,0,0|975835,16795,-209356,0,0,0]
[2160459975:-966792,-20973,-242903,0,0,0|998977,-14191,5809,0,0,0|975345,17286,-208864,0,0,0]
[2160464975:-966301,-21463,-242903,0,0,0|998486,-14191,6792,0,0,0|975345,17286,-208373,0,0,0]
[2160469975:-966792,-21463,-241918,0,0,0|998486,-14191,7776,0,0,0|974855,17286,-207881,0,0,0]
[2160474975:-966792,-20973,-241918,0,0,0|998486,-14191,7776,0,0,0|975345,17286,-207881,0,0,0]
[2160479975:-967283,-20483,-242410,0,0,0|998977,-14191,7284,0,0,0|975835,17286,-207881,0,-1,0]
[2160484975:-967774,-20483,-242903,0,0,0|999467,-14191,6301,0,0,0|976325,17286,-208373,0,-1,0]
[2160489975:-968265,-20483,-243395,0,0,0|999957,-13702,5809,0,0,0|976816,17286,-209356,0,0,0]
[2160494975:-968265,-20483,-243887,0,0,0|999957,-13702,4826,0,0,0|976325,17776,-210340,0,0,0]
[2160499975:-968265,-20483,-243887,0,0,0|999957,-13702,3842,0,0,0|975835,17286,-210831,0,-1,0]
[2160504975:-968265,-19993,-243887,0,0,0|999957,-13702,2859,0,0,0|976325,17286,-211323,0,-1,0]
[2160509975:-968756,-19993,-244872,0,0,0|999957,-14681,1384,0,0,0|976325,17286,-211815,0,-1,0]
[2160514975:-968756,-19993,-245364,0,0,0|999957,-15170,400,0,0,0|976816,16795,-212306,0,0,0]
[2160519975:-968756,-19504,-245364,0,0,0|999957,-15660,-90,0,0,0|976816,16305,-212798,0,0,0]
[2160524975:-968756,-19504,-245364,0,0,0|999957,-15660,-582,0,0,0|976816,15815,-212798,0,0,0]
[2160529975:-968265,-19014,-245856,0,0,0|1000447,-15660,-582,0,0,0|977306,15325,-212306,0,0,0]
[2160534975:-968265,-18524,-246349,0,0,0|1000447,-15660,-582,0,0,0|977306,15325,-212306,0,0,0]
[2160539975:-968265,-18034,-245856,0,0,0|1000447,-15660,-90,0,0,0|976816,15325,-212306,0,0,0]
[2160544975:-968265,-18034,-245364,0,0,0|1000447,-15660,400,0,0,0|976325,15325,-212306,0,1,0]
[2160549975:-968265,-18034,-244872,0,0,0|1000447,-16149,892,0,0,0|976816,14835,-211815,0,0,0]
[2160554975:-968265,-18034,-244380,0,0,0|1000447,-16149,1384,0,0,0|976816,15325,-211815,0,0,0]
[2160559975:-968756,-18034,-244380,0,0,0|1000447,-16149,1876,0,0,0|977306,15325,-211323,0,0,0]
[2160564975:-968756,-18524,-244380,0,0,0|1000447,-15660,2367,0,0,0|976816,15325,-210340,0,0,0]
[2160569975:-968756,-19014,-243887,0,0,0|999957,-15170,2859,0,0,0|976325,15325,-210340,0,0,0]
[2160574975:-968756,-19504,-243395,0,0,0|999467,-14681,3842,0,0,0|976325,16305,-209848,0,0,0]
[2160579975:-968756,-19504,-243395,0,0,0|998977,-14681,4334,0,0,0|976816,16795,-209848,1,0,0]
[2160584975:-968265,-19993,-243395,0,0,0|998977,-14191,4334,0,0,0|976325,17776,-209848,1,0,0]
[2160589975:-968265,-20483,-243395,0,0,0|999467,-14191,4334,0,0,0|975835,17776,-209848,1,1,0]
[2160594975:-968265,-20973,-243395,0,0,0|998977,-13702,4826,0,0,0|975345,17776,-209356,0,0,0]
[2160599975:-967774,-21463,-243395,0,0,0|998977,-13702,4334,0,0,0|975345,17776,-209356,0,-1,0]
[2160604975:-967774,-21463,-243887,0,0,0|998977,-13702,4334,0,0,0|975345,17776,-209848,0,-1,0]
[2160609975:-967774,-21463,-244380,0,0,0|998977,-14191,3842,0,0,0|975835,17776,-210340,0,0,0]
[2160614975:-967774,-21463,-244380,0,0,0|998977,-14191,3351,0,0,0|975835,17776,-210831,0,0,0]
[2160619975:-968265,-21463,-243887,0,0,0|999467,-14191,2859,0,0,0|976325,17776,-210831,0,-1,0]
[2160624975:-968265,-20973,-243887,0,0,0|999957,-14681,2367,0,0,0|976816,16795,-210831,0,-2,0]
[2160629975:-968265,-19993,-244380,0,0,0|1000447,-14681,1876,0,0,0|977796,16795,-211323,0,0,0]
[2160634975:-968756,-19504,-243887,0,0,0|1000938,-14681,1384,0,0,0|978286,16305,-211815,0,0,0]
[2160639975:-968756,-19014,-244872,0,0,0|1000938,-14681,892,0,0,0|978286,16305,-212306,0,0,0]
[2160644975:-968756,-19014,-244872,0,0,0|1000938,-14681,400,0,0,0|977796,15815,-212306,0,-1,0]
[2160649975:-968756,-19014,-245364,0,0,0|1000447,-15170,-90,0,0,0|977306,15815,-212306,0,0,0]
[2160654975:-968265,-19014,-245364,0,0,0|999957,-15170,-90,0,0,0|976816,15815,-211815,0,0,0]
[2160659975:-968265,-19504,-244872,0,0,0|999467,-15170,-90,0,0,0|976325,15815,-211323,0,0,0]
[2160664975:-967774,-19504,-244380,0,0,0|999467,-15170,892,0,0,0|975835,16305,-211323,0,0,0]
[2160669975:-967774,-19504,-244380,0,0,0|999467,-14681,1384,0,0,0|975835,16305,-211323,0,0,0]
[2160674975:-967283,-19504,-244872,0,0,0|998977,-15170,1876,0,0,0|975345,16305,-210831,0,0,0]
[2160679975:-966792,-19504,-244872,0,0,0|999467,-15170,2859,0,0,0|975345,16305,-210340,0,0,0]
[2160684975:-966792,-19993,-244380,0,0,0|999467,-15170,3351,0,0,0|975835,16305,-210340,0,0,0]
[2160689975:-967283,-19993,-243887,0,0,0|999467,-15660,4334,0,0,0|976325,16305,-209848,0,0,0]
[2160694975:-967774,-19993,-243395,0,0,0|999957,-15170,4826,0,0,0|976816,16305,-209356,0,0,0]
[2160699975:-968265,-19504,-243395,0,0,0|999957,-15170,4826,0,0,0|977306,16305,-209848,0,0,0]
[2160704975:-968756,-19504,-242903,0,0,0|1000447,-15170,4826,0,0,0|977306,16305,-209848,0,0,0]
[2160709975:-969248,-19504,-242903,0,0,0|1000447,-15170,4826,0,0,0|977306,16795,-209848,0,0,0]
[2160714975:-968756,-19504,-243395,0,0,0|1000447,-15170,4334,0,0,0|976816,16795,-209848,1,-1,0]
[2160719975:-968265,-19993,-243887,0,0,0|999957,-15170,3842,0,0,0|977306,16795,-209848,1,0,0]
[2160724975:-968265,-19993,-243395,0,0,0|999957,-14681,3351,0,0,0|976816,16795,-210340,0,1,0]
[2160729975:-967774,-19993,-243887,0,0,0|999957,-14681,2367,0,0,0|976325,17286,-210831,0,0,0]
[2160734975:-967774,-19993,-243887,0,0,0|999957,-14681,1876,0,0,0|975835,17286,-211323,0,-2,0]
[2160739975:-968265,-20483,-243887,0,0,0|999957,-14191,1384,0,0,0|975835,17286,-211815,0,-1,0]
[2160744975:-968265,-20483,-244380,0,0,0|999957,-14191,892,0,0,0|976325,17286,-211815,0,0,0]
[2160749975:-968265,-19993,-244872,0,0,0|999957,-14681,892,0,0,0|976325,16795,-211815,0,0,0]
[2160754975:-967774,-19993,-245364,0,0,0|999957,-15170,400,0,0,0|975835,16305,-212306,0,0,0]
[2160759975:-968265,-19504,-244872,0,0,0|999957,-15170,400,0,0,0|975835,15815,-212306,0,-1,0]
[2160764975:-968265,-19014,-244872,0,0,0|999957,-15170,892,0,0,0|975835,15815,-211815,0,0,0]
[2160769975:-968265,-19014,-245364,0,0,0|999467,-15170,1384,0,0,0|976325,16305,-211323,0,0,0]
[2160774975:-968265,-19504,-244872,0,0,0|999957,-15170,1876,0,0,0|976325,15815,-211323,0,2,0]
[2160779975:-968265,-19504,-244380,0,0,0|999957,-15660,2367,0,0,0|976325,15815,-210831,1,1,0]
[2160784975:-968265,-19504,-244872,0,0,0|999957,-15660,2859,0,0,0|976325,15815,-210340,0,0,0]
[2160789975:-968265,-19504,-244872,0,0,0|999957,-15170,2859,0,0,0|976816,16305,-210340,0,0,0]
[2160794975:-968265,-19504,-244872,0,0,0|999467,-15170,2859,0,0,0|976816,16305,-210831,0,0,0]
[2160799975:-968265,-19504,-244380,0,0,0|999467,-15170,3351,0,0,0|976325,16305,-210340,0,0,0]
[2160804975:-968265,-19504,-243887,0,0,0|998977,-14681,3351,0,0,0|975835,16305,-210340,0,-1,0]
[2160809975:-968265,-19504,-242903,0,0,0|998486,-14681,3351,0,0,0|975835,16305,-209848,0,0,0]
[2160814975:-968265,-19504,-242903,0,0,0|998977,-14681,3842,0,0,0|976325,16305,-209848,0,0,0]
[2160819975:-967774,-19993,-243395,0,0,0|999467,-14681,3842,0,0,0|976325,16795,-209848,0,0,0]
[2160824975:-967774,-19993,-243395,0,0,0|999467,-14681,3842,0,0,0|976325,17286,-209848,0,0,0]
[2160829975:-967774,-19993,-243395,0,0,0|999957,-14681,3842,0,0,0|975835,17286,-210340,0,-1,0]
[2160834975:-967774,-19993,-243395,0,0,0|999957,-14681,3351,0,0,0|975835,16795,-209848,0,-1,0]
[2160839975:-968265,-19993,-243887,0,0,0|999957,-15170,2859,0,0,0|976325,16795,-209848,0,0,0]
[2160844975:-968265,-19993,-243887,0,0,0|999957,-15170,2367,0,0,0|976816,16305,-210340,0,0,0]
[2160849975:-968756,-19504,-243395,0,0,0|999957,-14681,2367,0,0,0|976816,16305,-210831,0,0,0]
[2160854975:-968756,-19504,-243395,0,0,0|999957,-14681,2367,0,0,0|976816,16305,-210831,0,-2,0]
[2160859975:-968265,-19014,-243395,0,0,0|999957,-14681,2367,0,0,0|976816,16305,-211323,0,-2,0]
[2160864975:-968265,-19014,-243887,0,0,0|1000447,-14681,1876,0,0,0|976816,16305,-211323,0,0,0]
[2160869975:-968265,-19014,-244380,0,0,0|1000447,-14191,1384,0,0,0|976816,16305,-211323,0,0,0]
[2160874975:-968265,-19014,-244872,0,0,0|1000447,-14191,892,0,0,0|976816,16305,-211815,0,0,0]
[2160879975:-968265,-19504,-245364,0,0,0|1000447,-14681,400,0,0,0|976816,16305,-212306,0,-1,0]
[2160884975:-968265,-19504,-245364,0,0,0|999957,-14681,400,0,0,0|976325,16305,-212306,1,0,0]
[2160889975:-968265,-19504,-245364,0,0,0|999957,-15170,400,0,0,0|976325,16305,-212306,1,0,0]
[2160894975:-968265,-19504,-245364,0,0,0|999957,-15660,892,0,0,0|976325,16305,-212306,0,0,0]
[2160899975:-968265,-19504,-245364,0,0,0|999957,-15660,1384,0,0,0|976325,16795,-211815,0,0,0]
[2160904975:-968265,-19504,-244872,0,0,0|999957,-15660,1384,0,0,0|976325,16305,-211323,0,0,0]
[2160909975:-968265,-19504,-244872,0,0,0|999957,-15170,1876,0,0,0|976325,16795,-210340,0,0,0]
[2160914975:-968265,-19504,-244872,0,0,0|999467,-14681,2367,0,0,0|976816,16795,-209848,0,0,0]
[2160919975:-968265,-19504,-244872,0,0,0|999467,-14681,2859,0,0,0|976816,16795,-209356,0,1,0]
[2160924975:-968265,-19993,-244380,0,0,0|999467,-14681,3351,0,0,0|976325,16795,-209356,0,0,0]
[2160929975:-967774,-19993,-243887,0,0,0|999467,-14681,3842,0,0,0|975835,16795,-209356,0,-1,0]
[2160934975:-967774,-19993,-243395,0,0,0|999467,-14681,4334,0,0,0|975835,17286,-209356,0,0,0]
[2160939975:-967774,-19993,-242903,0,0,0|998977,-14681,4826,0,0,0|976325,17286,-209356,0,0,0]
[2160944975:-967774,-19993,-242903,0,0,0|999467,-14681,5317,0,0,0|975835,17286,-209356,0,0,0]
[2160949975:-967774,-20483,-242903,0,0,0|999467,-14191,5317,0,0,0|975835,17776,-209848,0,0,0]
[2160954975:-967774,-20483,-243395,0,0,0|999467,-14191,5809,0,0,0|975345,17776,-209848,0,-1,0]
[2160959975:-967774,-20483,-243395,0,0,0|999467,-13702,5317,0,0,0|974855,17776,-210340,0,-3,0]
[2160964975:-967774,-19993,-243395,0,0,0|999467,-13702,4826,0,0,0|973874,17286,-211815,0,-11,0]
[2160969975:-968265,-19993,-243887,0,0,0|999467,-14191,3842,0,0,0|975835,17286,-211323,0,-7,0]
[2160974975:-968265,-19993,-244380,0,0,0|999467,-14191,2367,0,0,0|978286,17286,-209848,0,2,0]
[2160979975:-968265,-19993,-244872,0,0,0|999957,-14191,892,0,0,0|979267,17286,-208373,0,8,0]
[2160984975:-968756,-19993,-244380,0,0,0|1000447,-14681,-90,0,0,0|977306,16305,-209848,1,4,0]
[2160989975:-969248,-19504,-243395,0,0,0|1000447,-15170,-582,0,0,0|974855,16305,-213782,0,-8,0]
[2160994975:-968756,-19504,-244872,0,0,0|1000938,-15170,-1074,0,0,0|975835,16305,-214273,0,-6,0]
[2160999975:-967774,-19504,-247333,0,0,0|1000447,-15660,-1074,0,0,0|977306,16305,-214273,0,1,0]
[2161004975:-967283,-19014,-247333,0,0,0|1000447,-15660,-582,0,0,0|977796,15815,-212306,0,3,0]
[2161009975:-968265,-18524,-244872,0,0,0|999957,-16149,892,0,0,0|977796,15815,-210340,0,3,0]
[2161014975:-968756,-19014,-242903,0,0,0|999957,-16149,1384,0,0,0|976325,16305,-210831,0,-1,0]
[2161019975:-968265,-19504,-243887,0,0,0|999957,-16149,1384,0,0,0|976816,16305,-211815,0,0,0]
[2161024975:-967774,-19014,-246349,0,0,0|999957,-15660,1876,0,0,0|976325,15815,-212798,0,4,0]
[2161029975:-967774,-18524,-246349,0,0,0|999957,-15660,2859,0,0,0|975345,15325,-212798,0,-1,0]
[2161034975:-967774,-18524,-244380,0,0,0|999957,-15660,3351,0,0,0|975835,15325,-210340,1,-4,0]
[2161039975:-968265,-19014,-242410,0,0,0|999957,-15660,3351,0,0,0|976325,15325,-209356,1,0,0]
[2161044975:-968265,-19504,-242410,0,0,0|999957,-15660,3351,0,0,0|977306,15815,-208864,0,3,0]
[2161049975:-967774,-19504,-243887,0,0,0|999957,-15660,3351,0,0,0|976816,16305,-209356,0,6,0]
[2161054975:-967283,-19014,-244380,0,0,0|999467,-15660,3842,0,0,0|974855,16305,-210831,0,-1,0]
[2161059975:-967283,-19504,-242903,0,0,0|999467,-15170,4334,0,0,0|975345,16305,-210831,0,-6,0]
[2161064975:-967774,-20483,-241918,0,0,0|999467,-15170,4334,0,0,0|976325,16795,-209848,1,-2,0]
[2161069975:-967774,-20483,-242410,0,0,0|999957,-15170,4334,0,0,0|977306,16795,-209356,0,1,0]
[2161074975:-967774,-19993,-243395,0,0,0|999957,-15170,3842,0,0,0|978286,16305,-208864,0,4,0]
[2161079975:-967774,-19504,-243395,0,0,0|999957,-14681,3842,0,0,0|976325,16795,-209848,0,1,0]
[2161084975:-968265,-19993,-243395,0,0,0|999467,-14681,3842,0,0,0|975345,16795,-210831,0,-4,0]
[2161089975:-969248,-20973,-241426,0,0,0|999467,-14191,2367,0,0,0|986129,11895,-198538,13,51,5]
[2161094975:-983490,-24891,-225672,11,-32,0|1002409,-15660,-3532,0,0,0|1084167,8465,-171986,36,481,34]
[2161099975:-1251645,-109124,82998,263,-896,-12|1006821,-13702,-22707,-1,-13,0|1307202,11405,-23980,-53,1685,98]
[2161104975:-1761926,-130672,737754,831,-3915,-70|1005350,-12723,-10415,-1,-75,0|1632687,30027,249904,-120,3576,136]
[2161109975:-2036466,-41052,1158176,333,-6299,-43|996035,-17617,27443,0,-102,-7|2297382,-439438,768170,-71,7816,238]
[2161114975:-2019768,4492,1180330,-6,-7464,-147|990641,-14681,42685,-2,-29,1|2213070,-259100,763745,-71,8149,233]
[2161119975:-1882252,44650,1011964,-301,-7709,-161|989170,-8318,15643,-34,74,5|2011603,-116497,589186,43,8759,199]
[2161124975:-1773222,30938,713631,-88,-8513,-28|994564,-12723,-35983,-26,112,1|1751313,-3786,95505,39,9315,203]
[2161129975:-1631287,10859,242010,30,-9063,2|997015,-15170,-58600,10,58,0|1447886,62370,-288522,-86,9390,235]
[2161134975:-1450552,-67987,-224688,142,-9003,-102|999467,-15170,-30574,30,-8,-1|1159166,78051,-457180,-155,8874,240]
[2161139975:-1236912,-132142,-480683,269,-8395,-238|1004370,-15660,19084,24,-1,0|962600,60900,-414893,-77,8219,207]
[2161144975:-1090556,-121368,-491513,360,-7811,-258|1006821,-19575,50060,26,45,-1|880739,17776,-332285,-13,7731,218]
[2161149975:-1074349,-83658,-393546,379,-7569,-209|1011234,-18107,47602,4,53,2|880739,19246,-289014,-14,7383,220]
[2161154975:-1229545,-74843,-194165,565,-8067,-131|1013195,-17128,35310,-26,-1,4|935640,39338,-246235,-90,7153,187]
[2161159975:-1245752,15756,-99644,401,-8343,-72|1006821,-16149,41210,-33,-70,-3|895935,46688,-177395,-184,6751,151]
[2161164975:-1100378,95582,-78475,-111,-7643,-88|994564,-11744,46127,-6,-69,-5|807701,-7706,-51024,-90,6133,165]
[2161169975:-1029656,39753,19491,-178,-7128,-145|977894,-10276,31376,0,-25,3|704761,-31228,3063,15,5428,191]
[2161174975:-973177,-2853,7676,160,-7032,-109|978874,-16149,-7465,-4,24,13|595939,-4276,-90853,43,4494,172]
[2161179975:-850886,-24891,-183335,57,-6326,-103|990151,-18107,-36966,-5,14,0|483686,26596,-204439,14,3252,104]
[2161184975:-585678,-30278,-538281,-26,-4918,-93|1000447,-14191,-42375,16,-9,-14|372414,27086,-289014,13,1924,48]
[2161189975:-303280,-15096,-823322,7,-2925,-42|1003389,-13212,-34016,8,-1,-11|281729,11895,-336710,25,410,-4]
[2161194975:-210457,-894,-830214,67,-1379,3|1007802,-14681,-25166,5,16,3|348885,10425,-273279,-5,-642,-36]
[2161199975:-280197,-8240,-654956,68,-521,6|1009763,-16638,-15824,17,2,10|530744,16305,-73643,-8,-915,-18]
[2161204975:-406416,-31257,-425545,51,61,5|1010253,-18107,-2057,6,-24,0|725839,13365,152544,5,-844,-8]
[2161209975:-526742,-47908,-188750,139,541,22|1008783,-19086,2859,2,-29,-7|920934,5524,368407,-10,-572,-13]
[2161214975:-676045,-28809,72167,225,767,81|1008783,-16149,-1074,-7,-20,-3|1054755,-3786,526739,-17,-144,-6]
[2161219975:-824856,-28319,305024,226,686,96|1008783,-15660,-8940,-35,-9,3|1093971,3074,563125,-31,113,-9]
[2161224975:-940271,-47908,477821,188,527,12|1000447,-16149,-19266,-32,0,4|1072402,9445,509529,-17,212,-5]
[2161229975:-1020325,-32726,610741,84,290,-21|990641,-13212,-24674,-4,2,-4|992992,3074,422987,-1,129,1]
[2161234975:-1042917,-2363,676709,-31,-16,0|987700,-11255,-19266,15,6,-6|923875,-12606,379716,1,-39,6]
[2161239975:-998224,2043,640771,-53,-112,16|992603,-13702,-8940,22,23,2|890543,-13586,369390,17,-101,14]
[2161244975:-955005,-13627,555111,-22,-66,9|1001918,-14191,1384,23,39,6|892013,4544,359556,12,-117,0]
[2161249975:-925537,-36644,446806,2,11,-1|1007312,-15170,12201,11,34,1|921424,14835,360048,-5,-64,-10]
[2161254975:-914732,-41542,373453,16,74,-6|1008292,-16149,26951,-7,12,-1|936620,9445,361523,-13,-15,-7]
[2161259975:-905892,-33216,373453,9,67,-2|1003389,-13702,40718,-14,-5,0|936620,-2315,380208,-5,-16,2]
[2161264975:-892141,-28809,406930,11,46,0|996525,-11255,45635,1,-7,3|925346,-3786,392992,12,-9,8]
[2161269975:-898525,-32726,436467,6,5,2|990641,-12234,39243,5,-3,5|913581,2094,385617,12,-32,5]
[2161274975:-903437,-37624,420714,0,-20,0|990151,-14191,25476,0,-8,3|914562,10915,372340,5,-36,0]
[2161279975:-903437,-37624,420714,-4,-5,0|990151,-14191,12201,-5,-16,-2|910640,15815,366932,-3,-46,-4]
[2161284975:-891650,-35665,413329,1,22,-4|990151,-14191,3842,-9,-16,-5|913091,10915,375782,-3,-50,-6]
[2161289975:-894105,-26360,432529,11,49,-6|991132,-14191,400,-7,-6,-3|923875,1114,385617,3,-11,-1]
[2161294975:-906874,-24401,438929,4,25,0|994564,-13702,-582,1,0,-1|929758,-2805,382666,7,7,5]
[2161299975:-919644,-28319,428591,-6,-9,2|1001428,-14681,-2549,6,1,0|935150,2584,372340,4,4,4]
[2161304975:-919644,-30278,404960,-14,-29,1|1007802,-15660,-2549,3,-3,0|937601,5524,362014,2,-14,0]
[2161309975:-917679,-28319,394622,-4,3,0|1010744,-15170,-2549,-8,-11,0|942012,3074,365456,-4,-14,-3]
[2161314975:-912277,-26360,403976,8,33,-1|1008783,-14681,-1565,-11,-8,2|941522,-1825,372340,-6,-3,-2]
[2161319975:-913259,-26360,427606,12,40,-2|1003880,-15170,-2057,0,-3,2|938091,-3295,374307,1,6,3]
[2161324975:-915715,-26850,434991,3,12,0|999957,-15170,-5007,7,0,0|931228,-355,368407,8,-3,4]
[2161329975:-914732,-27339,422191,-8,-23,2|997996,-14681,-9924,3,-1,0|932208,2094,364965,5,3,3]
[2161334975:-910804,-31257,402991,-10,-27,2|998486,-16149,-13857,-1,0,0|932208,4544,361523,-1,6,0]
[2161339975:-909821,-36644,394130,-1,1,0|999467,-16638,-15824,-3,2,-1|930738,7485,361031,-3,5,-1]
[2161344975:-914241,-34685,401514,9,28,-3|1000447,-15660,-15332,-6,4,-2|930738,8465,360048,-2,-4,-2]
[2161349975:-916697,-27829,415791,7,21,-4|1001428,-15170,-12382,-1,4,-2|934659,4054,362014,-2,3,-2]
[2161354975:-913750,-23421,425637,-3,-5,0|1001428,-14681,-6974,4,6,0|933679,-845,364965,0,5,1]
[2161359975:-907366,-26360,422683,-8,-20,4|1001428,-14191,-1565,5,9,2|931228,-1825,370374,3,2,4]
[2161364975:-906383,-29788,416776,-4,-11,3|1000938,-14681,3842,4,8,1|930248,2094,372340,2,3,2]
[2161369975:-907366,-31257,415791,0,6,0|1001428,-15660,9251,0,5,0|928287,4544,375291,-3,5,0]
[2161374975:-907366,-29788,422191,0,6,0|1000938,-14681,15151,-2,3,0|925346,3074,377749,-1,0,1]
[2161379975:-905401,-28319,426129,0,1,0|999957,-14191,18593,-1,1,2|924856,624,379716,3,-1,2]
[2161384975:-904419,-29298,422683,0,-6,1|998486,-14681,19084,1,-1,1|924365,1114,376766,3,1,2]
[2161389975:-904419,-31747,415299,0,-3,1|996525,-15170,16134,0,-5,0|922895,3564,369882,1,-4,2]
[2161394975:-904419,-33706,409391,0,0,0|995544,-15170,11217,-2,-8,0|921424,6504,364473,0,-15,0]
[2161399975:-904419,-33706,411853,1,10,-1|995544,-15660,6792,-3,-8,0|918973,7975,365948,-2,-26,-2]
[2161404975:-901472,-32237,421699,2,11,-2|995054,-16149,3351,-5,-3,-1|918483,5034,374307,-2,-29,-2]
[2161409975:-900490,-29788,432529,2,9,-1|995054,-15170,2859,0,2,-1|920934,1604,379716,1,-18,0]
[2161414975:-902454,-27339,433021,0,0,0|995054,-15170,3842,4,4,0|923875,134,378241,3,-14,2]
[2161419975:-906383,-26850,425145,-5,-9,0|997996,-15660,4826,5,0,0|928777,134,374799,3,-8,2]
[2161424975:-909330,-27829,413822,-7,-9,1|1001428,-15660,6301,2,-3,0|931718,624,369882,2,-13,1]
[2161429975:-913259,-29298,406930,-3,2,1|1004860,-16149,7284,-1,-6,0|932699,1114,366932,0,-23,0]
[2161434975:-916206,-29298,406437,3,12,-1|1005841,-17128,6792,-7,-8,0|934659,1604,366440,1,-23,0]
[2161439975:-916206,-29298,409883,6,11,-2|1004370,-16638,3351,-7,-9,0|936130,2094,364965,3,-15,0]
[2161444975:-913750,-28319,412345,3,4,-1|1001428,-15660,-2549,-3,-8,0|937110,2584,365456,2,-4,1]
[2161449975:-909330,-28319,412345,0,-1,0|998486,-15170,-7957,-1,-5,0|934169,2584,364473,0,0,1]
[2161454975:-907366,-29788,413822,-1,2,0|997015,-14681,-12382,0,0,0|931718,4054,365948,0,2,1]
[2161459975:-906874,-32726,419237,-1,5,0|996525,-14681,-12874,1,4,-1|928777,6504,369390,-1,4,0]
[2161464975:-908348,-32237,425145,0,4,-1|997996,-14681,-9924,0,9,-1|928777,6014,373816,0,9,0]
[2161469975:-908839,-29788,426129,-1,-4,0|999467,-14191,-5007,1,10,-1|929267,3564,374307,0,9,0]
[2161474975:-909330,-28319,421206,-3,-11,0|1001428,-13212,1384,3,9,0|931228,2094,370865,1,7,1]
[2161479975:-910804,-29298,411853,-3,-10,1|1002409,-13702,5809,2,3,1|932699,2584,364965,2,2,2]
[2161484975:-912768,-30767,405453,-1,-2,1|1002899,-14191,8759,0,-2,0|933189,4054,361523,1,1,0]
[2161489975:-911786,-32237,405945,1,4,1|1002409,-14191,9742,-3,-6,0|931718,4544,362998,0,-1,0]
[2161494975:-909330,-32726,412837,3,7,0|1000938,-14191,9251,-5,-6,0|929267,4544,368898,-1,-1,0]
[2161499975:-906874,-32237,420222,4,7,-1|999467,-14681,6301,-4,-2,0|926816,4544,373816,0,2,0]
[2161504975:-904910,-31257,425145,2,1,-1|997506,-13702,2859,-1,1,0|925346,4544,374799,1,2,0]
[2161509975:-902945,-30278,425637,0,-2,0|996525,-13702,400,2,4,0|923875,4544,373324,1,1,1]
[2161514975:-902454,-30767,424652,-4,-3,1|996035,-14191,400,4,5,0|922895,4054,373324,0,-2,1]
[2161519975:-902454,-31747,424652,-4,-1,1|997015,-14191,3842,3,5,0|924365,4544,376274,0,2,0]
[2161524975:-904419,-31747,424160,-2,1,0|998486,-14191,8759,1,4,0|924856,4054,378241,0,4,0]
[2161529975:-907366,-30767,421699,0,-1,0|999957,-14681,13676,0,1,0|926816,2584,375782,1,3,1]
[2161534975:-908839,-29788,415299,0,-3,0|1000938,-14681,15643,-1,-4,0|928777,2584,369882,2,-3,1]
[2161539975:-909821,-29788,407914,0,-1,0|1001428,-15170,14168,-2,-9,0|930738,3074,364965,2,-4,0]
[2161544975:-909330,-30278,406437,1,6,0|1000447,-15660,9742,-3,-11,0|930738,3074,363981,1,-5,0]
[2161549975:-908348,-30278,411853,3,12,-1|999467,-16149,4826,-3,-10,0|929267,3074,366440,1,-3,0]
[2161554975:-908348,-30278,419729,3,11,-1|998486,-16149,-1074,-2,-6,0|927797,3074,370865,1,-2,0]
[2161559975:-908348,-29788,424160,1,3,-1|997996,-16149,-6482,-1,-1,-1|928287,3074,372832,1,4,0]
[2161564975:-908348,-28809,422683,-1,-4,0|997996,-16149,-9432,1,2,0|929267,2584,370374,2,2,1]
[2161569975:-908839,-27829,417268,-2,-5,0|999467,-15660,-10415,3,4,0|930738,1604,366932,1,1,1]
[2161574975:-911295,-28319,412837,-3,-1,0|1001428,-15170,-8940,2,3,0|933679,1604,364473,0,0,0]
[2161579975:-914241,-29298,412345,-2,2,0|1002899,-15660,-5499,1,2,0|935150,2094,365456,0,3,0]
[2161584975:-914732,-29788,413822,-1,1,0|1003880,-15660,-1565,-1,1,0|934659,2094,367423,0,2,0]
[2161589975:-914241,-29788,413822,0,-1,0|1003389,-15660,1384,-3,1,0|934169,2094,368898,1,2,0]
[2161594975:-912277,-29298,412837,2,-3,-1|1002409,-15660,2367,-3,0,0|933679,2094,367915,0,3,0]
[2161599975:-909330,-29298,412345,2,0,0|1000938,-15170,1384,-2,0,0|931718,2584,365456,0,1,0]
[2161604975:-906874,-29788,415299,0,2,0|998486,-14681,400,0,0,0|928777,3074,365948,0,0,0]
[2161609975:-904910,-29788,421206,0,3,0|997506,-14681,892,1,2,0|926326,3564,369882,0,0,0]
[2161614975:-903928,-31257,425145,-1,0,0|997015,-14681,2367,1,4,0|924365,3564,375291,0,5,1]
[2161619975:-904419,-31257,425145,-2,-4,0|997506,-14191,4826,1,5,0|923875,3564,377258,1,6,1]
[2161624975:-905892,-30767,420714,-1,-5,0|998486,-14191,7284,0,4,0|925346,3564,373816,2,3,1]
[2161629975:-907366,-29788,414806,0,0,0|999957,-14191,9251,0,0,0|927797,3564,369390,0,0,0]
[2161634975:-908348,-30278,411853,0,0,0|1000447,-14191,10234,-1,-3,0|929267,3074,367423,0,-1,0]
[2161639975:-908348,-30767,413822,0,5,0|1000938,-14681,10726,-2,-4,0|928777,2584,369390,1,-2,0]
[2161644975:-908348,-30767,417760,2,6,-1|1000447,-15660,9251,-2,-4,0|928287,2584,372340,1,0,0]
[2161649975:-907857,-29788,420222,1,-1,0|999467,-15660,6792,-3,-3,0|927797,3074,373324,0,1,0]
[2161654975:-906383,-29788,420222,0,-1,0|998486,-15170,3842,-2,-2,0|926816,3564,371849,0,0,0]
[2161659975:-905401,-29298,418745,-1,2,0|997996,-15660,892,0,0,0|926816,3564,370374,1,-1,0]
[2161664975:-905401,-28809,418745,-1,3,0|997506,-15660,-582,0,0,0|926816,3074,370374,0,-1,0]
[2161669975:-906383,-28809,420714,-1,1,0|997996,-15660,-90,1,1,0|927307,2584,371357,0,1,0]
[2161674975:-908348,-29298,421699,-1,-2,0|998977,-15660,1876,1,1,0|927797,2094,372340,0,2,0]
[2161679975:-909821,-29298,418252,0,-3,0|1000447,-16149,3842,0,0,0|929758,2094,370865,1,1,1]
[2161684975:-911295,-29298,413329,1,0,0|1001428,-15660,4826,-1,-1,0|931228,1604,367423,1,0,0]
[2161689975:-911295,-28809,409883,1,6,0|1001918,-16149,3842,-1,-4,0|932208,1114,364965,1,0,0]
[2161694975:-911295,-29298,410868,2,7,0|1001428,-16149,2367,-1,-6,0|932208,1604,363981,0,-4,0]
[2161699975:-910804,-29298,414806,0,3,0|1000938,-15660,-90,0,-5,0|931228,2094,366440,1,-2,1]
[2161704975:-909821,-29788,419237,0,-2,0|999957,-15170,-2549,0,-1,0|930248,2584,369882,1,1,0]
[2161709975:-908348,-30278,420714,-1,-3,0|998977,-15660,-4515,0,1,0|928777,3564,371849,0,2,1]
[2161714975:-907366,-30767,419237,-1,-1,0|998977,-15170,-5007,0,3,0|928777,4054,370865,0,2,0]
[2161719975:-907857,-30767,417268,-1,0,0|998977,-15170,-5007,0,3,0|929267,4544,368898,0,2,0]
[2161724975:-908348,-30278,416776,-1,0,0|999467,-15170,-3040,1,3,0|929758,4054,367915,0,2,1]
[2161729975:-908839,-30767,417760,-1,-2,0|999957,-14681,892,1,3,0|929758,3564,368407,0,0,0]
[2161734975:-909330,-31257,417268,0,-2,0|1000447,-14681,4334,0,1,0|929758,3564,370374,0,0,0]
[2161739975:-909821,-31257,416283,0,0,0|1000938,-14191,6792,-1,0,0|929758,3564,370374,0,0,0]
[2161744975:-908839,-31747,414806,1,3,0|1001428,-14191,7776,-1,-2,0|929267,3564,369390,0,1,0]
[2161749975:-908348,-30767,415299,1,4,0|1000447,-13702,7776,-1,-2,0|928777,3564,368898,0,-1,0]
[2161754975:-906874,-30278,417760,0,3,0|999467,-13212,6301,0,-3,0|927797,3564,369882,1,-1,0]
[2161759975:-905892,-30767,421206,0,0,0|998486,-13702,5317,0,-1,0|926816,4054,371849,1,0,1]
[2161764975:-905892,-31257,423175,0,-2,0|997996,-13702,3842,0,0,0|926326,4054,373324,2,1,1]
[2161769975:-906874,-30767,421699,0,-1,0|998486,-14681,2367,1,1,0|926816,4054,372832,2,2,1]
[2161774975:-907857,-30278,418252,0,0,0|998977,-14681,1384,0,0,-1|928287,4054,370865,0,3,0]
[2161779975:-908348,-29788,415299,0,2,0|999957,-15170,1876,0,0,0|928777,3564,368898,0,1,0]
[2161784975:-908839,-29298,414806,0,3,0|1000447,-15170,2859,0,-1,0|929267,3074,367915,0,-1,1]
[2161789975:-909330,-28809,415299,0,2,0|1000938,-15170,3842,0,-1,0|929758,2584,368407,1,0,1]
[2161794975:-909330,-29298,416283,0,0,0|1000938,-15170,3842,-1,-2,0|929267,2094,369390,1,0,0]
[2161799975:-908348,-29298,416283,1,0,0|1000938,-15660,3351,-2,-2,0|928777,2094,370374,2,0,0]
[2161804975:-907857,-29788,416283,1,1,0|1000447,-15660,1876,-1,-1,0|928777,2094,369390,1,-1,0]
[2161809975:-907366,-30278,416283,0,2,0|999957,-15660,400,0,0,0|929267,2584,369390,0,0,0]
[2161814975:-906874,-30278,418252,0,1,0|999957,-15660,-90,0,0,0|928777,2584,368898,1,0,0]
[2161819975:-907366,-30278,419237,-1,-1,0|999467,-15660,-582,1,0,0|928287,3074,369390,2,0,0]
[2161824975:-907857,-30278,418745,-1,-1,0|999467,-15660,-90,1,1,0|928777,3074,369882,2,0,0]
[2161829975:-907857,-30767,416776,0,0,0|999957,-15660,892,0,1,0|928777,3564,369882,1,2,0]
[2161834975:-908348,-30767,415299,0,1,0|1000447,-15660,1384,0,0,0|929758,3074,368898,1,0,0]
[2161839975:-908839,-30278,415299,1,1,0|1000938,-15170,2367,0,0,0|929758,3074,368407,0,0,0]
[2161844975:-908839,-29788,416776,0,1,0|1000938,-15170,2859,0,0,0|929758,2584,369390,0,0,0]
[2161849975:-908348,-29788,418745,0,-1,0|1000447,-15170,3842,0,0,0|929267,2094,370374,1,1,0]
[2161854975:-907857,-29788,419237,0,0,0|1000447,-15170,3842,0,0,0|928777,2584,371357,1,0,0]
[2161859975:-908348,-29788,418252,0,0,0|999957,-15170,3351,0,0,0|929267,2584,371357,1,0,0]
[2161864975:-907857,-29788,417268,0,1,0|999957,-15170,2859,0,0,0|928777,2584,370865,0,1,0]
[2161869975:-907857,-29788,417268,0,1,0|999957,-15170,2859,0,0,0|928777,2584,370865,0,0,0]
[2161874975:-907857,-29788,417268,0,0,0|999467,-15170,2859,0,0,0|928287,2584,370374,0,0,0]
[2161879975:-908348,-29788,417268,0,0,0|999467,-15170,2859,0,0,0|928287,2584,370374,1,0,0]
[2161884975:-908348,-29788,416776,0,0,0|999467,-15170,2859,0,-1,0|928287,2094,369882,1,0,0]
[2161889975:-908348,-29788,415791,0,1,0|999957,-15660,2859,0,-1,0|928777,2094,369390,1,0,0]
[2161894975:-908839,-29788,415299,0,2,0|999957,-15660,2367,0,-1,0|929267,2094,368898,1,0,0]
[2161899975:-909330,-29298,416283,0,1,0|1000447,-15660,1876,0,-1,0|929267,2094,368898,0,0,0]
[2161904975:-909821,-29298,417760,0,0,0|1000447,-15660,1384,0,0,0|929758,1604,369390,1,0,0]
[2161909975:-909330,-28809,417760,0,0,0|1000447,-15660,892,0,0,0|929758,1604,369390,1,0,0]
[2161914975:-909330,-28809,417268,0,-1,0|999957,-16149,400,0,0,0|929758,2094,369390,1,2,0]
[2161919975:-908839,-29788,416283,0,0,0|999957,-16149,-90,0,1,0|929267,2584,369390,0,1,0]
[2161924975:-908839,-29788,415791,0,1,0|999467,-16149,-90,0,1,0|928777,3074,368898,0,0,0]
[2161929975:-908839,-29788,415791,0,1,0|999467,-16149,1384,0,1,0|929267,3074,368898,0,0,0]
[2161934975:-908839,-29298,417268,0,0,0|999467,-16149,2367,0,1,0|929267,3074,369390,0,1,0]
[2161939975:-908839,-29298,417760,0,0,0|999467,-15660,3351,0,1,0|928777,2584,369882,1,1,0]
[2161944975:-908348,-29298,417760,0,0,0|999467,-15170,3351,0,0,0|928777,2584,369882,1,0,0]
[2161949975:-907857,-29788,416776,0,0,0|999957,-15170,3842,0,0,0|928777,3074,369882,0,1,0]
[2161954975:-907366,-30767,416776,0,1,0|999467,-14681,4334,-1,-1,0|927797,3564,369882,0,0,0]
[2161959975:-906874,-30278,417760,0,2,0|998977,-14681,4334,-1,0,0|927307,3564,370374,1,0,0]
[2161964975:-906874,-30278,418252,0,1,0|998977,-14681,4334,0,0,0|927307,3564,370374,1,1,0]
[2161969975:-907366,-30278,418745,0,0,0|998977,-14681,4334,0,0,0|927307,3564,370374,0,2,0]
[2161974975:-907857,-30767,417760,0,0,0|998977,-14681,3842,0,-1,0|927797,4054,369882,1,0,0]
[2161979975:-908348,-30767,416776,0,1,0|998977,-14681,3351,0,0,0|928287,4544,369882,1,0,0]
[2161984975:-908348,-30767,416283,0,1,0|999467,-14681,3351,-1,0,0|928777,4544,370374,0,0,0]
[2161989975:-908348,-31257,417268,0,1,0|999467,-14681,3842,-1,0,0|928777,4544,370865,1,1,0]
[2161994975:-907857,-30767,418252,0,0,0|999467,-14191,3842,-1,-1,0|928287,4054,370374,1,0,0]
[2161999975:-907857,-30278,418252,0,0,0|999467,-14191,3842,0,-1,0|928287,3564,370374,1,0,0]
[2162004975:-907857,-30278,417760,0,0,0|999957,-13702,3842,0,-1,0|928777,3564,370374,0,0,0]
[2162009975:-908348,-30767,417268,0,2,0|1000447,-13702,3351,0,-1,0|929267,3564,370374,0,0,0]
[2162014975:-908348,-30767,417268,0,2,0|1000938,-14191,2859,0,-1,0|929758,3564,370374,0,0,0]
[2162019975:-908839,-30767,417760,0,0,0|1000447,-14191,2367,0,-1,0|929758,3564,369882,0,0,0]
[2162024975:-908348,-30278,418252,0,0,0|999957,-14681,1876,-1,-1,0|929758,3564,369390,0,0,0]
[2162029975:-908348,-30278,417268,-1,1,0|999467,-14681,1384,0,-1,0|929267,3074,368407,1,0,0]
[2162034975:-908348,-29788,416776,0,1,0|998977,-14681,400,0,-1,0|929267,3074,367915,0,0,0]
[2162039975:-908839,-29788,416283,0,1,0|999467,-14681,400,0,0,0|929758,3074,368898,0,1,0]
[2162044975:-908839,-29788,416776,0,0,0|1000447,-14681,400,-1,0,0|929758,3074,369390,0,0,0]
[2162049975:-909330,-29298,417760,0,0,0|1000447,-15170,892,-1,0,0|930248,3074,370374,1,0,0]
[2162054975:-909821,-28809,417760,0,0,0|1000938,-14681,892,0,0,0|930738,2584,369882,0,1,0]
[2162059975:-909821,-28809,417268,0,0,0|1000938,-15170,892,0,0,0|930738,2584,369390,0,1,0]
[2162064975:-909821,-29298,416283,0,1,0|1000447,-15170,892,0,0,0|930248,2584,368407,1,0,0]
[2162069975:-909330,-29298,416283,0,1,0|1000447,-15170,892,0,0,0|930248,3074,368898,0,0,0]
[2162074975:-908839,-29788,416776,0,0,0|999957,-15660,892,0,0,0|929267,3074,369390,0,0,0]
[2162079975:-908348,-29788,417760,0,0,0|999957,-15660,1384,0,0,0|929267,3074,369882,0,1,0]
[2162084975:-907857,-29788,418252,0,0,0|999957,-15660,2367,0,1,0|928777,3074,369882,1,2,0]
[2162089975:-907366,-30278,417760,0,0,0|999957,-15660,2859,0,1,0|928777,3564,369390,0,2,0]
[2162094975:-907366,-30278,416776,0,1,0|999957,-15170,3351,0,0,0|928777,3564,369390,0,1,0]
[2162099975:-907857,-30278,417268,0,1,0|999957,-15170,3351,0,0,0|929267,3074,369390,1,0,0]
[2162104975:-908348,-30278,417760,0,0,0|999957,-14681,3351,0,0,0|929267,3074,369882,1,0,0]
[2162109975:-908348,-30278,418252,0,0,0|999957,-15170,2859,0,0,0|928777,3074,370865,1,1,0]
[2162114975:-907857,-30278,417760,0,0,0|999957,-15170,2859,0,0,0|928287,3074,370374,1,1,0]
[2162119975:-907366,-30278,417268,0,0,0|999467,-15170,2367,0,0,0|928287,3564,369882,1,0,0]
[2162124975:-907857,-29788,416776,0,0,0|999467,-15170,1876,0,0,0|928287,3564,369390,0,0,0]
[2162129975:-907857,-30278,417268,0,0,0|999467,-14681,1876,1,0,0|927797,3564,369882,0,0,0]
[2162134975:-907857,-30278,418252,0,0,0|999467,-15170,2367,0,0,0|927797,3074,370865,0,0,0]
[2162139975:-908348,-30278,418745,0,0,0|999957,-15660,2859,0,0,0|927797,3074,371849,0,0,0]
[2162144975:-908348,-30278,418252,0,0,0|999957,-15660,3351,0,0,0|927797,3074,371357,0,1,0]
[2162149975:-907857,-29788,417760,0,0,0|999957,-15660,3842,0,0,0|927797,2584,370374,0,0,0]
[2162154975:-907857,-29788,417268,0,0,0|999957,-15170,4334,0,0,0|928287,2584,369390,0,0,0]
[2162159975:-907857,-29788,416776,0,1,0|999467,-15170,4826,0,-1,0|928287,2584,369390,0,-1,0]
[2162164975:-907857,-29788,417268,0,1,0|999467,-15170,4826,-1,-1,0|928287,2584,369882,0,0,0]
[2162169975:-907857,-29788,417760,0,1,0|998977,-15170,4334,0,-1,0|927797,2584,370374,1,0,0]
[2162174975:-907857,-29298,417760,0,0,0|998977,-15170,3842,0,-1,0|928287,2584,370865,1,0,0]
[2162179975:-907857,-29788,417268,0,0,0|998486,-15660,3351,0,-1,0|928777,2584,370374,1,0,0]
[2162184975:-907857,-29788,416776,0,2,0|998977,-15170,2859,0,-1,0|928777,2584,370374,0,0,0]
[2162189975:-908348,-29788,416776,0,2,0|999467,-15660,1876,0,-1,0|929267,2584,370374,1,0,0]
[2162194975:-908839,-29298,417760,0,0,0|999957,-15660,1876,0,-1,0|929758,2584,370374,1,0,0]
[2162199975:-908839,-28809,418252,0,0,0|1000447,-15660,1876,0,-1,0|930248,2584,370374,1,0,0]
[2162204975:-908839,-29298,417760,0,0,0|1000938,-15660,1876,0,0,0|930738,2584,370374,0,0,0]
[2162209975:-909330,-29788,416776,0,1,0|1000938,-15660,1876,0,0,0|930248,2584,369390,0,0,0]
[2162214975:-909330,-29788,416283,0,1,0|1000938,-15170,1384,0,-1,0|930738,2584,368898,0,0,0]
[2162219975:-909330,-30278,416776,0,1,0|1000938,-15170,892,0,-1,0|930248,2584,368898,0,0,0]
[2162224975:-909821,-30278,417268,0,0,0|1000938,-14681,892,0,0,0|930248,2584,369882,0,0,0]
[2162229975:-909330,-30767,418252,0,0,0|999957,-14681,892,0,0,0|927307,14835,378241,-3,-1,0]
[2162234975:-908839,-30767,417760,0,0,0|999467,-14681,892,0,0,0|926326,12385,377258,0,1,0]
[2162239975:-911295,-29788,417760,-2,0,0|999467,-14681,892,0,0,0|927307,8955,374799,1,1,0]
[2162244975:-910804,-29788,417760,-1,0,0|999467,-14681,892,0,0,0|927797,6014,371849,1,2,0]
[2162249975:-909821,-29788,417760,0,0,0|999957,-14191,892,0,0,0|928287,4054,370374,1,0,0]
[2162254975:-909330,-30767,417760,0,-1,0|999467,-14191,1384,0,0,0|928287,3564,369390,1,0,0]
[2162259975:-908348,-31747,416776,0,-1,0|998977,-14191,1876,0,0,0|928287,3564,368898,0,0,0]
[2162264975:-907366,-31747,416283,0,1,0|998486,-14681,2367,0,0,0|927797,3564,368898,0,0,0]
[2162269975:-906383,-31747,415299,0,4,0|997996,-14681,2859,0,0,0|927797,3564,368898,0,0,0]
[2162274975:-907366,-30767,416776,0,3,0|998977,-14191,2859,0,0,0|928777,3564,368407,0,0,0]
[2162279975:-908348,-30278,418745,0,0,0|999957,-13702,3351,0,0,0|929758,3564,369390,1,0,0]
[2162284975:-908839,-29788,420222,-1,-2,0|1000447,-13702,3842,0,0,0|930248,3074,370374,1,0,0]
[2162289975:-907857,-30278,419729,-1,-1,0|1000938,-13702,4334,0,0,0|930248,3074,371849,1,0,0]
[2162294975:-907366,-30767,417760,0,2,0|1000447,-13702,3842,0,-1,0|929758,3564,371849,1,1,0]
[2162299975:-907366,-31257,416776,0,3,0|999957,-13702,3351,-1,-1,0|929267,3564,370374,1,0,0]
[2162304975:-907857,-31257,417268,0,2,0|999957,-13702,2859,0,-2,0|928777,4054,369882,0,0,0]
[2162309975:-907857,-30767,419729,0,0,0|999957,-13702,2859,-1,-1,0|928287,3564,370865,1,0,0]
[2162314975:-907366,-31257,420714,0,-1,0|999957,-13702,2859,0,-1,0|928287,3564,372340,1,1,0]
[2162319975:-907366,-31257,420222,0,0,0|999467,-13702,3351,0,0,0|928287,4054,372340,1,0,0]
[2162324975:-907857,-31747,417760,0,1,0|999467,-14191,3351,0,0,0|928777,4054,370865,1,0,0]
[2162329975:-908348,-31257,415791,0,1,0|998977,-14681,3351,0,0,0|928777,4054,368407,0,0,0]
[2162334975:-908348,-31257,415299,0,1,0|998977,-15170,3351,0,-1,0|928777,3564,367915,0,-2,0]
[2162339975:-907857,-30278,416283,0,2,0|998977,-15170,3351,0,-1,0|928777,2584,369390,1,0,0]
[2162344975:-908348,-29788,417268,0,0,0|998977,-15660,3351,0,-1,0|928777,2094,370374,1,0,0]
[2162349975:-908839,-28809,417268,0,0,0|999467,-16638,2859,0,-1,0|929267,1604,369882,1,0,0]
[2162354975:-909330,-28319,416283,0,0,0|999957,-17128,1876,0,-1,0|929758,1114,368898,1,0,0]
[2162359975:-908839,-28319,415791,0,2,0|1000447,-17617,892,0,-1,0|929758,1114,368407,0,-1,0]
[2162364975:-908348,-27829,416283,0,2,0|1000447,-17617,-90,0,0,0|929758,624,368898,0,0,0]
[2162369975:-908348,-27339,417268,1,1,0|999957,-18107,-90,0,0,0|929758,134,369390,1,2,0]
[2162374975:-908839,-27339,417760,0,-1,0|999467,-18107,-90,0,0,0|928777,134,368898,0,1,0]
[2162379975:-909330,-27339,416776,0,-2,0|999957,-18107,400,0,0,0|929267,134,368407,1,0,0]
[2162384975:-909330,-27829,415791,0,0,0|1000447,-18107,892,0,0,0|929758,624,368898,0,0,0]
[2162389975:-909330,-27339,415299,0,3,0|1000447,-17617,892,0,0,0|929758,624,369390,0,0,0]
[2162394975:-908839,-27339,416776,1,2,0|1000447,-17617,1384,0,0,0|929267,1114,369390,0,0,0]
[2162399975:-908839,-27829,418252,0,0,0|999957,-17617,2367,0,0,0|929267,1114,369882,0,0,0]
[2162404975:-908348,-28319,418745,0,-1,0|999467,-17128,2859,0,0,0|928287,1604,369882,0,0,0]
[2162409975:-907857,-29298,418252,0,0,0|998977,-16638,3351,0,0,0|928287,2094,370374,0,0,0]
[2162414975:-907857,-29788,417268,0,2,0|998977,-15660,3351,0,-1,0|928777,2584,370865,0,1,0]
[2162419975:-908348,-30278,417760,0,1,0|999467,-14681,3351,0,0,0|928777,3564,370865,0,1,0]
[2162424975:-908839,-30767,418252,0,0,0|999957,-14191,3842,0,0,0|929267,3564,370865,0,0,0]
[2162429975:-908348,-31257,419237,0,-1,0|999957,-13212,3842,0,0,0|928287,4544,371357,1,0,0]
[2162434975:-907366,-31747,418252,0,0,0|999467,-12723,3351,0,0,0|928287,5034,371357,1,0,0]
[2162439975:-907366,-32726,416776,0,1,0|998977,-12234,3351,0,0,0|928287,5524,370865,0,0,0]
[2162444975:-907366,-32726,415791,0,2,0|998977,-11744,3842,0,0,0|928777,6014,369882,0,0,0]
[2162449975:-907366,-33216,416776,0,2,0|999467,-11255,3351,0,0,0|928777,6504,369882,0,0,0]
[2162454975:-907366,-33216,417268,0,1,0|999957,-11255,3351,-1,0,0|928777,6014,370865,0,0,0]
[2162459975:-907857,-32726,418252,0,1,0|999957,-11744,3351,-1,0,0|928777,6014,371357,1,0,0]
[2162464975:-907857,-32726,418252,0,0,0|999957,-11744,3351,-1,0,0|928777,6014,370865,1,0,0]
[2162469975:-908348,-32237,417268,0,0,0|999467,-12234,2367,0,0,0|928777,6014,369390,1,0,0]
[2162474975:-908348,-32237,416283,0,1,0|999467,-13212,1384,0,0,0|928777,5034,368898,0,0,0]
[2162479975:-908348,-31747,416283,0,1,0|999467,-13702,892,-1,0,0|929758,4544,369882,0,-1,0]
[2162484975:-908839,-30767,417268,0,1,0|999957,-13702,892,0,0,0|930248,4054,370374,0,1,0]
[2162489975:-908839,-30278,417760,0,0,0|1000447,-14191,892,0,0,0|930248,3564,370374,0,1,0]
[2162494975:-908839,-30278,417760,0,0,0|1000447,-14681,892,0,0,0|930248,2584,369882,1,0,0]
[2162499975:-908348,-29788,416283,0,0,0|1000447,-15660,892,0,-1,0|929758,3074,369390,1,1,0]
[2162504975:-908348,-29788,415791,0,2,0|1000447,-15660,892,0,0,0|929267,3074,368898,0,0,0]
[2162509975:-907857,-29788,416283,0,1,0|999957,-15660,1384,0,0,0|928777,3074,369390,1,0,0]
[2162514975:-907857,-29788,416776,0,0,0|999467,-15660,1384,0,0,0|928287,3074,369390,1,0,0]
[2162519975:-908348,-29298,417268,0,0,0|999467,-15660,1384,0,0,0|928777,3074,369882,1,1,0]
[2162524975:-907857,-29298,416776,0,1,0|999957,-16149,1876,0,0,0|928777,3074,369882,0,0,0]
[2162529975:-908348,-29788,417268,0,2,0|999957,-16149,2367,0,0,0|929267,2584,369882,0,0,0]
[2162534975:-908839,-29788,417760,0,1,0|999957,-16149,2859,0,0,0|929267,2584,369882,0,0,0]
[2162539975:-908839,-29298,419237,0,0,0|1000447,-15660,3351,0,0,0|929267,2584,370865,0,0,0]
[2162544975:-908348,-29298,419729,0,0,0|1000447,-15660,3351,0,0,0|929267,2584,371357,0,1,0]
[2162549975:-907857,-29788,419237,0,0,0|999957,-15660,3351,0,0,0|928777,2584,370865,0,0,0]
[2162554975:-907857,-30278,418252,0,0,0|999957,-15660,3351,0,0,0|928777,3074,370374,0,0,0]
[2162559975:-907857,-30278,416776,0,1,0|998977,-15170,3351,0,0,0|928287,3074,369882,0,0,0]
[2162564975:-908348,-30278,416776,0,0,0|998977,-15170,3351,0,0,0|928287,3074,369882,0,0,0]
[2162569975:-908348,-30278,417268,0,1,0|998486,-14681,3351,0,0,0|928287,3074,370374,0,0,0]
[2162574975:-908348,-30278,417760,0,0,0|998977,-14681,2859,0,0,0|928777,3074,370374,0,0,0]
[2162579975:-908348,-29788,417760,0,0,0|999467,-14681,2859,0,0,0|929267,3074,369882,0,0,0]
[2162584975:-908348,-29788,416776,0,0,0|999467,-15170,2367,0,0,0|929267,2584,368898,1,0,0]
[2162589975:-903928,-30278,413822,0,5,0|999957,-15660,1876,0,0,0|928777,6014,362014,-7,-21,0]
[2162594975:-884283,-28319,381330,4,85,0|1001428,-15660,1876,0,0,0|847896,-2805,343329,-9,-203,0]
[2162599975:-596973,25061,92844,-200,879,-7|1003389,-18107,21051,1,2,0|578783,-19467,239578,78,-1163,15]
[2162604975:8094,102438,-594896,-828,3982,-42|1007802,-14681,34818,-9,43,0|110163,8465,-174444,35,-3639,-64]
[2162609975:188337,90195,-1130516,-398,6587,321|994564,-14191,-582,-7,121,0|-144244,32477,-686319,72,-6643,-180]
[2162614975:-157906,6941,-1232914,-205,7767,403|983287,-19086,-38441,-3,97,0|12125,49139,-978397,61,-8470,-271]
[2162619975:-643139,-138018,-1074886,294,7574,286|988190,-25937,-19266,-15,-41,-6|338591,46198,-969546,0,-9191,-302]
[2162624975:-882809,-264859,-843014,416,8079,-192|994074,-26427,38260,3,-137,0|658193,19246,-653866,-92,-9596,-289]
[2162629975:-814543,-129203,-655941,41,9459,-462|1006821,-20064,79561,16,-110,7|1032207,8955,-125273,19,-9266,-256]
[2162634975:-890176,53955,-431945,-444,10651,-15|1014176,-14191,67761,-23,-33,-11|1322398,-1335,187948,191,-8500,-234]
[2162639975:-1304196,102438,-19399,-165,9832,329|1006331,-13212,-2549,-41,5,-16|1465043,5524,217451,45,-7993,-223]
[2162644975:-1627849,54445,272040,74,8170,195|1001918,-14191,-48766,-37,-41,13|1548865,-4766,167787,-73,-7312,-191]
[2162649975:-2524155,-1952959,1464386,-171,8459,-7|997506,-19575,-47291,-31,-77,15|1466023,29047,142218,-42,-6794,-184]
[2162654975:-1551724,-1378506,-804615,205,8226,84|987700,-14681,-35983,20,-29,-8|1307202,18266,92555,78,-6847,-193]
[2162659975:-1540919,-1110133,-568804,-107,8145,64|984268,-10765,-42375,27,56,-15|1101814,3564,-98229,77,-7396,-193]
[2162664975:-1516854,-673294,-324624,-343,7801,166|1003880,-12723,-54667,-12,87,4|949365,3564,-387848,67,-8060,-210]
[2162669975:-1409297,-328034,-294102,-301,7480,318|1016627,-14191,-50241,6,59,6|913581,14345,-605678,87,-8449,-225]
[2162674975:-1174048,-91494,-528928,-444,8094,242|1022511,-11744,-21724,38,16,-4|930248,22676,-673042,115,-8682,-221]
[2162679975:-1082207,23102,-641664,-674,8989,157|1015647,-11744,16626,22,10,-1|1012599,33457,-616987,45,-8898,-226]
[2162684975:-1187799,-9219,-547143,-86,8589,301|1002899,-15660,37768,6,18,5|1128284,15815,-506351,57,-8793,-229]
[2162689975:-1185835,-18034,-585542,17,8521,208|997506,-14681,37768,10,17,12|1205733,26106,-450296,65,-8452,-216]
[2162694975:-1197130,-14606,-589973,-411,8850,67|991622,-15170,28426,-3,-5,0|1232694,46198,-437020,51,-8113,-206]
[2162699975:-1314510,-58682,-469852,-202,8340,122|990151,-13702,24493,-1,-22,-9|1227792,41788,-442429,25,-7874,-187]
[2162704975:-1264906,13797,-461483,-195,8081,173|985248,-8318,26459,-17,-19,-8|1216518,18756,-448329,47,-7685,-196]
[2162709975:-1222178,29468,-506774,-376,8370,198|984758,-3424,21051,-26,1,3|1222400,17776,-437511,93,-7367,-219]
[2162714975:-1193693,-6771,-576681,-200,8257,245|987700,-10276,3842,22,19,7|1191028,28067,-450296,60,-6959,-204]
[2162719975:-1145071,-39583,-695324,-296,8320,126|1001428,-17128,-8449,31,4,-1|1184655,11895,-453738,51,-6381,-144]
[2162724975:-1248208,-115491,-629357,-173,7849,-30|1022511,-17617,-9432,12,-25,-2|1303281,6995,-358345,-2,-5091,-65]
[2162729975:-1301740,-80230,-475267,-173,7070,-95|1030846,-14191,4334,1,-48,0|1487101,25616,-146908,-19,-3560,-50]
[2162734975:-1407824,-24891,-204503,-147,6110,90|1014176,-12723,22526,-16,-42,-2|1622883,27086,53710,-20,-1985,-56]
[2162739975:-1459392,4982,8168,127,4875,323|993093,-13702,21543,-20,3,0|1596903,6995,101898,-29,-763,-20]
[2162744975:-1394072,-1384,42629,101,4037,238|983287,-15170,-1565,-14,41,9|1420926,134,-26930,0,58,-13]
[2162749975:-1274728,-51826,-39584,-77,3382,-12|986719,-18107,-26641,-8,34,10|1173381,24146,-230500,20,578,-12]
[2162754975:-1212847,-101289,-77491,-7,2472,-105|990641,-17128,-28608,13,-5,-6|966522,45708,-415876,-2,802,17]
[2162759975:-1178959,-88556,-72568,180,1439,-85|990641,-13212,-5990,16,-26,-17|864072,21696,-521594,-35,824,44]
[2162764975:-1144089,-13137,-71091,153,724,-49|990641,-10276,21543,-12,0,-3|803779,13855,-582567,-26,661,31]
[2162769975:-1105290,22122,-100136,26,204,20|994564,-13702,26951,-6,45,6|736133,19736,-649440,7,422,-2]
[2162774975:-995768,36325,-213365,-54,-319,33|1003389,-12723,14168,7,51,0|656233,33947,-739915,15,231,-15]
[2162779975:-862182,69626,-355147,-202,-723,49|1008292,-11255,6792,5,5,-6|606233,22676,-809739,-13,53,15]
[2162784975:-799809,88726,-443268,-310,-1015,88|1006331,-11744,17609,-3,-45,0|640547,13855,-782203,-16,-58,23]
[2162789975:-825839,33386,-500867,-252,-1210,88|998486,-13212,32851,-2,-46,6|735153,11895,-672551,19,-88,-8]
[2162794975:-814543,-53785,-616064,-72,-1177,-2|994564,-15170,28918,4,-3,6|826818,22186,-562407,41,-17,-34]
[2162799975:-692743,-79251,-814953,47,-830,-50|997996,-18107,2367,11,29,2|852308,29537,-538313,32,143,-28]
[2162804975:-533127,-50846,-1003995,41,-331,-28|1005841,-17128,-24674,4,18,-2|805250,30517,-600760,-12,216,14]
[2162809975:-463878,-24891,-1070455,6,17,-10|1009763,-14681,-29099,-10,-17,-2|751819,33947,-665667,-49,135,42]
[2162814975:-527725,-13137,-973965,0,104,-9|1002899,-15170,-13857,-12,-32,-2|737604,31497,-674518,-30,-16,20]
[2162819975:-654435,-2853,-790830,0,-10,-10|996035,-14681,-90,-2,-12,-2|766525,20716,-631738,15,-92,-12]
[2162824975:-733016,4982,-671202,16,-135,-2|991622,-13702,2367,7,11,-1|796426,12385,-595843,33,-47,-20]
[2162829975:-741365,5472,-645110,22,-217,-6|997996,-15170,-8940,8,24,3|794956,19736,-604202,8,58,-5]
[2162834975:-706495,-1384,-692371,-2,-218,-24|1003880,-17617,-16316,-2,6,2|764564,31007,-643048,-17,71,7]
[2162839975:-669169,-894,-749477,-14,-94,-25|1003880,-17128,-9432,-6,-13,-4|754270,28067,-655341,-21,-20,14]
[2162844975:-672607,4982,-750954,4,26,0|999957,-16149,3842,-5,-10,-4|776819,17286,-627805,-3,-73,7]
[2162849975:-704039,8410,-711078,11,18,9|998486,-16638,11709,-5,5,0|804269,14835,-596827,11,-19,-2]
[2162854975:-718282,4492,-693847,1,-24,3|999957,-16638,9742,6,15,2|809171,20716,-593385,10,64,-13]
[2162859975:-700601,2043,-712555,-6,-27,-6|1000938,-17128,3842,13,10,0|784172,21206,-620921,1,53,-6]
[2162864975:-680956,2043,-733724,-6,2,-8|1001428,-19575,2367,1,-2,0|762113,18266,-644523,-5,-25,10]
[2162869975:-684885,-894,-731754,-1,19,-1|1000938,-19086,5317,-6,-10,0|767995,23656,-635180,-5,-56,12]
[2162874975:-706986,-5301,-708124,4,8,1|999957,-16149,9742,-6,-7,-2|791524,27086,-608136,-4,-20,0]
[2162879975:-720737,-404,-688924,3,-13,3|997996,-15660,9742,-4,1,-2|805740,21206,-593385,0,39,-9]
[2162884975:-716317,4982,-687448,0,-11,5|995544,-16638,4826,7,4,3|791034,15815,-608136,8,40,-6]
[2162889975:-700110,-894,-705170,-3,-1,-1|996525,-17128,400,2,-1,0|768486,21206,-628788,5,-16,4]
[2162894975:-692743,-9219,-718462,-2,12,-9|997996,-17128,1876,0,-4,-4|767015,29047,-630263,-5,-41,7]
[2162899975:-700601,-6281,-712063,-1,9,-7|998977,-16638,9251,-3,0,-3|787113,26596,-611578,-10,-8,4]
[2162904975:-713371,2533,-695817,4,-1,3|998486,-14681,16134,-5,4,1|803779,18266,-596335,-2,24,-1]
[2162909975:-717791,4492,-688432,6,-9,9|998977,-14681,15151,1,2,2|794956,17776,-606661,8,16,-7]
[2162914975:-704530,-894,-704678,1,-7,1|1000938,-16149,8267,5,-10,0|773388,23166,-629772,7,-7,-5]
[2162919975:-684394,-3343,-729785,-3,7,-5|1002409,-15660,892,-3,-20,-2|762113,26106,-644031,-3,-25,2]
[2162924975:-683412,-1384,-732739,-3,21,-4|1002409,-15170,-582,-9,-14,0|772407,23656,-634689,-9,-28,6]
[2162929975:-704530,85,-710586,1,13,3|1000938,-15660,400,-6,0,0|792505,22676,-611086,-3,-7,1]
[2162934975:-723193,-3343,-687940,5,-8,5|998977,-15170,-2057,0,9,0|802309,24636,-596827,3,14,-4]
[2162939975:-719264,-5301,-689417,3,-16,0|997506,-14191,-7465,4,7,0|792995,24636,-605186,4,26,-5]
[2162944975:-701583,-3343,-707140,-1,-4,-4|998977,-14191,-11890,6,0,0|772407,22676,-629280,2,9,0]
[2162949975:-691270,-1873,-721909,-7,6,-7|1001918,-14681,-9924,3,-2,0|765545,23166,-641081,-1,-21,6]
[2162954975:-696672,-2853,-720924,-5,6,-6|1003389,-13702,-3532,0,2,-1|779270,25126,-629280,-2,-20,4]
[2162959975:-708950,-3343,-709109,1,-3,0|1003389,-14191,2859,-1,7,0|796917,25616,-610103,-1,12,0]
[2162964975:-711897,-1384,-703693,5,-12,5|1002409,-14681,4826,-3,6,1|798877,23166,-607644,0,33,-2]
[2162969975:-701092,85,-712555,4,-7,5|1001918,-13212,892,-3,-1,1|780740,22676,-626330,2,10,0]
[2162974975:-688323,-1873,-724370,-2,2,-1|1000938,-13212,-2057,0,-9,0|764074,24636,-643540,0,-22,3]
[2162979975:-686850,-4812,-725847,-6,11,-5|998977,-13702,-1074,1,-7,-1|767015,27086,-637639,-3,-24,4]
[2162984975:-701092,-6281,-709109,-2,8,-3|996525,-13212,2859,0,3,0|786132,26596,-613053,-2,-4,2]
[2162989975:-718773,-5301,-687448,3,-6,1|995054,-12723,6301,0,13,0|801328,25126,-593385,2,17,-1]
[2162994975:-721720,-4812,-683017,3,-17,2|995544,-13702,6792,1,13,0|798877,25126,-594860,2,24,-2]
[2162999975:-707968,-5301,-697786,0,-12,-1|997015,-13702,6792,1,3,0|782701,26106,-614037,0,9,0]
[2163004975:-694217,-5301,-714524,-4,2,-5|998977,-13212,9251,2,-6,0|769466,26106,-631247,-2,-12,3]
[2163009975:-693234,-3832,-718462,-4,9,-4|1000447,-13702,14168,0,-8,0|772897,25126,-630263,0,-22,2]
[2163014975:-703057,-1384,-709109,0,5,0|1000938,-13702,16134,-3,-4,0|787603,24146,-615512,1,-8,-2]
[2163019975:-710915,-1384,-701232,3,-3,5|1000447,-13702,13184,-5,-1,0|796426,24146,-605678,1,11,-4]
[2163024975:-708459,-2853,-703201,5,-3,4|999467,-14191,6301,-4,-3,0|789564,24636,-611086,0,10,-1]
[2163029975:-700110,-4322,-711570,2,1,0|998486,-14191,-582,-2,-7,-1|776329,24636,-623871,-2,-9,1]
[2163034975:-696181,-4322,-714032,-2,5,-4|997996,-13702,-3532,2,-6,0|771917,24146,-629280,-1,-23,2]
[2163039975:-702075,-2853,-706647,-3,5,-4|997996,-14191,-3040,5,0,0|781231,22186,-619937,0,-9,0]
[2163044975:-710915,-1384,-697786,-1,-2,-2|998977,-15170,-1074,3,5,0|792015,21696,-608628,2,11,-2]
[2163049975:-712879,-1873,-697786,1,-8,1|1000447,-15170,-582,0,5,0|792995,22676,-609120,3,13,-2]
[2163054975:-704039,-2853,-710093,2,-6,0|1001918,-15660,-1565,-2,1,0|784172,24146,-620921,0,2,0]
[2163059975:-693725,-1873,-723385,0,1,-1|1003389,-16149,-1565,-4,-5,0|775839,24636,-632722,-3,-9,3]
[2163064975:-691761,-404,-724862,-1,7,-2|1002899,-15170,-90,-2,-7,-1|774858,23656,-634197,-3,-12,2]
[2163069975:-699128,85,-714524,-1,4,0|1000938,-14681,1384,0,-3,0|780740,21696,-625838,1,-7,0]
[2163074975:-706495,85,-704678,0,-2,1|998977,-15170,400,0,1,0|787113,21696,-615020,4,2,-2]
[2163079975:-707477,-1384,-703693,1,-5,0|998486,-15660,-3040,-1,3,0|785642,23166,-615020,0,8,0]
[2163084975:-703548,-2853,-709109,1,-3,-1|999467,-15660,-5499,-1,2,-1|781721,24146,-620429,-3,2,2]
[2163089975:-701092,-2853,-712555,-1,0,-3|999957,-15660,-4515,0,2,-1|780250,23166,-622888,-4,-4,3]
[2163094975:-703548,-1384,-709109,-2,0,-2|999957,-15660,-1074,1,4,0|783681,21696,-619937,0,-2,1]
[2163099975:-707477,-404,-703693,-2,-4,-1|999957,-15170,3351,4,4,0|787113,21206,-616004,3,6,0]
[2163104975:-706495,85,-703693,0,-6,-1|1000447,-15660,5317,3,4,0|786132,21696,-616987,3,8,-1]
[2163109975:-701583,-404,-709109,0,-3,0|1000938,-16638,5809,0,0,0|781721,22676,-621904,0,0,0]
[2163114975:-698146,-894,-714524,0,1,0|1000938,-16149,6792,-3,-2,0|779760,23656,-623871,-2,-8,3]
[2163119975:-699619,-1873,-713047,0,3,0|999957,-15660,8759,-3,-3,0|783191,24146,-618954,-2,-6,2]
[2163124975:-705021,-1384,-705663,1,0,0|997996,-15660,10234,-1,0,0|787113,23166,-612562,0,1,0]
[2163129975:-708950,-894,-698770,1,-2,1|996525,-15170,9742,1,0,0|787113,22186,-611086,2,4,-2]
[2163134975:-708459,-894,-698278,0,-2,0|996035,-15170,7776,2,0,0|783191,22186,-614528,2,0,0]
[2163139975:-704039,-2363,-704186,-1,0,-2|997015,-15660,5809,0,-2,0|780740,23656,-617479,0,-5,1]
[2163144975:-702075,-2853,-708616,0,3,-2|997996,-15170,5809,-1,-2,-1|782701,24636,-616495,-2,-5,2]
[2163149975:-704530,-1873,-707140,0,2,-1|998977,-14681,7284,-2,-1,0|786623,23656,-614037,-1,0,0]
[2163154975:-706495,-404,-704186,1,-1,0|999957,-14681,7284,-1,-1,0|787113,22186,-614528,1,2,-1]
[2163159975:-704530,574,-705663,1,-2,0|1000447,-14191,4826,1,-3,0|782701,21696,-620429,2,0,-2]
[2163164975:-698637,-404,-712555,0,1,0|1000938,-14191,892,0,-7,0|777799,22676,-626821,0,-6,-1]
[2163169975:-695199,-1873,-717970,0,5,-1|1000938,-15170,-2549,-1,-7,0|777309,23166,-628296,-2,-10,1]
[2163174975:-698146,-2363,-716493,0,4,-1|1001428,-15660,-4024,-4,-4,0|783191,23166,-622396,-2,-7,1]
[2163179975:-704530,-2363,-709601,1,0,0|1000938,-15170,-5007,-2,1,0|788093,23166,-615512,-1,1,0]
[2163184975:-707968,-1873,-704678,2,-4,1|999957,-14681,-6482,0,4,0|788093,23166,-615020,0,8,0]
[2163189975:-705512,-1873,-706155,0,-4,-1|999467,-14681,-6974,2,3,0|782211,23166,-620921,0,5,0]
[2163194975:-700601,-2363,-711078,-2,-2,-2|999957,-13702,-6482,3,1,0|777309,23656,-626821,0,-2,1]
[2163199975:-699128,-2363,-713539,-3,0,-4|1000447,-14191,-3040,1,1,0|778780,24146,-625838,0,-5,2]
[2163204975:-702566,-1873,-711570,-1,-1,-2|1000938,-14191,1876,0,2,0|785642,24636,-619446,-1,0,2]
[2163209975:-706986,-1873,-707632,0,-4,0|1001428,-14191,5317,-1,3,0|790054,24146,-615512,-1,7,0]
[2163214975:-706495,-1873,-707140,1,-5,2|1000938,-13702,6301,-1,1,0|787113,24146,-617970,0,6,0]
[2163219975:-702075,-2363,-710586,1,-2,0|1000447,-13702,5317,0,-2,0|780250,24146,-623871,1,-2,0]
[2163224975:-698146,-3343,-713539,-1,1,0|999467,-13212,3842,0,-4,0|777309,24636,-626330,0,-9,1]
[2163229975:-705021,-4322,-704678,-2,3,-1|998977,-12723,3842,0,-2,0|780740,25126,-620921,0,-6,1]
[2163234975:-708950,-4322,-700740,0,0,0|997996,-13212,3842,0,0,0|787113,25616,-612562,0,2,0]
[2163239975:-707477,-4812,-701724,0,-4,0|997996,-13702,3351,0,4,0|789564,26106,-609120,1,8,0]
[2163244975:-703057,-4322,-707632,1,-5,0|997996,-13702,2367,0,4,0|785642,26106,-613545,0,6,0]
[2163249975:-700110,-3343,-711570,0,-1,-2|998977,-14191,1876,1,0,0|779760,25126,-620921,0,-2,1]
[2163254975:-701583,-2853,-710093,-1,0,-3|999467,-14191,3842,0,-2,0|778289,24636,-623871,0,-6,1]
[2163259975:-705021,-2363,-706647,-1,1,-2|999957,-13702,6301,0,-1,0|782701,24636,-619937,0,-5,0]
[2163264975:-706495,-2363,-705663,0,-1,0|999957,-14191,8267,-1,0,0|787603,24636,-615020,0,0,0]
[2163269975:-704530,-1873,-707632,1,-2,2|999957,-14681,7776,-2,0,0|788093,24636,-614037,0,3,0]
[2163274975:-701583,-1873,-710586,1,0,1|999957,-14191,6301,-2,-1,0|784172,24146,-618462,0,0,0]
[2163279975:-701092,-1873,-709601,0,1,0|999467,-14191,4334,0,-3,0|779760,23656,-622396,0,-5,1]
[2163284975:-704039,-1873,-706155,-1,3,-1|999467,-14681,3351,1,-3,-1|779760,23166,-621904,0,-6,0]
[2163289975:-706495,-1873,-703693,-1,1,-2|998977,-14681,2859,1,-1,0|783681,23166,-617479,1,-2,0]
[2163294975:-706004,-1873,-705170,0,-2,0|999467,-15170,1876,0,0,0|786132,22676,-615020,1,2,0]
[2163299975:-702566,-1384,-710093,1,-3,0|999957,-15660,892,0,1,0|785642,22676,-616495,0,2,0]
[2163304975:-699619,-1384,-714032,1,-1,0|1000447,-16149,-90,-1,0,0|782211,22676,-621904,0,0,0]
[2163309975:-699619,-404,-713539,0,1,-1|1000938,-15660,-1074,-1,-2,0|779760,22186,-625838,0,-3,1]
[2163314975:-702075,85,-710093,0,1,0|1000938,-15660,-582,0,-2,0|780740,21696,-624854,0,-2,1]
[2163319975:-704039,-404,-708124,0,0,0|1000447,-15660,-582,0,0,0|783191,21696,-621904,1,0,0]
[2163324975:-703548,-894,-708616,0,-2,0|999957,-15170,-582,0,1,0|784662,22186,-619446,0,1,0]
[2163329975:-702566,-1384,-710093,0,-3,0|1000447,-15660,-1074,0,2,0|784172,22676,-619446,0,1,1]
[2163334975:-702566,-1384,-710093,0,-1,0|1000447,-15660,-582,-1,1,0|783191,23166,-620429,-1,0,1]
[2163339975:-704039,-404,-707632,0,0,0|999957,-15660,892,0,1,0|782701,22676,-620429,-1,-1,0]
[2163344975:-705021,-404,-706155,0,-1,-2|999467,-15170,2859,1,1,0|783191,21696,-619446,0,0,0]
[2163349975:-704039,-894,-706647,0,-2,-1|998977,-15170,4334,2,0,0|784172,21696,-617970,2,1,0]
[2163354975:-702566,-1384,-709109,0,-1,0|999467,-15170,4826,0,0,0|783681,22676,-617970,1,1,0]
[2163359975:-701583,-1873,-710093,0,0,-1|999957,-15660,4826,-1,0,0|782211,23656,-618954,0,0,0]
[2163364975:-703057,-1873,-708616,0,0,0|999957,-16149,4826,-1,-1,0|782211,23656,-619446,-1,-2,1]
[2163369975:-704530,-1384,-706155,0,0,0|999467,-15660,4826,-1,0,0|783191,23166,-617970,0,-1,0]
[2163374975:-705021,-1384,-704678,0,0,0|998486,-15170,4334,0,0,0|784172,22186,-616987,1,1,0]
[2163379975:-704039,-1384,-705663,0,-1,0|998486,-15660,3351,1,-1,0|783191,22186,-616987,1,1,0]
[2163384975:-703548,-1384,-708124,0,-1,0|998977,-15660,2859,0,-1,0|782701,22186,-617970,0,-1,0]
[2163389975:-703548,-1384,-708616,0,0,-1|999957,-15660,2859,0,0,0|783191,22676,-618462,-1,-1,1]
[2163394975:-704530,-894,-707632,0,0,-1|1000447,-15660,3351,-1,0,0|784172,22676,-617479,-1,0,1]
[2163399975:-704039,-894,-706647,0,-1,0|1000447,-15660,4334,-1,0,0|784662,22676,-616987,0,0,0]
[2163404975:-702566,-1384,-707632,0,-1,0|999957,-15170,4334,0,0,0|783681,22676,-618462,0,0,0]
[2163409975:-700601,-1873,-709601,0,0,0|999957,-15170,3842,0,-2,0|782211,22676,-620921,0,-1,0]
[2163414975:-701092,-2363,-710093,-1,0,-1|999957,-15170,2859,0,-2,0|781231,23166,-621904,0,-3,0]
[2163419975:-702566,-2853,-708124,0,1,-1|999957,-15170,2367,0,-2,0|782211,23656,-620429,0,-3,0]
[2163424975:-704530,-2853,-706155,0,0,0|999467,-14681,1876,-1,-1,0|784172,24146,-617970,0,-1,1]
[2163429975:-704039,-3343,-706155,1,-1,0|999467,-14681,1876,-1,0,0|784662,24146,-616987,0,1,0]
[2163434975:-702566,-3343,-708124,1,-1,0|999467,-14191,892,0,1,0|782701,24146,-619446,1,1,0]
[2163439975:-701092,-3832,-710093,0,-1,-1|999467,-13702,-90,1,0,0|780250,24636,-621904,0,-2,0]
[2163444975:-701092,-3343,-711078,0,0,-2|999957,-13702,-582,0,0,0|780250,24636,-622888,0,-4,1]
[2163449975:-703057,-3343,-709109,0,-1,-1|1000447,-13702,-90,-1,0,0|782701,24636,-620429,0,-1,0]
[2163454975:-704039,-3343,-708124,0,-2,-1|1000447,-13212,892,-1,1,0|785152,24636,-618462,-1,2,0]
[2163459975:-703548,-2853,-708124,0,-1,0|1000447,-13212,1876,-1,2,0|784662,24636,-618462,0,2,0]
[2163464975:-702075,-2853,-709109,0,-1,0|999957,-13212,2367,-1,0,0|782701,24636,-620429,0,0,0]
[2163469975:-701583,-2853,-709601,0,0,0|999467,-13212,3351,0,-1,0|780740,24636,-621412,0,-2,0]
[2163474975:-703057,-2853,-707632,0,0,-1|999467,-13702,4334,0,-1,0|781231,24636,-619937,0,-3,0]
[2163479975:-705021,-2853,-705663,0,0,-1|999467,-14191,5317,-1,-1,0|783681,24146,-616495,0,-1,0]
[2163484975:-705512,-3343,-704678,0,-1,0|998977,-14191,6301,0,0,0|785152,24146,-614528,0,0,0]
[2163489975:-703548,-2853,-706647,1,-1,0|998977,-14681,6301,0,0,0|784662,23656,-615020,0,1,0]
[2163494975:-702075,-2363,-708616,0,0,0|999467,-14681,5317,0,-1,0|782701,23656,-618462,0,0,0]
[2163499975:-702075,-1873,-709109,0,0,0|999957,-14191,4334,0,-3,0|781231,23656,-621412,0,-4,0]
[2163504975:-703057,-1873,-708124,-1,1,-1|999957,-14681,3842,0,-2,0|782211,23656,-620921,0,-4,0]
[2163509975:-704039,-1873,-706647,-1,0,0|999467,-15170,2859,0,-2,0|784662,23656,-617970,0,-1,0]
[2163514975:-704039,-1873,-706647,0,-1,0|998977,-15170,1876,0,0,0|785152,23166,-616495,0,1,0]
[2163519975:-703057,-1873,-708124,1,-1,0|998977,-15170,892,0,0,0|783681,23166,-617970,0,1,0]
[2163524975:-701583,-1384,-710093,0,0,0|998977,-15660,400,0,0,0|781721,22676,-620921,0,-2,0]
[2163529975:-702075,-404,-710093,0,0,0|999957,-15170,-90,0,0,0|781231,22186,-622396,0,-3,0]
[2163534975:-703057,-404,-709109,0,0,0|999957,-15660,-90,0,0,0|782701,21696,-621904,0,-1,0]
[2163539975:-704039,-404,-709109,0,-1,0|1000447,-15660,400,0,0,0|784172,22186,-620429,0,0,0]
[2163544975:-703057,-894,-709601,0,-1,0|999957,-16149,400,0,0,0|784662,22676,-619446,0,0,0]
[2163549975:-701092,-404,-711078,1,-1,0|999957,-16149,-90,-1,1,0|783191,22676,-620429,0,0,0]
[2163554975:-700601,-894,-711078,0,-1,0|999957,-16149,400,-1,0,0|781721,23166,-621412,0,0,0]
[2163559975:-701583,-1384,-709109,0,0,0|999467,-16149,400,0,0,0|781231,23166,-621412,1,0,0]
[2163564975:-703057,-1384,-708124,0,0,0|999467,-16149,1384,0,0,0|781721,23166,-619446,1,0,0]
[2163569975:-703548,-1384,-707632,0,-1,0|999467,-15660,1876,0,0,0|783681,23166,-617479,1,0,0]
[2163574975:-704039,-1873,-708124,0,-1,0|999467,-15660,2367,0,1,0|784172,23166,-616987,0,2,0]
[2163579975:-703548,-1873,-708616,0,-1,0|999957,-15170,2859,-1,1,0|784172,23656,-617970,-1,0,0]
[2163584975:-703548,-1873,-708124,0,-1,0|999957,-14681,3351,0,0,0|783681,23166,-618954,0,0,0]
[2163589975:-704039,-1384,-707140,0,0,0|999467,-14681,4334,0,0,0|783681,23166,-618954,0,0,0]
[2163594975:-704530,-1384,-706647,0,-1,0|999467,-14681,4826,0,0,0|784172,23166,-617970,0,0,0]
[2163599975:-704530,-1873,-706647,0,0,0|999467,-14681,5317,0,0,0|784172,23656,-617970,0,0,0]
[2163604975:-704039,-2363,-707140,0,0,0|999467,-15170,5317,0,0,0|784172,23656,-617479,0,0,0]
[2163609975:-703548,-2363,-706647,0,0,0|999467,-15170,5809,-1,0,0|784172,23656,-617970,-1,0,0]
[2163614975:-703548,-2363,-706155,0,0,0|999467,-15170,5809,0,0,0|784172,23166,-617970,0,0,0]
[2163619975:-703548,-2363,-706155,0,0,0|999467,-15170,5809,0,-1,0|783191,23166,-617970,0,-1,0]
[2163624975:-703057,-2363,-706647,0,0,0|999467,-15170,5317,0,-2,0|783191,22676,-618462,0,-2,0]
[2163629975:-703057,-2853,-707632,0,0,0|999467,-14681,4334,0,-3,0|783191,23166,-618462,0,-2,0]
[2163634975:-703057,-2853,-708616,0,0,0|999957,-14681,3351,-1,-3,0|783191,23166,-618462,0,-2,0]
[2163639975:-703548,-1873,-708616,0,0,0|1000447,-15170,1876,-1,-3,0|783681,23166,-618462,0,-2,0]
[2163644975:-703548,-1384,-709109,0,0,0|1000938,-15170,400,-1,-2,0|783681,23166,-618954,0,-1,0]
[2163649975:-703057,-1384,-709601,0,0,0|1000938,-14681,-582,0,0,0|783191,23166,-620429,0,0,0]
[2163654975:-702566,-1384,-710093,0,0,0|1000447,-15170,-1074,0,0,0|782701,23166,-621412,0,0,0]
[2163659975:-703057,-1384,-710093,0,-1,0|1000938,-14681,-1565,0,0,0|782211,23166,-621904,0,-1,0]
[2163664975:-703548,-1873,-710093,0,-2,0|1000938,-14191,-2057,0,0,0|782701,23166,-621904,0,0,0]
[2163669975:-703548,-1873,-710093,0,-2,0|1000938,-14191,-1565,-1,0,0|783681,23656,-620921,0,0,0]
[2163674975:-703057,-2363,-709601,0,-2,0|1000938,-14191,-1074,-1,1,0|784172,23656,-620429,0,2,0]
[2163679975:-702075,-2363,-710093,0,-1,0|1000447,-14191,-90,0,1,0|783191,24146,-620921,0,1,0]
[2163684975:-701583,-2363,-709601,0,-1,0|999957,-14191,400,0,1,0|782211,24146,-621412,0,0,0]
[2163689975:-701092,-2853,-709109,0,0,0|999467,-13702,892,0,0,0|781721,24636,-620921,0,0,0]
[2163694975:-702075,-3832,-708124,0,-1,0|999467,-13702,1876,0,0,0|782701,25616,-619446,0,0,0]
[2163699975:-703057,-3832,-706647,0,-1,0|998977,-13702,3351,-1,0,0|783681,25616,-617479,0,0,0]
[2163704975:-703548,-3832,-706155,0,-1,0|998486,-13702,4334,0,0,0|783681,25126,-616495,0,1,0]
[2163709975:-703548,-3832,-706155,0,-1,0|998486,-13702,4826,-1,0,0|783191,24146,-616987,0,0,0]
[2163714975:-703548,-3343,-707140,0,0,0|998486,-14191,5317,-1,-1,0|782211,23656,-618462,0,0,0]
[2163719975:-703548,-2853,-707140,0,0,0|998977,-14681,5317,0,-1,0|782701,23656,-618462,0,-2,0]
[2163724975:-704530,-2853,-707140,0,0,0|999467,-14681,5809,-1,-1,0|784172,23656,-617970,0,-1,0]
[2163729975:-705021,-2363,-707140,0,0,0|999957,-15170,5809,0,-1,0|785152,23656,-617479,0,0,0]
[2163734975:-704530,-1873,-707632,0,0,0|1000447,-15170,5317,-1,-1,0|785152,23656,-617479,0,0,0]
[2163739975:-703548,-1873,-708124,0,0,0|1000447,-14681,4334,-1,-2,0|784172,23166,-618954,0,-1,0]
[2163744975:-703548,-1384,-709109,0,0,0|1000447,-14681,2859,0,-2,0|783191,22676,-619937,0,-1,0]
[2163749975:-703548,-894,-708616,0,0,0|1000447,-15170,1384,0,-2,0|782701,22676,-619937,0,-2,0]
[2163754975:-704039,-894,-708124,0,0,0|1000447,-15170,892,0,-1,0|783681,22676,-618954,0,-1,0]
[2163759975:-703548,-1384,-708124,0,-1,0|999957,-15170,400,0,0,0|784172,23166,-618462,0,0,0]
[2163764975:-703057,-1384,-708616,0,-1,0|999957,-15170,-90,0,0,0|783681,23166,-618462,0,0,0]
[2163769975:-702075,-1384,-709601,0,0,0|999957,-15170,-90,-1,0,0|782211,23166,-619446,0,0,0]
[2163774975:-701583,-1384,-709601,0,0,0|999957,-15170,400,0,0,0|781231,22676,-620921,1,-1,0]
[2163779975:-702075,-894,-709109,0,0,0|999957,-14681,892,0,0,0|781721,22186,-620921,0,-1,0]
[2163784975:-702566,-894,-708616,0,0,0|1000447,-15170,1384,0,0,0|783191,22186,-620429,0,-1,0]
[2163789975:-703057,-894,-708616,0,-1,0|1000447,-15170,1876,0,0,0|784172,22186,-619937,0,0,0]
[2163794975:-703548,-1384,-708616,0,-1,0|1000447,-15170,2367,-1,0,0|784172,22186,-619937,0,0,0]
[2163799975:-703548,-1384,-708616,0,0,0|1000447,-15170,2367,0,0,0|783681,22186,-620429,0,0,0]
[2163804975:-703548,-1873,-708124,0,-1,0|999957,-15170,1876,0,0,0|783191,22186,-620429,0,0,0]
[2163809975:-704039,-1873,-708124,0,-1,0|999467,-15170,1876,0,0,0|783191,22186,-619446,0,0,0]
[2163814975:-704039,-2363,-707632,0,-1,0|999467,-15170,1876,0,0,0|783191,22676,-618462,0,0,0]
[2163819975:-704039,-1873,-707632,0,-1,0|999467,-15170,2859,0,0,0|783681,23166,-617970,0,0,0]
[2163824975:-703548,-1873,-707632,0,-1,0|999957,-15170,3351,0,0,0|783681,23656,-617970,0,0,0]
[2163829975:-703548,-1873,-708124,0,0,0|999957,-15170,3351,0,0,0|783191,23166,-618462,0,0,0]
[2163834975:-703057,-1873,-708124,0,0,0|1000447,-15170,3842,0,0,0|782701,23166,-618954,0,-1,0]
[2163839975:-703548,-1873,-707140,0,0,0|999957,-15170,3842,0,0,0|782701,23166,-618462,0,-1,0]
[2163844975:-703057,-1384,-707632,0,0,0|999467,-15170,3842,0,-1,0|782701,23166,-618462,0,0,0]
[2163849975:-703548,-1873,-707632,0,0,0|999467,-15170,3351,0,-1,0|783191,23166,-617970,0,0,0]
[2163854975:-703548,-1873,-707632,0,0,0|999467,-15170,3351,0,0,0|783681,23166,-618954,0,0,0]
[2163859975:-703548,-1873,-708124,0,0,0|999467,-15170,2367,0,0,0|783681,23166,-619446,0,0,0]
[2163864975:-703057,-1873,-708124,0,-1,0|999467,-15170,1876,0,0,0|783191,23166,-619937,0,0,0]
[2163869975:-703057,-1873,-708616,0,0,0|999957,-14681,1384,0,-1,0|783191,23166,-619937,0,0,0]
[2163874975:-703057,-1873,-708124,0,-1,0|999957,-14681,892,0,0,0|783191,23656,-619937,0,0,0]
[2163879975:-703057,-1873,-708124,0,0,0|999957,-14681,892,0,0,0|783681,23656,-619446,0,0,0]
[2163884975:-703057,-2363,-708124,0,0,0|999957,-15170,892,0,0,0|783681,24146,-618954,0,0,0]
[2163889975:-703548,-2363,-707632,0,-1,0|999957,-15170,1384,0,0,0|783681,23656,-618954,0,0,0]
[2163894975:-703548,-2363,-707632,0,0,0|999957,-14681,1384,0,0,0|783681,23656,-618954,0,0,0]
[2163899975:-703548,-1873,-707632,0,0,0|999957,-14681,1876,0,0,0|783681,23656,-618954,0,0,0]
[2163904975:-703057,-2363,-707632,0,0,0|999957,-14681,2367,0,0,0|783681,23656,-619446,0,0,0]
[2163909975:-703057,-2853,-708124,0,0,0|999957,-14681,2859,0,0,0|783681,23656,-619446,0,0,0]
[2163914975:-703057,-2853,-707632,0,-1,0|999957,-14191,3351,0,-1,0|783191,23656,-618954,0,0,0]
[2163919975:-703057,-2853,-708124,0,0,0|999957,-14191,4334,0,0,0|783191,23656,-618954,0,0,0]
[2163924975:-703548,-2853,-707632,0,0,0|999467,-14191,4334,0,0,0|783191,24146,-618954,1,0,0]
[2163929975:-703057,-3343,-707632,0,0,0|999467,-14191,4334,0,0,0|783191,24146,-618954,1,0,0]
[2163934975:-703057,-3343,-708124,0,-1,0|999957,-14191,3842,0,0,0|783191,24146,-618954,0,-1,0]
[2163939975:-703057,-3343,-708124,0,0,0|999957,-13702,3842,0,0,0|783681,24636,-618462,0,0,0]
[2163944975:-703057,-3343,-708124,0,0,0|999957,-14191,3351,-1,0,0|783681,24636,-617970,0,0,0]
[2163949975:-703057,-3343,-708124,0,0,0|999957,-14191,2859,-1,0,0|783681,24636,-618462,0,0,0]
[2163954975:-702566,-2853,-708124,0,0,0|999467,-14191,1876,-1,0,0|783191,24636,-618954,0,0,0]
[2163959975:-702566,-2853,-708616,0,0,0|999467,-14681,1384,0,0,0|782701,24146,-619937,0,-1,0]
[2163964975:-702566,-2363,-708616,0,0,0|999467,-14681,1384,0,0,0|782701,24146,-619937,0,-1,0]
[2163969975:-703057,-2363,-708616,0,0,0|999467,-14681,1384,0,0,0|782701,24146,-619937,0,-1,0]
[2163974975:-703548,-2363,-708124,0,0,0|999467,-14681,1384,0,0,0|783191,24146,-619446,0,0,0]
[2163979975:-703548,-1873,-708124,0,-1,0|998977,-15170,1384,-1,0,0|783191,24146,-618954,0,0,0]
[2163984975:-703057,-1384,-708616,0,0,0|999467,-15660,1384,0,0,0|782701,23166,-619446,0,0,0]
[2163989975:-703057,-894,-709109,0,0,0|999957,-15660,892,0,0,0|782211,22676,-620429,0,-1,0]
[2163994975:-702566,-894,-709109,0,0,0|999957,-15660,892,0,0,0|782211,22676,-620429,0,-1,0]
[2163999975:-703057,-894,-709109,0,0,0|999957,-15660,892,0,0,0|782701,22676,-619937,0,0,0]
[2164004975:-703548,-1384,-708124,0,-1,0|999957,-15660,1384,0,0,0|783681,22676,-618954,0,0,0]
[2164009975:-703548,-1384,-707632,0,-1,0|999467,-15660,1876,-1,0,0|783681,22676,-618462,0,0,0]
[2164014975:-703548,-1384,-707632,0,-1,0|999467,-16149,2367,0,0,0|783681,22186,-618462,0,0,0]
[2164019975:-703057,-894,-708124,0,0,0|999467,-16149,2859,0,0,0|783191,22186,-618954,0,0,0]
[2164024975:-703057,-894,-707632,0,0,0|999467,-15660,3351,0,-1,0|782701,22186,-618954,0,0,0]
[2164029975:-703548,-894,-708124,0,-1,0|999957,-15660,3842,0,-1,0|782701,22186,-618954,0,0,0]
[2164034975:-703548,-1384,-707632,0,-1,0|999957,-15170,4334,0,0,0|782701,22676,-618954,0,0,0]
[2164039975:-703057,-1384,-707632,0,0,0|999957,-15170,3842,0,0,0|783191,22676,-618462,0,0,0]
[2164044975:-703057,-1384,-707632,0,0,0|999467,-15660,3351,0,0,0|782701,22676,-618462,1,0,0]
[2164049975:-703057,-1873,-708124,0,0,0|999957,-15170,2859,0,0,0|782211,23166,-618954,0,-1,0]
[2164054975:-703057,-1873,-708124,0,0,0|999957,-15170,2367,0,-1,0|782211,23166,-619446,0,-1,0]
[2164059975:-703057,-1873,-708124,0,0,0|999467,-14681,1876,1,-1,0|782701,23166,-619446,0,-1,0]
[2164064975:-703548,-1873,-708124,0,0,0|999467,-14681,1876,0,-1,0|783681,23656,-618954,0,0,0]
[2164069975:-703548,-1873,-708616,0,0,0|999957,-14681,1876,0,0,0|784172,24146,-618954,0,0,0]
[2164074975:-703548,-2363,-709109,0,-1,0|999957,-14191,1876,0,0,0|783191,24146,-619446,0,0,0]
[2164079975:-703548,-2363,-709109,0,-1,0|999957,-14191,1876,0,0,0|782701,24146,-619937,0,0,0]
[2164084975:-703057,-2363,-709109,0,0,0|999957,-14191,1384,0,0,0|782701,24146,-620429,0,0,0]
[2164089975:-703057,-2363,-709109,0,0,0|1000447,-14191,1876,1,0,0|783191,24146,-620429,0,0,0]
[2164094975:-711897,-5791,-690894,6,-29,0|1000447,-13702,2367,0,0,0|786132,23166,-617970,2,3,0]
[2164099975:-764939,-22442,-620495,25,-255,-37|1001428,-15170,1876,-1,-1,0|820446,25126,-597810,9,125,-14]
[2164104975:-1064526,-125285,-235518,296,-1399,-92|1005350,-15170,400,-4,-10,0|889562,1114,-536346,73,629,4]
[2164109975:-1554180,-86597,466990,747,-4671,-119|1018098,-16638,-16807,1,-51,0|1148381,7975,-335235,55,2070,84]
[2164114975:-1849347,-3832,795353,318,-7222,-41|1023492,-12234,-22707,9,-105,-5|1610139,9445,53218,-83,4589,192]
[2164119975:-1825282,66688,633387,58,-7904,-125|1005350,-11255,5317,20,-74,13|1627785,64330,81246,194,8731,126]
[2164124975:-1714287,91664,388222,-507,-7782,-209|984758,-13212,33343,1,44,27|1607197,87362,60102,175,8936,94]
[2164129975:-1708885,-16076,200657,-163,-9041,-91|971520,-11744,19576,-22,123,7|1496415,128036,-171986,96,9491,95]
[2164134975:-1639636,-115981,-132136,259,-10275,-104|973971,-15660,-27624,7,92,-14|1289065,103044,-525036,0,9884,181]
[2164139975:-1457428,-134101,-544189,408,-10580,-243|981816,-18107,-59092,2,8,-16|1052305,68741,-829407,-135,9553,289]
[2164144975:-1150473,-50846,-950827,187,-9529,-301|990641,-14191,-35983,-6,-10,-7|967992,41788,-850059,-169,9037,286]
[2164149975:-1007555,-48398,-1091132,153,-8298,-261|1004370,-6361,25968,19,48,0|936620,18266,-765485,-16,8560,189]
[2164154975:-1008047,-3343,-1000549,461,-8324,-109|1010744,-8808,65302,29,77,6|917503,-845,-739424,35,8028,171]
[2164159975:-988893,84318,-926212,214,-8402,8|1018098,-13702,57927,-11,8,3|910150,19736,-768435,-15,7742,186]
[2164164975:-997733,52975,-870090,42,-8057,-24|1018098,-11744,42193,-19,-75,-3|902307,27086,-736965,-80,7461,203]
[2164169975:-1062562,-20483,-719939,172,-7699,-142|998977,-19086,50552,-2,-83,3|937110,16795,-541263,-106,7154,210]
[2164174975:-1199586,-90515,-444252,379,-7794,-196|989170,-16149,35801,-30,-37,5|1027305,8955,-333268,-62,7128,230]
[2164179975:-1355273,-84148,-178904,460,-8409,-173|987700,-13212,400,-25,-9,4|1176322,20716,-178870,-33,7545,216]
[2164184975:-1386705,-25870,-126720,271,-8741,-140|984268,-18596,-25166,16,-35,-1|1313575,31987,-61842,-70,8140,217]
[2164189975:-1386214,3513,-105059,120,-8722,-126|986229,-16638,-32049,4,-48,-6|1364554,20716,14864,-76,8564,227]
[2164194975:-1420593,-2853,-8569,133,-8914,-143|992112,-13212,-24674,-14,-15,-2|1334163,12385,37483,-86,8674,237]
[2164199975:-1425996,-34196,4230,230,-9152,-153|1000938,-15660,-20741,2,31,2|1259164,624,4538,-36,8566,227]
[2164204975:-1358711,-50846,-143458,288,-9023,-159|1006821,-18596,-28608,5,53,1|1185636,17286,-58400,-30,8387,228]
[2164209975:-1290936,-40072,-279825,204,-8686,-183|1008783,-17617,-34508,-9,28,-6|1118970,35417,-163627,-82,8152,204]
[2164214975:-1294865,-59172,-265056,298,-8684,-193|1012705,-19575,-24182,1,-9,-5|1050344,38358,-209356,-134,7843,185]
[2164219975:-1245752,-51826,-200565,379,-8662,-210|1015157,-21533,-90,16,-23,1|915052,12385,-212306,-174,7220,183]
[2164224975:-1079260,6451,-213365,193,-8054,-214|1016627,-17128,16134,-2,4,4|754270,-11626,-156743,-76,6371,195]
[2164229975:-952549,15756,-229611,119,-7330,-135|1011234,-14681,11217,-18,35,1|571430,-27308,-132157,65,5261,184]
[2164234975:-856780,48078,-294594,95,-6691,-45|1000447,-17617,-7465,-14,40,0|408197,-5256,-270820,75,3819,129]
[2164239975:-731051,30938,-416684,6,-5847,-56|992112,-17128,-16807,-12,14,0|299866,9935,-417351,20,2307,65]
[2164244975:-513482,2533,-603265,-13,-4500,-95|985738,-13212,-10907,11,-6,0|223887,22186,-476849,7,782,3]
[2164249975:-284126,3513,-770154,10,-2772,-35|984268,-14681,-5007,42,-6,-1|253788,35417,-375064,1,-431,-34]
[2164254975:-219297,-9219,-747508,38,-1340,24|987209,-19575,4334,34,-2,-1|418001,16795,-120848,-29,-902,-24]
[2164259975:-284617,-31257,-567327,69,-453,-6|997015,-19575,11709,-6,-2,0|642998,3564,134351,-1,-878,-2]
[2164264975:-399540,-44480,-333978,76,142,-4|1003389,-18596,18101,-16,-7,-1|878288,16305,346771,-14,-584,-17]
[2164269975:-541476,-52805,-105552,150,541,22|1005841,-20554,24001,0,-14,-6|1040050,11405,516904,-27,-143,-21]
[2164274975:-665240,-33216,105151,235,773,62|1004860,-16149,24493,-10,-15,-5|1094461,-9666,581319,-22,149,-2]
[2164279975:-777217,-21463,285824,262,837,96|1001428,-13702,15643,-23,-8,3|1068971,-18977,545424,-7,216,5]
[2164284975:-911295,-38113,439421,203,725,29|998977,-18107,-582,-3,-4,6|998384,-7706,447573,6,114,4]
[2164289975:-1015905,-31257,564465,88,450,-32|995544,-20064,-10415,3,-9,-1|935640,7975,364473,-8,-37,-5]
[2164294975:-1063544,-3343,678186,-18,100,-11|997506,-15170,-6482,0,-15,-9|894954,5524,329561,-15,-132,-7]
[2164299975:-1037023,5472,703293,-52,-129,11|1001918,-13702,3842,8,-3,-4|875837,-11136,358081,6,-193,2]
[2164304975:-986437,-10689,624525,-20,-134,5|1005350,-14681,5317,8,24,4|886621,-15547,404302,27,-172,9]
[2164309975:-948129,-24891,490620,-5,-60,0|1006331,-14191,-1074,-2,33,5|930248,2094,397910,23,-76,5]
[2164314975:-919644,-32237,366561,-4,36,1|1003389,-14191,-2549,2,9,0|968482,14345,361031,-10,24,-6]
[2164319975:-901472,-33216,331116,-1,84,2|998486,-14681,7284,6,-18,0|960149,12385,343821,-24,26,-5]
[2164324975:-881336,-40072,369515,13,82,-4|994074,-12234,19576,-7,-20,0|927307,5524,364965,-8,-43,0]
[2164329975:-880845,-42521,427114,21,53,-9|992603,-10765,22526,-4,-2,0|908679,3564,392501,10,-68,0]
[2164334975:-901472,-37624,446806,8,-14,-7|994074,-12234,13676,0,7,0|916522,3564,397910,19,-31,4]
[2164339975:-915224,-30278,424652,-8,-27,0|997996,-12234,892,-4,0,-1|929758,7485,371849,5,0,4]
[2164344975:-916697,-29788,400530,-13,4,6|1000447,-11255,-6974,0,-14,-2|935640,11895,347755,-8,-20,-2]
[2164349975:-907857,-36154,392161,5,49,0|1001428,-11744,-7957,2,-16,-1|928287,10425,355622,-5,-41,-6]
[2164354975:-905401,-37134,416283,17,51,-7|1000938,-12234,-6974,-7,-5,0|919464,6014,373324,0,-70,-5]
[2164359975:-910312,-34196,440898,7,7,-5|1000938,-11255,-9432,-5,6,0|928777,2094,384142,10,-46,3]
[2164364975:-921117,-28319,441390,-12,-36,2|1002899,-11255,-11890,5,9,0|938091,5524,378241,7,-9,4]
[2164369975:-919644,-25870,419237,-18,-32,7|1004370,-11744,-10415,6,5,0|942993,6014,368898,-4,-4,0]
[2164374975:-909821,-29788,400530,-2,16,4|1004860,-11255,-4515,3,2,0|942502,3074,365948,-4,-3,0]
[2164379975:-907857,-36644,399545,12,39,-2|1004370,-11744,2859,2,3,2|933189,4054,368407,-1,-22,1]
[2164384975:-913259,-37624,413329,9,19,-4|1002899,-12234,6792,-3,4,0|928287,7485,371357,0,-35,1]
[2164389975:-916697,-31747,429083,-5,-22,1|1000447,-11255,7776,-4,2,0|931228,7975,369882,2,-22,0]
[2164394975:-910804,-28319,423175,-9,-28,5|997015,-11255,6792,3,0,0|932208,3564,368898,4,-9,1]
[2164399975:-902454,-32726,407914,0,1,1|995054,-12723,5317,0,0,2|930738,4054,373324,1,3,2]
[2164404975:-898034,-40072,402007,9,31,-4|995054,-13702,4334,-4,0,1|926816,9445,371849,0,8,1]
[2164409975:-903437,-38603,412837,6,27,-4|996035,-13212,3842,0,0,-2|924856,11405,370374,0,3,-1]
[2164414975:-907366,-29788,428591,-4,-6,0|997015,-13212,5317,0,0,-2|924365,6504,372832,0,-4,-1]
[2164419975:-905401,-25870,436960,-9,-21,5|997996,-13702,8267,0,1,0|925836,624,378241,1,1,1]
[2164424975:-902454,-30278,432037,-3,-10,2|999467,-14191,10234,5,3,0|925346,134,381683,2,8,3]
[2164429975:-905401,-33216,418252,2,10,-3|1001918,-15170,9742,4,3,0|926816,2094,378241,5,7,4]
[2164434975:-911295,-29298,410376,1,12,0|1003880,-15660,8267,0,-1,0|930248,3564,367915,2,0,1]
[2164439975:-914241,-25870,410376,-2,4,3|1003389,-16149,7284,-1,-7,0|933189,1604,363981,-1,-4,0]
[2164444975:-911295,-27339,415791,0,1,2|1000938,-17128,5809,-3,-8,1|930738,134,369882,0,-4,0]
[2164449975:-907857,-30278,418252,4,3,-1|998486,-18107,2367,-4,-5,1|928777,624,374799,3,0,2]
[2164454975:-908348,-29788,416776,3,3,-2|997996,-18107,-3532,-1,-3,0|928777,1604,371357,3,6,3]
[2164459975:-910312,-26850,412345,-1,0,0|997996,-17617,-7465,-1,-3,0|928777,2094,363981,1,1,0]
[2164464975:-909330,-25870,411853,-3,4,1|997996,-18107,-7465,1,0,0|929267,2584,361031,-2,-7,-1]
[2164469975:-907366,-27829,415299,-1,8,1|997506,-18107,-4515,1,4,0|928287,2094,368407,-3,0,-1]
[2164474975:-906383,-29788,422191,1,4,-2|997996,-17617,-582,-1,5,0|926816,134,376274,0,8,0]
[2164479975:-908839,-27829,426622,0,-6,-2|1000447,-17617,2367,0,3,0|927797,-1335,375782,4,8,2]
[2164484975:-912277,-24401,422191,-3,-11,0|1002409,-18107,3842,1,0,0|931228,-1825,368898,3,0,1]
[2164489975:-912768,-23421,411853,-3,-3,3|1002899,-18107,4334,0,-3,0|933679,-1825,363981,0,-1,0]
[2164494975:-909821,-25870,405453,0,11,1|1001918,-18107,4826,-1,-5,0|932699,-1825,363981,0,-4,0]
[2164499975:-908839,-29298,409391,5,15,-1|1000938,-19086,4334,-2,-3,0|930738,-845,368407,0,0,0]
[2164504975:-910312,-28809,418252,3,3,-2|1000938,-18596,1876,-3,0,0|929267,134,372832,1,0,0]
[2164509975:-910804,-25870,424652,-1,-9,0|999957,-18107,-1074,0,1,0|929758,-845,372340,1,2,0]
[2164514975:-908348,-24891,422191,-4,-9,2|998977,-18107,-3040,2,1,1|929267,-845,369390,0,0,1]
[2164519975:-905892,-27829,416283,-1,3,1|997996,-17617,-2549,1,3,0|928287,1114,369390,0,0,2]
[2164524975:-904419,-30278,414806,1,12,0|997996,-16638,400,1,4,0|927307,2584,370865,-1,0,0]
[2164529975:-906383,-29298,420222,0,6,0|998977,-16149,4334,1,3,0|927307,2584,373816,0,3,0]
[2164534975:-908348,-27339,425637,-2,-6,1|999467,-15660,8759,0,3,0|926816,624,375782,0,2,1]
[2164539975:-907366,-28319,423668,-2,-9,1|999467,-15170,11709,0,0,0|926816,1114,375291,2,0,2]
[2164544975:-906383,-31257,415299,1,0,0|999467,-15170,12201,0,-4,0|927307,3074,371357,2,0,1]
[2164549975:-906874,-32237,407914,3,11,-2|998977,-15170,10234,-2,-7,0|927307,3564,366932,1,-2,0]
[2164554975:-906874,-31257,409391,2,13,0|998977,-14681,7284,-2,-8,0|927797,3564,364965,0,-6,0]
[2164559975:-907366,-30278,417268,0,6,0|998977,-14191,3842,-1,-5,0|927797,4054,368407,0,-4,0]
[2164564975:-906874,-31257,424160,-1,-1,0|997996,-14191,892,-1,-1,0|926326,4054,374307,2,0,0]
[2164569975:-906383,-32726,425145,0,-4,-1|997996,-13702,-2549,0,1,0|925836,5034,375782,3,3,1]
[2164574975:-906874,-32237,420714,0,0,-1|998977,-12723,-5007,0,1,0|927797,5034,371849,3,2,1]
[2164579975:-909330,-30767,414806,-1,3,0|1000938,-12723,-5007,1,0,0|930248,5524,366440,1,0,0]
[2164584975:-911295,-30767,412345,-2,5,1|1001918,-12234,-2549,1,0,0|931718,5524,364965,0,-1,0]
[2164589975:-911786,-32237,414806,-1,2,0|1002409,-11744,892,0,0,0|932208,5034,368898,0,-1,0]
[2164594975:-911786,-33216,416776,1,0,0|1002409,-12234,2859,-1,0,0|931718,5034,372340,2,0,1]
[2164599975:-912277,-33216,415791,2,-2,-1|1002409,-12234,2859,-3,-1,0|932208,5034,371849,2,2,2]
[2164604975:-911786,-32726,412345,0,0,0|1001918,-11255,1384,-1,-2,0|932699,6014,367423,0,0,0]
[2164609975:-910312,-32726,410376,0,5,0|1000447,-11744,-90,0,-2,0|931228,6504,364473,0,-3,0]
[2164614975:-907366,-33216,412837,0,7,0|998977,-11744,-90,0,-1,0|928777,6504,366932,0,-2,0]
[2164619975:-905892,-34196,419729,0,2,0|998486,-11744,400,0,1,-1|927307,6504,371849,0,1,1]
[2164624975:-906383,-33706,424652,0,-4,0|998977,-12234,892,0,3,0|926326,6504,374799,2,3,1]
[2164629975:-907857,-32726,423175,-2,-7,0|999957,-12723,1876,0,3,0|927307,6014,373816,2,4,1]
[2164634975:-908839,-32726,417268,-2,-3,0|1000447,-12723,2859,0,1,0|929267,6014,369390,1,2,1]
[2164639975:-909330,-33216,411360,0,3,0|1000938,-12723,3351,0,0,0|930248,6504,367423,0,0,0]
[2164644975:-909330,-32726,410868,2,7,0|1000938,-12723,3842,-1,-1,0|930248,5524,367423,0,0,0]
[2164649975:-909821,-31747,414806,1,2,0|1001428,-12723,3842,-1,-1,0|930248,5034,368898,1,-1,0]
[2164654975:-909821,-31257,418252,0,-3,0|1000938,-13212,2859,-1,0,0|930248,4054,370865,1,1,1]
[2164659975:-908839,-31257,418252,0,-3,0|1000447,-13702,1876,0,1,0|929267,4544,371357,0,2,1]
[2164664975:-907857,-31747,416776,0,2,0|999467,-14191,892,0,1,0|929267,5034,370865,0,2,0]
[2164669975:-906874,-30767,416776,0,4,0|998977,-14191,1384,0,1,0|928287,4054,370374,0,1,0]
[2164674975:-906383,-29788,419729,-1,2,0|998486,-14681,3351,1,1,0|927307,3564,371357,0,0,1]
[2164679975:-905892,-29298,422683,-2,-1,0|998486,-15170,5809,2,2,0|926326,2584,373324,1,1,1]
[2164684975:-905892,-29788,422191,-1,-2,0|998977,-15660,7776,0,1,0|925836,2094,374799,2,3,2]
[2164689975:-906874,-29788,417760,0,0,0|999957,-16149,9251,-1,-1,0|926326,2094,373324,2,4,1]
[2164694975:-908348,-29298,413329,0,3,0|1000447,-16638,8759,-1,-4,0|927307,2094,369390,1,0,0]
[2164699975:-909330,-28809,411853,0,6,0|1000447,-16638,6792,-1,-5,0|928777,1604,366440,1,-4,0]
[2164704975:-909330,-28319,412837,0,5,0|999957,-17128,4334,-1,-5,0|929267,1114,367423,1,-2,0]
[2164709975:-908348,-27829,416283,1,3,0|998977,-17617,892,-1,-3,0|929267,624,369882,1,0,0]
[2164714975:-908348,-27829,418252,0,1,-1|998977,-17617,-2057,0,-1,0|928777,624,371357,1,2,1]
[2164719975:-908839,-27829,418252,0,0,-1|999467,-18107,-5007,-1,0,0|928777,1114,370865,1,0,1]
[2164724975:-909330,-26850,417760,-1,0,0|999467,-18596,-5990,0,2,0|929758,1114,368898,0,0,0]
[2164729975:-909330,-26360,416776,-1,1,0|999467,-18596,-4515,1,3,-1|930248,624,368407,0,2,0]
[2164734975:-909330,-26360,417760,0,1,0|1000447,-18596,-2057,2,4,0|930248,-355,369390,0,2,1]
[2164739975:-909821,-26360,418745,0,0,0|1000938,-18596,892,1,2,0|930738,-845,370374,1,2,1]
[2164744975:-910804,-25870,417760,0,-2,0|1001428,-18596,3351,0,1,0|931228,-845,369882,0,1,0]
[2164749975:-910312,-26360,415299,0,-1,0|1001428,-18107,5317,0,0,0|930738,-355,369390,0,0,0]
[2164754975:-908839,-27339,413822,0,3,0|999957,-18107,6301,-1,-1,0|929758,134,369390,0,-1,0]
[2164759975:-906874,-27829,414806,1,5,0|998977,-17617,6792,-1,-1,0|927797,624,370374,0,0,0]
[2164764975:-906383,-28319,417760,1,3,0|997996,-17128,5809,0,-1,0|926816,624,371357,1,0,1]
[2164769975:-905892,-28319,421206,0,0,0|997506,-16638,4826,0,0,0|925836,1114,371849,1,0,1]
[2164774975:-905892,-28809,421206,-1,-2,0|997506,-16638,3351,0,0,0|925836,1604,371849,2,0,0]
[2164779975:-905892,-29788,418745,0,0,0|997996,-16149,2859,0,0,-1|926326,2094,371849,1,0,0]
[2164784975:-906874,-30278,416776,0,4,0|998977,-15660,2859,0,0,-1|927797,2584,371849,0,0,0]
[2164789975:-908348,-29788,416283,0,4,0|999957,-15170,2859,0,0,0|928777,2584,370374,0,0,0]
[2164794975:-909821,-29298,417268,-1,0,0|1000447,-15170,2859,0,0,0|930248,2584,369882,0,0,0]
[2164799975:-910312,-29298,417268,0,0,0|1000447,-14681,2859,0,-1,0|930248,2584,369882,1,-1,0]
[2164804975:-909330,-29788,416283,0,1,0|1000447,-14191,2367,-1,-1,0|930248,3074,370865,1,0,0]
[2164809975:-908839,-30767,415299,1,4,0|1000447,-13702,1384,-1,-1,0|929758,4054,370374,1,0,0]
[2164814975:-908839,-31257,416283,1,4,0|999957,-13702,400,-1,-1,0|929758,4544,370374,0,0,0]
[2164819975:-908348,-31257,417760,0,1,0|999467,-13212,400,0,0,0|928777,5034,370374,0,-1,0]
[2164824975:-907857,-31257,419237,-1,0,0|998977,-12723,400,1,0,0|928777,5524,371357,1,0,0]
[2164829975:-907857,-31747,419237,-1,0,0|998977,-12723,892,0,0,0|928777,5524,370865,2,2,1]
[2164834975:-908348,-32237,417760,0,0,0|999957,-12234,1876,0,0,0|929267,6504,370374,3,4,1]
[2164839975:-908839,-33706,415791,0,1,0|1000447,-11744,2367,0,-1,0|928777,6995,369390,1,0,0]
[2164844975:-909330,-33706,414806,0,1,0|1000938,-11255,2367,0,-1,0|929758,6504,368898,0,-2,0]
[2164849975:-909330,-33706,414314,0,1,0|1000938,-11255,2367,-1,-1,0|929758,6014,368407,1,0,0]
[2164854975:-909330,-33706,415299,1,1,0|1000447,-11255,1876,0,0,0|930248,6504,369390,3,2,0]
[2164859975:-908348,-34196,416776,1,1,0|999957,-10765,1384,0,0,0|929267,6995,369390,1,1,0]
[2164864975:-908348,-33706,417268,0,1,0|999467,-10765,400,0,0,0|928777,6995,369390,0,0,0]
[2164869975:-907366,-33706,416776,0,0,0|998977,-11255,400,0,1,0|927797,6995,369390,0,0,0]
[2164874975:-906874,-33706,417268,0,1,0|998977,-11255,892,0,0,0|928287,6995,370865,0,1,0]
[2164879975:-906874,-33706,418252,0,2,0|999467,-11744,2367,0,1,0|927797,6504,371357,0,1,0]
[2164884975:-907857,-32726,418745,0,1,0|999467,-12234,4334,0,1,0|927797,6014,371849,1,1,0]
[2164889975:-907857,-32237,418745,-1,0,0|999467,-12723,5809,0,0,0|927307,6014,370865,1,0,0]
[2164894975:-907366,-32726,417268,0,0,0|998977,-13212,6792,0,-1,0|926816,6014,370865,0,0,0]
[2164899975:-906383,-32726,415299,0,3,-1|998486,-14191,7284,-1,-2,0|925836,6014,370374,0,-2,0]
[2164904975:-905892,-32726,415299,1,6,-1|997996,-14191,7284,-2,-3,0|925346,5524,370374,0,-2,0]
[2164909975:-905892,-31747,417268,0,4,-1|997506,-14191,6792,-2,-3,0|925346,5034,370374,0,-2,0]
[2164914975:-905892,-30767,419237,0,2,-2|997506,-14681,5809,-1,-3,0|925346,5034,370865,2,-1,0]
[2164919975:-905892,-30278,419729,0,2,0|997506,-15170,4826,-1,-2,0|925346,4054,370865,2,-3,0]
[2164924975:-905401,-30278,417760,0,2,0|996525,-15660,3842,-1,-2,0|924856,4054,370865,0,-2,0]
[2164929975:-904419,-30767,415791,0,4,0|995544,-16638,3351,-3,-3,0|923875,4544,370374,0,-2,0]
[2164934975:-904419,-30767,415299,0,6,0|995054,-17128,4334,-3,-3,0|922895,4544,369882,0,-3,0]
[2164939975:-904419,-29788,415791,0,6,0|995544,-18107,5809,-2,-3,0|923385,3074,369390,0,-5,0]
[2164944975:-904910,-27829,416776,0,4,0|997506,-18596,7284,-2,-5,0|924856,134,369882,0,-5,0]
[2164949975:-906383,-26360,417268,0,6,0|999957,-19086,8267,-2,-7,0|927307,-1825,370865,1,-5,0]
[2164954975:-908839,-24891,417268,0,7,0|1002899,-20064,8267,-3,-8,0|930248,-2805,371849,1,-6,0]
[2164959975:-910804,-23421,417760,1,7,0|1004370,-20554,7284,-4,-9,0|932699,-4276,372832,0,-5,0]
[2164964975:-912277,-21463,418745,2,7,0|1005841,-20554,4826,-4,-9,0|934659,-6236,372832,1,-5,0]
[2164969975:-912768,-20973,420222,1,6,0|1005841,-20554,1876,-2,-8,0|936130,-6236,372832,1,-4,0]
[2164974975:-913750,-20973,421206,1,4,0|1005841,-20064,-2057,0,-6,0|936620,-6236,372340,2,-3,0]
[2164979975:-914732,-21463,420222,0,2,0|1005841,-19086,-5990,0,-3,0|937110,-5256,369882,2,-5,0]
[2164984975:-915224,-22442,417760,0,0,0|1004370,-18596,-9432,0,-1,0|937110,-3786,367915,2,-3,0]
[2164989975:-913750,-24891,415299,0,1,0|1002409,-18107,-11399,0,0,0|935640,-845,366440,1,0,0]
[2164994975:-912768,-27339,413822,0,0,0|1000938,-17617,-12382,1,2,0|934169,624,365456,0,0,0]
[2164999975:-912768,-28319,412837,0,0,0|1000447,-17128,-11399,2,3,0|933679,1604,364473,0,2,0]
[2165004975:-913750,-29298,411853,-1,-2,0|1000938,-16149,-9924,1,3,0|934169,2584,363981,0,4,0]
[2165009975:-914241,-29788,410868,0,-2,0|1002409,-15170,-7465,0,3,0|934659,3564,364473,0,5,0]
[2165014975:-913750,-30278,411360,0,0,0|1002899,-14681,-5007,0,3,0|935150,4054,365948,0,6,0]
[2165019975:-912277,-30767,412837,0,0,0|1001918,-13702,-1565,0,4,0|933679,4054,367915,-2,8,0]
[2165024975:-910312,-31257,416283,0,-1,0|1000938,-13212,892,0,4,0|931718,3564,369882,-2,7,0]
[2165029975:-908839,-31257,419237,0,-3,0|1000938,-12723,3351,0,6,0|930738,3564,370865,0,6,0]
[2165034975:-908348,-30767,420222,0,-4,0|1001428,-11744,5317,1,5,0|930248,3564,370865,0,3,0]
[2165039975:-907857,-30278,420222,-1,-2,0|1002409,-11255,6301,2,4,0|931228,3564,371849,1,3,0]
[2165044975:-907857,-30278,420714,0,0,0|1002899,-11255,8267,2,3,0|931228,4054,373816,0,5,0]
[2165049975:-907366,-31747,422683,0,-1,0|1001918,-11255,9251,1,3,0|929267,5034,376274,1,4,0]
[2165054975:-906383,-33706,423175,0,-2,0|1000447,-10765,9742,0,3,0|926816,6014,376766,0,4,0]
[2165059975:-905401,-34685,422191,0,-4,0|998486,-10276,9742,0,3,0|925346,7485,375291,1,4,0]
[2165064975:-904419,-35665,419237,0,-3,0|997015,-9787,8759,0,1,0|923875,8465,372832,1,6,0]
[2165069975:-903437,-36154,415791,0,0,0|996525,-9297,7776,0,0,0|923385,8955,369390,1,2,0]
[2165074975:-904419,-36644,413822,0,2,0|997015,-9297,6792,0,-1,0|924365,9445,367915,1,0,0]
[2165079975:-906383,-36644,414806,0,1,0|997996,-8808,5317,0,-1,0|925346,9935,369390,0,0,0]
[2165084975:-907366,-37134,417268,0,0,0|998977,-8808,4334,0,0,0|926816,10425,371357,0,0,0]
[2165089975:-907366,-37134,418252,2,0,0|999467,-8808,3351,0,0,0|927307,9935,371849,1,1,0]
[2165094975:-907366,-36154,417760,1,0,0|998977,-8808,1876,0,0,0|927797,8955,370374,0,1,0]
[2165099975:-907366,-35175,416283,0,1,0|998486,-9297,892,1,0,0|927797,8955,367915,0,0,0]
[2165104975:-907366,-35175,415299,0,2,0|998486,-9787,892,1,0,0|927307,8465,367423,0,0,0]
[2165109975:-907366,-35175,415791,0,1,0|998977,-10276,892,0,0,0|927797,8465,368898,0,-1,0]
[2165114975:-908348,-35175,417268,0,0,0|1000447,-10765,1384,0,1,0|929267,7485,371357,0,3,0]
[2165119975:-909821,-34685,417760,0,0,0|1001428,-10765,1876,0,1,0|930738,6504,372340,0,3,0]
[2165124975:-911295,-33216,417268,0,0,0|1002409,-11255,1876,0,0,0|931718,5524,370865,0,2,0]
[2165129975:-911786,-32237,415299,0,0,0|1002409,-11744,1384,0,0,0|933189,5034,368407,1,1,0]
[2165134975:-911786,-31747,414314,0,0,0|1001428,-12234,400,0,0,0|933189,4054,367915,0,2,0]
[2165139975:-910804,-31747,414806,1,1,0|1000938,-13212,-90,0,1,0|931718,3564,368407,0,0,0]
[2165144975:-910804,-31257,416283,1,0,0|1000447,-13702,-1074,0,2,0|931228,3564,369882,1,2,0]
[2165149975:-910804,-31257,417268,0,-3,0|999957,-13702,-2057,0,3,0|930738,3564,370374,0,3,0]
[2165154975:-910312,-30278,416776,0,-4,0|999467,-14681,-2549,0,4,0|930248,3564,369390,0,4,0]
[2165159975:-909330,-29788,415299,0,-2,0|998977,-15660,-2057,1,5,0|929758,2584,368407,0,5,0]
[2165164975:-908348,-28809,414806,0,0,0|999957,-17128,-582,2,4,0|930248,1114,368407,0,4,0]
[2165169975:-908839,-27339,416776,0,-1,0|1000938,-18107,1384,2,4,0|930248,134,369390,0,4,0]
[2165174975:-909821,-25870,418745,0,-4,0|1001918,-19086,3842,0,4,0|931228,-1335,371357,1,5,0]
[2165179975:-909330,-25380,419237,0,-4,0|1001428,-19575,5317,0,4,0|930248,-1825,372340,1,5,0]
[2165184975:-908348,-24891,417760,1,-2,0|1000938,-20554,6301,0,3,0|929758,-2805,372340,0,5,0]
[2165189975:-907366,-23421,416776,0,0,0|999467,-21533,6301,1,2,0|928777,-3786,370865,0,4,0]
[2165194975:-907366,-21952,416776,0,0,0|998977,-22022,6301,2,0,0|927797,-4276,369390,0,2,0]
[2165199975:-907366,-21463,418252,-1,-2,0|998977,-22511,5809,1,1,0|927797,-4766,370374,1,1,0]
[2165204975:-907366,-22442,418745,-1,-2,0|998977,-23001,5317,1,2,0|926816,-3786,372340,1,3,0]
[2165209975:-906383,-23421,418745,0,-1,0|998486,-23001,4826,0,2,0|925836,-3295,372832,1,3,0]
[2165214975:-906383,-23421,417268,1,0,0|997996,-23001,3842,0,2,0|925836,-3295,371849,1,3,0]
[2165219975:-906874,-23421,417268,0,0,0|998486,-22511,2859,1,2,0|926326,-2805,369882,0,1,0]
[2165224975:-906874,-23911,417760,0,0,0|998486,-22022,2859,1,1,0|926816,-2805,369390,0,1,0]
[2165229975:-906383,-24891,419237,0,0,0|998977,-21533,3351,1,1,0|927307,-2805,370865,1,2,0]
[2165234975:-906874,-25380,419237,0,0,0|998977,-21043,4334,1,1,0|926816,-2805,372340,1,2,0]
[2165239975:-907857,-25870,419237,0,0,0|999467,-20554,4826,1,2,0|927797,-2315,373324,1,4,0]
[2165244975:-908348,-25870,418745,0,0,0|1000447,-19575,5809,0,1,0|928777,-1825,372340,0,2,0]
[2165249975:-908348,-26850,418745,0,0,0|1001428,-18107,5809,0,0,0|929758,-845,371849,0,2,0]
[2165254975:-908348,-28319,418745,0,0,0|1000938,-17128,6301,1,0,0|929758,-355,371357,1,0,0]
[2165259975:-907857,-29788,418745,0,0,0|1000447,-15660,5809,1,0,0|929758,1114,371357,2,2,0]
[2165264975:-908348,-31257,418252,0,0,0|999957,-14681,4826,1,-1,0|928777,2584,370865,1,2,0]
[2165269975:-908348,-32726,416283,0,-1,0|999467,-13702,3351,1,0,0|928287,4054,370374,1,2,0]
[2165274975:-908348,-34196,413822,0,-1,0|998977,-12723,1384,0,0,0|927797,6504,368898,0,1,0]
[2165279975:-907366,-35665,412345,0,1,0|997996,-12234,-90,0,0,0|927307,7975,367915,0,1,0]
[2165284975:-906874,-36644,411853,1,2,0|996035,-11744,-1565,0,0,0|925836,9445,366440,0,1,0]
[2165289975:-905892,-36644,411853,0,1,0|994564,-11255,-2057,0,0,0|914562,-4276,354147,-2,-3,0]
[2165294975:-905892,-36644,412837,-1,0,0|994074,-11255,-1565,0,0,0|916032,-2315,358572,0,-3,0]
[2165299975:-906874,-36154,413822,-1,0,0|995054,-11255,-1074,0,0,0|919464,1604,363981,0,0,0]
[2165304975:-909821,-21952,431052,0,2,0|997506,-11744,400,0,0,0|923875,4544,368407,0,1,0]
[2165309975:-909821,-22932,429575,2,0,0|999957,-11744,2367,-1,1,0|927797,5034,371357,0,1,0]
[2165314975:-909821,-25380,427114,1,0,0|1001918,-11744,3842,0,0,0|931228,4544,372832,0,1,0]
[2165319975:-909821,-27829,424652,0,0,0|1003880,-12234,5809,0,0,0|933189,3564,374307,0,0,0]
[2165324975:-909330,-29788,422191,0,0,0|1003880,-12234,6301,0,0,0|933679,3074,375291,1,0,0]
[2165329975:-908348,-30767,420714,0,0,0|1003389,-12723,6301,0,0,0|933189,2584,375782,1,1,0]
[2165334975:-908348,-31257,419237,0,0,0|1002409,-12723,5809,0,0,0|931718,3074,374799,1,2,0]
[2165339975:-907366,-32726,418252,0,0,0|1000447,-12723,4826,0,0,0|930248,4054,373816,1,3,0]
[2165344975:-906383,-33706,416776,0,0,0|998486,-12723,3351,0,1,0|927797,5034,371849,0,2,0]
[2165349975:-905401,-34685,415791,0,0,0|997015,-12234,2859,1,0,0|925836,6504,370374,0,2,0]
[2165354975:-905401,-34685,414314,0,0,0|995544,-12234,2367,1,0,0|924365,7485,369390,1,0,0]
[2165359975:-906383,-34685,413822,0,0,0|995544,-12234,2367,0,0,0|924365,7975,368898,0,2,0]
[2165364975:-906874,-33706,414314,0,1,0|996525,-12723,2367,0,0,0|924856,7485,367915,0,0,0]
[2165369975:-907366,-32726,415299,0,1,0|997996,-13702,3351,-1,-1,0|925836,6504,368407,0,0,0]
[2165374975:-907857,-31747,416776,0,3,0|998977,-13702,3842,-2,-1,0|926816,5524,369390,0,-1,0]
[2165379975:-907857,-30278,417760,0,2,0|999957,-14191,4334,-1,-1,0|927797,4544,370374,0,0,0]
[2165384975:-908348,-28809,419237,0,1,0|1000938,-14681,4334,-1,-1,0|928287,3564,370865,0,0,0]
[2165389975:-908839,-27829,419237,0,1,0|1001918,-15170,3842,0,-2,0|929267,2094,371849,0,-1,0]
[2165394975:-909821,-26850,419729,0,2,0|1002409,-15660,3351,0,-1,0|930738,1114,372340,0,0,0]
[2165399975:-909821,-26850,419729,0,1,0|1002899,-16149,2367,0,0,0|931228,624,372832,0,0,0]
[2165404975:-910312,-26850,418745,1,1,0|1002899,-17128,1384,0,0,0|931718,134,372832,0,0,0]
[2165409975:-909821,-27339,417268,1,0,0|1001918,-17617,400,0,0,0|930738,134,371849,1,0,0]
[2165414975:-909330,-28319,415791,0,0,0|1000938,-17617,-582,0,0,0|930248,134,370374,0,1,0]
[2165419975:-908839,-28809,414314,0,0,0|998977,-18107,-1074,0,0,0|928287,1114,368898,0,1,0]
[2165424975:-908348,-28319,414314,0,0,0|997996,-18596,-582,0,0,0|927307,1604,367915,0,0,0]
[2165429975:-908348,-27829,414806,0,1,0|997506,-18596,-90,0,0,0|926816,1604,367423,1,1,0]
[2165434975:-908348,-26360,415791,0,0,0|997996,-18596,400,0,0,0|926816,624,367423,0,1,0]
[2165439975:-908348,-25870,416776,0,0,0|998977,-18596,1384,0,0,0|927797,134,368407,0,0,0]
[2165444975:-908348,-25870,417760,0,0,0|999957,-18596,2859,0,0,0|928287,-355,369390,0,0,0]
[2165449975:-907857,-25380,418745,0,1,0|1000447,-19086,3842,0,0,0|928777,-845,370865,0,1,0]
[2165454975:-907857,-25380,419237,0,1,0|1000447,-19086,4826,0,0,0|928777,-1825,371849,0,1,0]
[2165459975:-907366,-25870,419729,0,0,0|1000447,-19086,5317,0,0,0|928287,-1825,372340,0,0,0]
[2165464975:-906874,-26850,419237,0,0,0|999957,-19086,5809,0,0,0|927797,-1335,372340,0,0,0]
[2165469975:-906383,-27829,419237,0,1,0|998977,-18596,6301,0,-1,0|926816,-845,372832,1,1,0]
[2165474975:-905892,-28319,419237,0,1,0|998486,-18596,6301,0,-1,0|926326,-355,372340,1,0,0]
[2165479975:-906383,-28809,418745,0,1,0|998486,-18107,6301,0,-2,0|926326,624,371849,1,-1,0]
[2165484975:-906874,-29298,418252,0,2,0|998977,-17617,5809,0,-2,0|926816,1114,371849,0,-1,0]
[2165489975:-906874,-29788,418252,0,2,0|999467,-17128,5317,-1,-2,0|927307,1604,371849,0,-1,0]
[2165494975:-907366,-29788,418745,1,3,0|999467,-16149,4334,-1,-1,0|927797,2094,371849,0,-3,0]
[2165499975:-907857,-29788,418745,1,3,0|999467,-15660,3351,-1,-2,0|928287,2584,371849,1,-2,0]
[2165504975:-908348,-30278,418745,0,2,0|999467,-15170,2367,0,-2,0|928777,3564,371849,1,0,0]
[2165509975:-908348,-30278,417760,0,1,0|999467,-14681,1384,0,-1,0|929267,3564,371357,1,0,0]
[2165514975:-909330,-30767,417268,0,2,0|999957,-14191,892,0,-1,0|929758,3564,370374,1,-1,0]
[2165519975:-910312,-31257,416776,0,2,0|1000938,-13702,400,1,-1,0|930738,4054,370374,1,0,0]
[2165524975:-910804,-31257,416776,0,1,0|1001428,-13702,-90,0,0,0|931228,4544,369882,0,0,0]
[2165529975:-910804,-31747,415791,0,0,0|1001428,-13212,-90,0,0,0|931718,4544,369390,1,0,0]
[2165534975:-910804,-32237,415299,0,0,0|1001428,-12723,-90,0,0,0|931718,4544,368898,0,-1,0]
[2165539975:-910312,-32726,414806,0,0,0|1000938,-12234,-1074,0,0,0|931228,5034,368898,0,0,0]
[2165544975:-909821,-32726,415299,0,1,0|1000447,-12234,-1074,0,0,0|930248,5524,368407,0,0,0]
[2165549975:-909821,-32237,415299,0,0,0|999957,-12234,-1565,0,0,0|930248,5524,368407,0,0,0]
[2165554975:-909330,-32726,415791,0,0,0|999957,-13212,-1074,0,0,0|930248,5524,368407,0,1,0]
[2165559975:-908839,-32726,416283,0,0,0|1000447,-13212,-582,0,1,0|929758,5524,368898,0,1,0]
[2165564975:-908348,-32237,416776,0,0,0|1000447,-13212,400,0,1,0|928777,5524,369882,0,1,0]
[2165569975:-907857,-31747,417760,0,0,0|999957,-13212,1876,0,2,0|928287,5524,370374,0,2,0]
[2165574975:-907366,-31257,418745,0,0,0|999957,-13702,3351,0,1,0|928287,5034,370865,0,2,0]
[2165579975:-906874,-31747,419237,0,0,0|999467,-13702,4826,0,1,0|928287,5034,371357,0,1,0]
[2165584975:-906874,-31747,419237,0,0,0|999467,-14191,6301,0,1,0|927307,5034,371849,1,0,0]
[2165589975:-906383,-31747,419237,0,0,0|998977,-14191,7284,0,1,0|927307,4544,372340,1,0,0]
[2165594975:-892632,-35175,407914,0,0,0|998977,-14191,8267,0,0,0|925346,6995,369882,-3,-4,0]
[2165599975:-800300,-17545,297639,-42,268,-1|999467,-13702,8759,2,0,0|886131,6995,352672,-11,-109,-14]
[2165604975:-252202,102438,-258656,-592,2263,-54|1000447,-14191,11709,-1,7,0|685154,-17017,307926,54,-733,15]
[2165609975:155923,89215,-880428,-640,5436,176|1003880,-14681,36293,-15,68,0|231730,2584,-46107,33,-2801,-37]
[2165614975:86674,72075,-1244729,-357,7491,409|1004860,-11744,40227,-7,136,0|-150616,36887,-554539,64,-5973,-163]
[2165619975:-434410,-78761,-1163992,15,7682,362|987700,-12723,-5499,-16,68,-5|-71206,41788,-906115,78,-8195,-250]
[2165624975:-799809,-211478,-971504,423,7680,87|981326,-19575,-37458,-19,-84,-5|265553,45708,-980364,28,-9000,-290]
[2165629975:-881336,-274163,-724370,385,8644,-422|987209,-25937,-5007,10,-147,3|571430,34927,-782203,-88,-9482,-296]
[2165634975:-808158,-29788,-582588,-305,10297,-288|993583,-22022,54977,18,-92,3|941032,7485,-276721,-40,-9392,-267]
[2165639975:-1062071,94603,-257179,-356,10558,206|1009763,-17617,81036,-26,-18,-17|1269948,1604,136318,164,-8622,-236]
[2165644975:-1528150,69137,157335,-356,10558,206|1016627,-16149,50552,-36,-1,-9|1426808,9445,243020,133,-8068,-227]
[2165649975:-2167597,1605910,-1154146,18,8986,316|1009763,-14191,-19266,-54,-61,15|1344457,126076,1108436,103,-6783,-163]
[2165654975:-2633677,-2001442,1075963,93,8409,78|1005841,-16638,-54667,-24,-74,11|1276320,138817,927977,35,-6763,-183]
[2165659975:-2439190,-1617494,956334,-83,8391,50|993583,-20554,-44833,25,-5,-10|1178773,96673,605413,38,-6886,-195]
[2165664975:-2090490,-974968,683601,-292,8074,95|977894,-15170,-38933,22,68,-9|1026815,55509,204174,92,-7307,-190]
[2165669975:-1755542,-435285,299609,-339,7614,271|987209,-11744,-49750,-6,80,5|926326,12875,-235909,73,-7975,-207]
[2165674975:-1384741,-113042,-200565,-308,7665,306|1012215,-17128,-62042,23,41,1|911130,8465,-565849,93,-8411,-222]
[2165679975:-1065508,75993,-638218,-656,8711,148|1023982,-17617,-50241,29,9,-5|942993,5034,-708446,125,-8639,-221]
[2165684975:-1078278,72075,-679079,-420,8937,244|1023001,-14191,-16316,9,15,1|1011619,21696,-677960,51,-8876,-226]
[2165689975:-1152929,3023,-641172,110,8417,299|1008292,-15170,20068,15,28,9|1122892,11405,-553064,51,-8809,-234]
[2165694975:-1122479,-44480,-746523,2,8723,107|996525,-20554,33343,14,19,11|1205733,8955,-465047,53,-8516,-212]
[2165699975:-1137213,-70925,-794769,-203,9202,-13|993093,-20554,35310,-7,-4,0|1239556,35417,-433578,58,-8149,-205]
[2165704975:-1243787,-61131,-662833,-74,8932,33|996525,-21533,26459,-7,-23,-11|1226812,48649,-453738,27,-7889,-196]
[2165709975:-1283569,-1384,-540251,3,8513,103|999467,-19575,21543,-24,-27,-12|1202792,28557,-480782,32,-7752,-201]
[2165714975:-1208918,70606,-554527,-189,8642,176|993093,-13212,22526,-23,-12,3|1208184,5034,-469965,75,-7491,-203]
[2165719975:-1158331,79911,-620003,-502,8906,160|986719,-8318,22034,17,10,8|1193479,18756,-461605,60,-7142,-204]
[2165724975:-1188781,57873,-582096,-872,8744,20|984268,-14191,7284,34,9,0|1189557,11895,-437511,60,-6640,-169]
[2165729975:-1412244,-19993,-290163,-414,7219,188|1000447,-18107,-10415,7,-21,-6|1231223,19246,-414893,21,-5765,-103]
[2165734975:-1552215,-57213,-27276,-86,5652,220|1010253,-13212,-13366,9,-38,-1|1390534,4544,-251644,-2,-4386,-66]
[2165739975:-1629322,-101289,161273,20,4421,173|1019569,-11744,-3040,0,-31,9|1565041,6014,-39223,-21,-2755,-32]
[2165744975:-1552215,-118919,167673,72,3550,80|1011724,-15660,19576,-9,15,9|1639550,13365,110257,-4,-1283,-44]
[2165749975:-1370007,-107655,54444,-8,2892,-30|1000938,-17617,26459,0,57,2|1530728,29537,62069,-12,-334,-25]
[2165754975:-1208918,-84638,-52383,31,2031,-83|995544,-16149,5809,-1,44,-3|1312594,29537,-121831,0,300,-30]
[2165759975:-1075331,-56723,-154781,107,1213,-62|991132,-16149,-16807,-11,-6,-2|1067500,18756,-333760,14,709,2]
[2165764975:-1026218,-16565,-197119,67,699,-43|988680,-13212,-16807,-2,-32,-4|895444,26596,-484224,-30,833,58]
[2165769975:-1022780,18205,-199088,40,204,18|984268,-9787,32851,1,-2,-3|828779,25126,-546672,-24,801,34]
[2165774975:-973668,48078,-255702,-55,-248,50|992603,-12723,34326,12,38,0|775348,23656,-600269,-3,608,5]
[2165779975:-868567,66198,-383700,-153,-626,82|1006331,-12234,18593,1,36,0|705251,18266,-684843,14,389,-4]
[2165784975:-761992,50527,-539266,-239,-776,81|1009763,-10765,10234,-7,-7,-1|645448,30517,-764993,2,217,2]
[2165789975:-691761,85,-708124,-155,-607,19|1002409,-12234,18593,-9,-47,-2|630253,27086,-788595,-22,70,17]
[2165794975:-657873,-38113,-813968,-18,-269,-5|996035,-12723,24493,-2,-35,2|688095,17286,-721722,2,-30,0]
[2165799975:-649524,-51336,-836614,45,-135,8|997015,-13702,11217,11,0,3|767015,19736,-627805,30,-13,-18]
[2165804975:-637737,-46929,-845968,30,-153,-15|1007312,-15170,-10415,9,6,0|803289,28067,-592401,25,69,-18]
[2165809975:-628406,-23911,-842029,9,-133,-25|1011234,-15660,-23199,-5,-15,-4|801328,34927,-609120,-7,160,2]
[2165814975:-654435,-6281,-793784,3,-78,-14|1007312,-13212,-21232,-15,-27,-4|778289,29047,-641081,-28,129,19]
[2165819975:-700110,-404,-719447,12,-90,-3|997996,-12723,-15824,-15,-12,0|768976,23656,-645015,-16,1,13]
[2165824975:-719755,-894,-681048,17,-139,-3|993583,-13702,-17791,-1,10,1|775839,19246,-624854,7,-49,-2]
[2165829975:-700110,-2853,-698278,8,-149,-16|994564,-14191,-24674,12,17,0|776819,22676,-617479,17,-15,-12]
[2165834975:-674080,574,-734708,-1,-104,-19|999957,-15660,-24182,10,6,-1|770937,26106,-626821,-2,46,-1]
[2165839975:-670642,2533,-750954,-6,-31,-13|1003880,-17128,-13366,-1,-1,-1|757702,25616,-646982,-13,17,8]
[2165844975:-691761,2533,-732739,3,-1,1|1004370,-15660,2859,-8,3,-2|767995,23656,-640098,-14,-42,13]
[2165849975:-709933,3023,-709601,9,-6,6|1002409,-14191,14168,-5,14,-1|794956,22186,-612562,-4,-28,3]
[2165854975:-708459,5472,-704186,0,-17,0|999957,-15170,16626,2,17,0|810642,20226,-595843,3,30,-8]
[2165859975:-692252,5472,-715509,-7,-9,-5|998486,-16149,14659,9,8,2|795446,17286,-610595,6,54,-9]
[2165864975:-682430,-1873,-727324,-7,6,-7|998977,-16638,14168,7,-5,2|762113,17776,-641573,5,-15,0]
[2165869975:-692743,-6281,-720924,0,14,-3|999957,-18596,16134,0,-13,0|761133,24636,-639114,-3,-54,8]
[2165874975:-714353,-4812,-700740,8,2,6|1000447,-17617,17118,-7,-12,-3|786132,28557,-612562,-8,-31,4]
[2165879975:-724666,2043,-685478,8,-11,9|999467,-15660,13184,-10,-1,-3|810152,25616,-588959,-4,24,-5]
[2165884975:-714353,4492,-693355,1,-6,4|997996,-16638,3842,-3,5,1|804269,17776,-597318,4,33,-7]
[2165889975:-696181,85,-711570,-6,4,-6|996525,-18596,-3040,5,2,2|779760,17286,-621904,8,1,-3]
[2165894975:-691270,-5301,-717970,-6,13,-12|996525,-18596,-2549,7,-6,0|762113,22186,-637147,0,-27,6]
[2165899975:-705021,-3832,-704186,0,3,-7|997015,-18596,4826,1,-7,-3|771917,26596,-624363,-5,-27,5]
[2165904975:-720246,1064,-687448,7,-10,4|997506,-18596,11709,-4,2,-2|796917,24146,-598302,-6,8,1]
[2165909975:-716317,3023,-690401,7,-15,5|998486,-17617,12201,-5,11,-1|805740,19736,-590926,2,26,-5]
[2165914975:-694708,2043,-715016,1,-1,0|1000447,-18107,7776,0,6,0|790544,18266,-609611,4,20,-4]
[2165919975:-678992,1554,-735201,-4,15,-6|1002409,-18596,4826,2,-8,0|764074,19736,-640589,0,-11,0]
[2165924975:-684885,2043,-731754,-2,22,-2|1001918,-18107,5317,-1,-21,-1|757702,21696,-649932,-5,-38,4]
[2165929975:-706495,1554,-707140,4,10,3|999957,-17128,5809,-6,-19,-1|774858,21206,-631247,-6,-31,2]
[2165934975:-720737,85,-689417,9,-7,6|997996,-17617,3351,-7,-6,0|798387,20716,-603711,-1,-3,-3]
[2165939975:-715335,-894,-692863,6,-10,3|997015,-17617,-4024,-4,2,-1|804269,20226,-593385,1,28,-5]
[2165944975:-699128,-1384,-710093,-1,0,-5|998486,-16638,-10415,0,5,-2|786623,19736,-612562,1,16,-1]
[2165949975:-691761,-404,-720924,-7,8,-10|1001428,-16638,-11890,2,0,-2|769466,19736,-635180,-2,-12,3]
[2165954975:-701583,-894,-714524,-6,5,-6|1003389,-16638,-6974,4,-5,-1|769466,20226,-639606,-3,-25,4]
[2165959975:-713371,-404,-702217,0,-8,0|1003389,-15170,400,4,-1,-1|787113,21206,-621904,0,-7,0]
[2165964975:-713371,-404,-701232,5,-13,4|1002899,-15170,3351,1,6,0|800348,21206,-606661,1,20,-3]
[2165969975:-699128,-894,-716001,3,-8,2|1002409,-15170,1384,-2,9,0|794466,22186,-612070,2,21,-2]
[2165974975:-685867,-2363,-729293,-1,6,-1|1001918,-13702,-1565,-4,2,0|776819,24146,-630755,-1,2,1]
[2165979975:-686850,-3832,-726831,-4,13,-4|999957,-12723,-582,-2,-7,0|763584,25616,-644031,-4,-23,4]
[2165984975:-702075,-4322,-708124,0,7,-1|997015,-12723,3842,0,-10,0|787113,25616,-611086,-3,-22,3]
[2165989975:-716317,-5791,-690894,3,-8,2|995544,-11744,7284,0,-3,0|787113,25616,-611086,0,-2,0]
[2165994975:-715335,-7260,-690894,5,-12,1|995544,-11255,6792,0,5,-1|797407,26596,-597318,2,15,-3]
[2165999975:-704039,-7750,-704678,2,-3,-2|996525,-11744,5317,-1,7,-1|791524,27577,-602727,0,17,-1]
[2166004975:-695199,-7750,-715016,-2,5,-6|997506,-11255,6301,-1,2,-1|777799,28557,-619446,-4,-2,2]
[2166009975:-697654,-5791,-712063,-2,7,-5|998486,-10276,10234,0,-4,-2|779270,25616,-622396,-4,-16,3]
[2166014975:-707477,-4812,-702709,0,0,0|999467,-10765,14168,0,-7,-1|779270,25616,-622396,0,-14,0]
[2166019975:-711406,-4322,-700740,3,-5,3|1000938,-11255,13676,1,-4,0|791524,25126,-610595,2,1,-4]
[2166024975:-705512,-5301,-708616,5,-2,2|1001918,-11255,8267,0,-2,0|785152,26106,-619446,2,10,-5]
[2166029975:-697654,-5301,-717970,2,4,0|1002409,-12723,1384,-4,-3,0|777309,26106,-628296,0,0,-1]
[2166034975:-696672,-4322,-717970,0,9,-1|1001428,-13212,-2549,-6,-7,-1|777799,24636,-627313,-4,-13,2]
[2166039975:-703548,-3343,-708124,-1,4,-1|999957,-12723,-3532,-3,-7,-1|785642,23166,-617479,-3,-16,2]
[2166044975:-710424,-3343,-698770,0,-3,0|998977,-13212,-3040,1,-3,0|789564,23166,-612070,0,-1,0]
[2166049975:-708950,-3832,-701232,1,-7,0|999467,-14191,-4515,3,3,0|786132,24636,-615512,3,8,-3]
[2166054975:-700601,-4322,-712063,0,-3,-2|1000447,-14681,-5990,2,4,0|778780,26106,-624854,2,7,-1]
[2166059975:-694708,-4322,-719939,0,3,-3|1001428,-15170,-5007,-1,2,-1|776329,25616,-629280,-2,-1,2]
[2166064975:-696672,-2363,-717970,0,4,-2|1000938,-15660,-1074,-3,0,-1|780250,23656,-624854,-5,-8,4]
[2166069975:-703057,-894,-709109,1,0,0|999957,-15170,3351,0,0,0|784662,21696,-618462,-3,-4,2]
[2166074975:-705512,-894,-704678,3,-4,1|999467,-15170,4826,0,0,0|785152,22186,-616495,2,0,-1]
[2166079975:-701583,-1384,-708616,1,-2,0|999467,-16149,2859,0,0,0|780740,23656,-620921,3,5,-2]
[2166084975:-698146,-2363,-714032,0,2,-1|999467,-16638,892,-3,-3,-2|778289,24146,-623379,0,0,-1]
[2166089975:-699619,-2363,-712555,0,3,-3|999467,-16638,400,-3,-2,-1|781721,23166,-619937,-3,-7,2]
[2166094975:-706004,-1384,-704678,0,0,-1|998977,-16638,1876,0,1,0|787603,21206,-613053,-4,-7,3]
[2166099975:-709933,-404,-699263,1,-5,0|998486,-16638,3351,2,4,0|788583,20226,-611578,0,1,0]
[2166104975:-706986,85,-702217,0,-5,0|998977,-16149,3351,3,2,0|783191,20716,-618462,2,10,-2]
[2166109975:-700110,-404,-710586,-1,0,-2|1000447,-16638,3351,1,0,0|778289,21696,-625346,2,4,-2]
[2166114975:-697163,-894,-716493,-1,3,-3|1001918,-17617,4334,-1,-4,-1|779270,22186,-625346,0,-5,1]
[2166119975:-701583,-404,-713047,0,2,-1|1001918,-17128,6301,-3,-3,0|786623,21696,-618462,-2,-10,3]
[2166124975:-707968,574,-704678,2,-1,1|1000938,-16638,8267,-2,0,0|790544,20226,-613053,-2,-4,2]
[2166129975:-709441,1554,-701232,2,-2,2|999467,-16638,7776,0,0,0|787603,19736,-614528,0,4,0]
[2166134975:-704530,85,-704186,0,-1,0|998486,-16638,5317,0,-2,0|780740,20716,-620429,1,4,-2]
[2166139975:-700110,-1384,-709109,0,3,-2|997506,-16638,3351,0,-4,0|776819,22186,-622396,1,-2,0]
[2166144975:-701092,-1873,-708124,0,3,-3|997506,-17128,3351,-1,-4,-1|781231,22676,-616987,-1,-9,1]
[2166149975:-706495,-1384,-702709,1,0,-1|997506,-17128,5317,-1,0,-1|787603,21696,-610595,-2,-7,2]
[2166154975:-709441,-404,-700247,2,-3,0|997996,-16638,6301,0,0,0|788583,21206,-611086,0,2,0]
[2166159975:-705512,85,-705170,2,-2,0|999467,-17128,5317,0,-1,0|782211,21206,-619446,1,7,-2]
[2166164975:-698146,85,-714032,0,2,-1|1000447,-17617,2367,0,-5,-1|775839,21696,-628788,1,1,-1]
[2166169975:-695199,85,-718955,0,7,-2|1000938,-17128,400,-1,-8,0|776329,22186,-630755,0,-8,0]
[2166174975:-698637,85,-715509,0,5,-1|1001428,-16638,-582,-2,-7,0|783681,22186,-623871,-1,-14,0]
[2166179975:-705021,85,-709109,1,0,1|1000938,-16638,-2057,-2,-2,0|789564,21696,-616495,-1,-8,0]
[2166184975:-706986,-404,-706155,2,-3,2|1000447,-15660,-4024,0,1,0|788093,21206,-617479,0,3,-1]
[2166189975:-703057,-1384,-709601,0,-2,0|999957,-15170,-6974,0,2,0|781721,21696,-624363,1,6,-1]
[2166194975:-698637,-1873,-714524,-2,0,-2|1000447,-15170,-7465,1,0,0|777309,22676,-628788,0,1,0]
[2166199975:-699128,-2853,-714032,-3,1,-3|1000447,-14191,-5990,0,0,0|780250,23656,-625346,-1,-5,2]
[2166204975:-704039,-2853,-709109,-1,-2,-1|1000447,-13702,-2057,0,3,0|786623,24636,-617479,-1,-5,2]
[2166209975:-707968,-2853,-705170,0,-5,0|1000447,-13212,1384,0,6,0|789074,24636,-614037,0,4,0]
[2166214975:-706004,-2853,-707140,1,-5,0|1000447,-12723,3842,0,4,0|783681,25616,-619446,0,10,0]
[2166219975:-700110,-3343,-712555,0,-1,0|1000447,-12723,4334,0,0,0|777309,26106,-625346,0,6,0]
[2166224975:-697163,-4322,-715509,-1,2,-1|1000447,-12234,5317,0,-3,0|776819,26596,-624854,0,-4,1]
[2166229975:-700110,-4812,-712063,-1,2,-1|999467,-12234,6301,0,-3,0|782211,27086,-618462,-1,-9,1]
[2166234975:-705512,-5301,-704678,0,-1,0|997996,-11255,7284,0,0,0|787603,27086,-611578,0,-4,0]
[2166239975:-707968,-6281,-701724,1,-4,0|997506,-11744,6792,0,2,0|787113,27577,-611086,0,3,-1]
[2166244975:-704530,-6771,-704678,0,-3,0|997506,-11744,5317,0,1,0|782701,27577,-616495,0,6,0]
[2166249975:-700601,-6771,-709109,0,0,-1|998486,-11255,3842,0,-1,0|779760,27577,-621412,-1,0,0]
[2166254975:-700110,-6281,-710093,-1,2,-2|999467,-11255,3842,0,-2,0|781721,26596,-620921,-1,-5,1]
[2166259975:-704039,-5301,-707140,-1,0,-1|1000447,-11744,5809,0,-1,0|786623,25616,-616495,-1,-6,1]
[2166264975:-706986,-4322,-704186,0,-2,0|1000938,-11744,6792,0,0,0|788583,25126,-615020,0,0,0]
[2166269975:-706495,-3832,-706155,1,-2,1|1001428,-12234,6301,0,0,0|786132,25616,-618462,2,4,-1]
[2166274975:-702566,-3832,-711078,0,0,0|1001918,-12723,4826,-2,-2,0|781721,25616,-622888,0,1,0]
[2166279975:-700110,-3832,-713539,0,2,0|1000938,-13212,2859,-2,-4,0|780250,25126,-623379,0,-4,1]
[2166284975:-701583,-3832,-710586,-1,1,0|999957,-13212,2367,0,-3,0|782701,24636,-619937,0,-8,1]
[2166289975:-704530,-3343,-706155,0,-1,0|998486,-13702,1876,0,0,0|784662,24146,-616004,0,-4,0]
[2166294975:-705021,-3343,-704186,0,-3,0|997996,-14191,892,0,0,0|783681,24146,-616495,2,2,-1]
[2166299975:-702566,-3343,-707632,0,-2,0|998486,-14681,-1074,0,0,0|780740,24146,-620921,2,3,0]
[2166304975:-699619,-2853,-712063,0,0,-1|999957,-15660,-2549,0,-1,0|779760,23166,-624363,0,0,0]
[2166309975:-699128,-1384,-714032,0,0,-2|1000938,-16149,-3040,0,0,0|781721,22186,-624363,-1,-3,1]
[2166314975:-702075,85,-712063,0,0,-1|1001428,-16149,-1565,0,0,0|784172,21206,-622396,0,-2,1]
[2166319975:-704039,1064,-710093,-1,-3,0|1001918,-16638,-582,0,1,0|785152,20716,-621412,1,0,0]
[2166324975:-703548,574,-710093,0,-3,0|1001428,-17128,-582,1,1,0|783191,21206,-622396,2,2,0]
[2166329975:-701092,-404,-712063,0,-2,-1|1000938,-16638,-1074,0,0,0|781721,21696,-623379,1,2,0]
[2166334975:-700601,-404,-712063,-1,-1,-2|1000938,-16638,-90,0,0,0|782211,21696,-621904,0,0,2]
[2166339975:-703057,-404,-708616,-1,-2,-1|999957,-16638,1876,0,1,0|784662,21696,-617970,0,-1,2]
[2166344975:-705512,-894,-705170,-1,-3,0|999467,-16638,3842,0,3,0|785642,21696,-616004,0,0,1]
[2166349975:-706004,-894,-704186,-1,-4,0|998977,-16149,5317,1,2,0|784172,21696,-616495,1,4,0]
[2166354975:-703548,-894,-706647,-1,-3,-1|999467,-16638,5809,1,0,0|781721,21696,-618954,2,4,0]
[2166359975:-701583,-1384,-709109,-1,-1,-1|999467,-16638,6792,0,-1,0|781721,22186,-619937,1,0,0]
[2166364975:-702075,-1384,-709109,-1,0,-1|999467,-16638,7776,-1,-1,0|783681,22186,-617970,0,-3,1]
[2166369975:-704530,-1384,-706647,0,0,0|999467,-16638,8267,0,0,0|786132,21696,-615512,0,-2,1]
[2166374975:-706004,-894,-704186,0,-1,1|999467,-16638,7776,0,0,0|786132,20716,-616004,1,0,0]
[2166379975:-705021,-894,-705663,0,-1,0|999467,-16149,6301,0,0,0|783681,20716,-618954,2,2,0]
[2166384975:-703057,-404,-708616,-1,0,-1|999957,-16638,3842,0,-1,0|782211,21206,-621904,1,0,0]
[2166389975:-702075,-894,-710093,-2,0,0|1000447,-17128,1876,0,-1,0|782701,21696,-620921,1,-3,1]
[2166394975:-703057,-404,-709109,-1,0,0|1000447,-16638,892,0,0,0|785152,21696,-618462,0,-2,1]
[2166399975:-705021,-404,-706647,0,-2,0|1000447,-16638,892,0,1,0|786623,21696,-616987,1,0,1]
[2166404975:-705021,-404,-707140,0,-3,0|1000447,-16149,400,0,2,0|784662,21696,-619446,1,4,0]
[2166409975:-702566,-404,-710093,-1,-1,0|1000938,-15660,-582,1,1,0|781721,21696,-623379,1,4,0]
[2166414975:-700601,-894,-713047,-2,0,0|1001428,-15660,-582,1,0,0|780740,22186,-624854,1,0,1]
[2166419975:-701092,-894,-713047,-2,-1,0|1001428,-15170,-90,0,0,0|783191,22676,-622396,1,-1,2]
[2166424975:-704039,-1384,-709601,-2,-2,0|1000938,-15170,892,0,1,0|785642,22676,-618954,1,0,2]
[2166429975:-705021,-1384,-707632,-1,-4,0|1000447,-14681,1384,0,2,0|785642,23166,-617479,2,3,1]
[2166434975:-704039,-1873,-707632,-1,-4,0|999957,-14681,1876,1,2,0|783191,23656,-619446,2,6,0]
[2166439975:-701583,-2853,-709601,-2,-2,-1|999957,-14191,1876,1,1,0|780740,24146,-621904,2,4,1]
[2166444975:-701092,-3343,-710586,-3,-1,-1|999957,-13702,1876,2,1,0|781231,24636,-621904,2,0,2]
[2166449975:-702075,-3343,-709109,-2,-2,-1|999957,-13702,2367,2,1,0|783681,24146,-618954,2,0,1]
[2166454975:-703548,-3343,-708124,-2,-4,0|999957,-13212,2859,1,2,0|784172,25126,-617970,2,2,0]
[2166459975:-702075,-4812,-708616,0,-4,1|998977,-12234,2859,0,2,0|780250,28067,-618462,2,5,1]
[2166464975:-697654,-8240,-711078,0,-1,0|996525,-12234,2859,-1,0,0|774858,31007,-617970,1,1,1]
[2166469975:-694217,-10689,-710586,1,0,-1|992603,-12234,2859,-2,0,0|772407,31007,-616004,-1,-2,0]
[2166474975:-695199,-10199,-707140,1,2,-3|991132,-12234,3842,0,-1,0|774858,28557,-613545,-3,-2,0]
[2166479975:-700601,-7750,-702709,1,0,-2|993093,-12723,5809,0,0,0|780740,26596,-613053,-2,-1,1]
[2166484975:-706495,-4322,-703201,1,-2,-1|997996,-12723,7776,0,0,0|786623,24636,-615512,0,0,0]
[2166489975:-707968,-1384,-707632,0,-1,0|1002899,-13212,8267,0,-1,0|789564,22676,-619937,0,0,-1]
[2166494975:-706986,574,-711570,0,1,0|1005841,-14191,7776,-2,-1,0|789074,20716,-622888,0,1,0]
[2166499975:-706986,1064,-711570,0,1,0|1005350,-15170,7284,-2,-2,0|788093,19736,-622888,-1,-2,0]
[2166504975:-707968,1554,-708616,0,0,0|1003880,-15170,6301,0,-2,0|789074,19736,-619937,0,-7,1]
[2166509975:-708459,1554,-706155,-1,-1,0|1002409,-15170,4826,0,0,0|788583,20226,-617970,2,-2,1]
[2166514975:-707477,574,-706155,-1,-2,0|1001918,-15660,2367,1,0,0|785642,22186,-619446,3,3,0]
[2166519975:-704530,-1384,-708616,-1,-2,0|1000447,-15660,400,0,0,0|780740,24636,-620921,2,2,0]
[2166524975:-701092,-3343,-710586,-1,-1,0|997996,-15660,-1074,0,0,0|778289,25616,-619937,1,-2,0]
[2166529975:-698146,-4812,-710586,0,-1,0|996035,-15660,-1565,0,0,0|778289,26106,-617479,0,-3,0]
[2166534975:-698146,-4812,-708616,0,0,0|994564,-15660,-1074,0,1,0|778289,26106,-616004,-1,1,0]
[2166539975:-698637,-5301,-707140,1,-2,0|995054,-15170,-90,0,1,0|777309,25616,-617970,0,3,0]
[2166544975:-698146,-4322,-709109,1,-1,0|996525,-15660,1384,0,0,0|777309,24636,-621412,0,1,0]
[2166549975:-697654,-2363,-712063,1,0,0|998977,-16149,2367,0,-2,0|779270,22186,-623379,0,-1,0]
[2166554975:-699128,-404,-712555,0,1,0|1000938,-16638,3351,-2,-2,0|783681,20716,-621412,-2,-4,0]
[2166559975:-704039,574,-709601,0,0,0|1002409,-17128,4826,-3,0,0|788093,19736,-617970,-2,-3,0]
[2166564975:-707968,1064,-706155,0,-2,0|1002899,-17128,6301,-1,0,0|789564,18756,-616004,0,-1,0]
[2166569975:-708459,1554,-705170,0,-3,0|1002409,-17128,5317,1,0,0|786623,18266,-618462,0,3,0]
[2166574975:-706495,1554,-707140,-1,-1,0|1001918,-17128,3842,2,0,0|783681,18756,-621904,1,2,0]
[2166579975:-704530,1554,-709601,-2,0,0|1001428,-17128,2859,1,0,0|783191,20226,-621904,1,-2,0]
[2166584975:-704039,574,-710093,-2,0,0|1000938,-17128,2859,0,0,0|785152,21696,-617970,0,-5,0]
[2166589975:-705021,-894,-708616,0,-1,0|999957,-17128,2859,0,0,0|785642,22676,-615512,0,-1,0]
[2166594975:-705021,-1384,-707140,0,-3,0|999467,-17128,2367,-1,0,0|782701,22186,-617479,0,4,0]
[2166599975:-702566,-1384,-708124,0,-3,0|998486,-16638,1384,0,0,0|777799,22676,-620921,1,3,0]
[2166604975:-698146,-1873,-710586,0,0,0|997996,-16149,400,0,-1,0|775839,23656,-621904,0,-2,0]
[2166609975:-696672,-2853,-712063,0,2,0|997996,-16149,400,0,-3,0|778289,24636,-619446,-1,-5,0]
[2166614975:-699619,-3343,-710093,0,1,0|998486,-16149,892,-1,-1,0|783191,24146,-615512,-1,-3,0]
[2166619975:-703548,-2363,-706155,1,-1,0|998977,-16149,2367,-1,0,0|785642,22676,-614037,-1,0,0]
[2166624975:-706004,-894,-704678,1,-3,0|1000447,-15660,2859,0,2,0|784662,22186,-616495,0,2,0]
[2166629975:-704530,-894,-706155,0,-2,0|1000938,-15660,3351,0,1,0|781721,22186,-620429,0,2,0]
[2166634975:-702566,-1384,-708616,0,0,0|1000938,-15170,4334,0,-1,0|781231,22186,-621904,0,0,0]
[2166639975:-702566,-1384,-709109,0,1,0|1000938,-15170,5809,0,-1,0|784172,22186,-618954,0,-3,0]
[2166644975:-704039,-1384,-707140,0,0,0|999957,-15170,7284,0,-1,0|786623,22676,-615512,0,-3,0]
[2166649975:-705021,-1873,-706155,0,-1,0|999467,-14681,7776,0,-1,0|785642,23166,-615512,0,0,0]
[2166654975:-704039,-2853,-706647,1,-1,0|998977,-14681,6792,0,-2,0|782211,23656,-618462,0,2,0]
[2166659975:-701583,-3343,-709601,1,0,0|998977,-14191,5809,0,-3,0|779760,23656,-621412,0,-1,0]
[2166664975:-700110,-3343,-710586,0,1,0|998486,-13702,3842,0,-4,0|780740,23656,-620921,0,-6,0]
[2166669975:-701092,-3343,-709601,0,1,0|998977,-13702,2367,0,-3,0|783681,23656,-618462,0,-4,0]
[2166674975:-703548,-3343,-707140,0,0,0|998977,-13702,1384,0,-1,0|785152,24146,-616495,0,-1,0]
[2166679975:-704530,-3832,-706647,1,-1,0|999467,-14191,892,-1,0,0|784662,24636,-617479,0,1,0]
[2166684975:-703548,-3832,-708616,1,-1,0|999957,-14191,-90,-1,0,0|783191,24636,-619937,0,0,0]
[2166689975:-702075,-3832,-711078,0,0,0|1000447,-13702,-582,0,0,0|781721,23656,-621904,-1,0,0]
[2166694975:-701583,-2853,-711570,-1,0,0|1000938,-13702,400,0,0,0|782211,23166,-621412,-1,-2,0]
[2166699975:-702566,-2853,-709601,0,0,0|1000447,-13702,1876,0,0,0|784172,23166,-619446,0,-2,0]
[2166704975:-703548,-2853,-708124,0,-1,0|999957,-13702,3351,0,0,0|784662,24146,-617970,0,0,0]
[2166709975:-703057,-3343,-708616,0,-1,0|999957,-14191,3842,0,0,0|783681,24636,-618954,0,2,0]
[2166714975:-701583,-3343,-710093,0,-1,0|999467,-14191,3842,-1,0,0|782211,24636,-619937,0,0,0]
[2166719975:-701092,-3343,-710586,0,0,0|999467,-14191,3842,-1,-1,0|781721,24146,-619937,-1,-1,0]
[2166724975:-701092,-3343,-709109,0,0,0|998977,-14681,3842,-1,-1,0|781721,24146,-617970,-1,-3,0]
[2166729975:-702075,-3343,-707140,0,0,0|998486,-15170,4334,0,-1,0|782211,24146,-616987,0,-2,0]
[2166734975:-703057,-2853,-706155,1,0,0|998486,-15660,4334,0,-1,0|782701,23656,-617479,0,-1,0]
[2166739975:-702566,-2363,-707140,0,0,0|998977,-16149,3842,0,-1,0|782701,23656,-618462,0,-1,0]
[2166744975:-702566,-1873,-708124,0,0,0|999467,-16149,4334,-1,-2,0|782701,23166,-618954,-1,-2,0]
[2166749975:-703057,-1384,-708616,0,0,0|999467,-16149,4826,-1,-1,0|783681,22186,-618954,-1,-3,0]
[2166754975:-704039,-894,-707632,0,0,0|999957,-16149,5317,0,-1,0|784662,21206,-618462,-1,-2,0]
[2166759975:-705021,85,-707140,0,0,0|999957,-16149,5809,0,-1,0|773878,17776,-622888,0,0,0]
[2166764975:-705021,574,-707140,0,0,0|1000447,-16638,5809,0,-1,0|775348,18266,-622888,3,4,0]
[2166769975:-704530,574,-708616,0,0,0|1000938,-17128,5317,-1,-2,0|778780,19736,-621904,0,0,0]
[2166774975:-704530,85,-709109,0,0,0|1000938,-17128,4826,-1,-2,0|781721,20716,-619937,0,-4,0]
[2166779975:-704530,85,-708616,0,0,0|1000447,-17128,4334,-1,-2,0|783191,20716,-618462,0,-2,0]
[2166784975:-704039,-404,-707632,0,0,0|999957,-17128,3351,0,-1,0|782701,21206,-618462,0,0,0]
[2166789975:-703057,-894,-707632,0,0,0|998977,-16638,2367,0,-1,0|781231,22186,-619446,0,0,0]
[2166794975:-701092,-1384,-709109,0,0,0|998486,-16638,892,0,-2,0|780250,22676,-619937,0,-1,0]
[2166799975:-700110,-1873,-709601,0,1,0|998486,-16638,892,-1,-3,0|781231,22676,-619937,0,-2,0]
[2166804975:-701092,-1873,-710093,0,1,0|998977,-16638,892,-1,-2,0|783191,22186,-618954,-1,-2,0]
[2166809975:-702566,-1384,-709109,1,0,0|999467,-16149,1384,-1,-1,0|784172,21696,-618954,-1,-2,0]
[2166814975:-703057,-404,-709109,1,0,0|999957,-16149,1876,0,-1,0|783681,21206,-620429,-1,-1,0]
[2166819975:-703057,85,-710093,0,0,0|1000447,-16149,1876,0,-3,0|782701,20716,-622888,0,-1,0]
[2166824975:-703057,574,-711078,0,0,0|1000938,-16149,1384,0,-2,0|783191,21206,-623379,0,-2,0]
[2166829975:-703057,85,-711570,0,0,0|1001428,-16149,892,-1,-2,0|784172,21206,-621904,0,-4,0]
[2166834975:-703548,-404,-710586,0,0,0|1001428,-15660,400,-1,0,0|784662,21696,-619937,0,-3,0]
[2166839975:-704039,-894,-709109,0,-1,0|1000447,-15660,-90,-1,0,0|783681,22676,-619446,0,0,0]
[2166844975:-703057,-1873,-708616,0,-1,0|999467,-15660,-582,0,0,0|781231,23656,-619937,0,0,0]
[2166849975:-701583,-2853,-709109,0,-1,0|998486,-15170,-1074,0,0,0|779760,24636,-620429,0,0,0]
[2166854975:-700601,-3343,-710093,0,0,0|998486,-14681,-582,0,0,0|779760,24636,-619937,0,-1,0]
[2166859975:-700601,-3343,-709601,0,0,0|998486,-14681,892,0,0,0|781231,24636,-618462,-1,-1,0]
[2166864975:-702075,-3343,-708616,0,0,0|998486,-14681,2367,0,1,0|782701,24146,-617970,-1,0,0]
[2166869975:-702566,-2853,-708616,1,0,0|998977,-14681,3842,-1,0,0|783191,23656,-618954,-1,1,0]
[2166874975:-702075,-2363,-709109,1,0,0|999957,-14681,4826,0,0,0|782701,23166,-620921,0,1,0]
[2166879975:-702075,-1384,-710093,0,0,0|1000938,-14681,5317,0,-2,0|783191,22186,-622396,0,-1,0]
[2166884975:-703057,-1384,-710586,0,0,0|1001918,-14681,5317,0,-3,0|784662,21696,-622396,0,-3,0]
[2166889975:-705021,-894,-710093,0,0,0|1002899,-14681,4334,0,-2,0|786623,22186,-620921,0,-2,0]
[2166894975:-706495,-1384,-709109,0,0,0|1002899,-14191,3351,0,-1,0|787113,22676,-619937,1,-1,0]
[2166899975:-706004,-1873,-709109,0,0,0|1002409,-13702,1876,0,-1,0|785642,23656,-619937,1,0,0]
[2166904975:-704039,-2853,-709601,0,-1,0|1001428,-13702,-90,0,0,0|782701,25126,-620921,0,0,0]
[2166909975:-702075,-4322,-709601,-1,-1,0|999957,-13212,-2057,0,1,0|780250,26106,-620921,0,0,0]
[2166914975:-700601,-5791,-710093,-1,-1,0|998977,-12723,-2549,1,1,0|779760,27086,-619937,0,0,0]
[2166919975:-700110,-6771,-709601,0,-2,0|997506,-12234,-2549,0,2,0|780250,28067,-618954,1,0,0]
[2166924975:-700110,-6771,-709601,0,-1,0|997506,-12234,-2057,0,2,0|780740,28067,-618954,0,2,0]
[2166929975:-700601,-7260,-710093,0,-3,0|997996,-12234,-1074,0,3,0|781231,27577,-619937,0,2,0]
[2166934975:-700601,-6771,-710093,0,-2,0|998977,-12234,1384,-1,2,0|781721,26596,-620429,0,2,0]
[2166939975:-701583,-5791,-710093,0,-1,0|999467,-12234,3351,-1,0,0|782701,25616,-620429,-1,0,0]
[2166944975:-702566,-5301,-709109,0,-1,0|999467,-12723,5317,-1,0,0|783681,25126,-618954,-1,0,0]
[2166949975:-703548,-4812,-707140,0,-1,0|999467,-12723,6792,-1,0,0|784662,24636,-617479,0,0,0]
[2166954975:-704530,-3832,-706155,0,-1,0|999467,-12723,7776,0,0,0|784662,24146,-616987,0,0,0]
[2166959975:-705021,-3343,-705663,0,-1,0|999467,-13212,7776,0,-1,0|784662,24146,-616987,0,0,0]
[2166964975:-705512,-2853,-706155,0,-1,0|999467,-13212,7776,0,-1,0|784662,24636,-616495,0,0,0]
[2166969975:-705512,-2853,-706155,0,0,0|999467,-13702,7776,0,-1,0|784172,24636,-616004,0,-1,0]
[2166974975:-705021,-2853,-706155,0,0,0|998977,-14191,7284,0,-1,0|783681,24146,-616004,0,-1,0]
[2166979975:-704039,-2853,-706647,0,0,0|997996,-14681,6301,0,-1,0|782211,23656,-616495,0,0,0]
[2166984975:-703057,-2853,-707632,0,0,0|997996,-15170,5317,-1,-2,0|782211,23656,-617479,0,-1,0]
[2166989975:-702566,-2363,-708124,1,0,0|998486,-15660,4334,0,-2,0|782701,23166,-617970,0,-2,0]
[2166994975:-702566,-1873,-708616,0,1,0|998486,-16149,3351,-1,-2,0|783191,22186,-618462,0,-1,0]
[2166999975:-703057,-894,-709109,1,1,0|999467,-16149,2859,-1,-2,0|783191,21206,-619446,0,-1,0]
[2167004975:-703548,85,-709109,0,0,0|999957,-16638,1876,-1,-2,0|783191,20716,-621412,0,-1,0]
[2167009975:-703057,1064,-710093,0,0,0|1000447,-17128,400,0,-2,0|783191,20226,-621904,0,-1,0]
[2167014975:-703057,1064,-710586,0,0,0|1000938,-17128,-582,-1,-1,0|783191,20226,-622396,0,-2,0]
[2167019975:-703057,1554,-711078,0,0,0|1001428,-17128,-1565,-1,-1,0|783681,19736,-621904,0,-1,0]
[2167024975:-703057,1554,-711078,0,-1,0|1001428,-17128,-2549,0,0,0|783681,19736,-621904,0,0,0]
[2167029975:-703548,1064,-710586,0,-1,0|1001428,-17128,-3040,0,0,0|783191,19736,-622396,0,0,0]
[2167034975:-702566,1064,-711078,0,-1,0|1001428,-17128,-3532,0,0,0|782701,20226,-622396,0,0,0]
[2167039975:-702075,85,-711570,0,-2,0|1001428,-17128,-3040,0,0,0|781721,21206,-622396,1,0,0]
[2167044975:-701092,-894,-712063,0,-2,0|1000938,-17128,-3040,0,1,0|781231,22186,-621412,0,0,0]
[2167049975:-700601,-1873,-711078,0,-2,0|999957,-16638,-2549,0,1,0|780740,22676,-620429,1,1,0]
[2167054975:-701092,-2363,-709601,0,-2,0|998977,-16149,-1074,0,2,0|780740,22676,-618954,0,1,0]
[2167059975:-701583,-2363,-708616,0,-2,0|998486,-15660,400,0,2,0|781231,22676,-619446,0,2,0]
[2167064975:-702566,-2363,-707632,0,-2,0|998977,-15170,2367,0,2,0|781721,23166,-619937,0,2,0]
[2167069975:-703057,-2853,-708124,0,-1,0|999957,-14681,3842,0,2,0|782211,24146,-619937,0,0,0]
[2167074975:-703548,-2853,-708124,0,-1,0|999957,-14191,5317,0,1,0|783191,23656,-618462,0,0,0]
[2167079975:-703548,-2853,-707140,0,-2,0|999467,-14191,6792,0,0,0|784172,23656,-617479,0,0,0]
[2167084975:-704530,-3343,-705663,0,-2,0|999467,-14191,7776,0,0,0|784662,23656,-616987,0,1,0]
[2167089975:-705021,-2853,-706155,0,-1,0|999957,-14191,7776,0,0,0|785152,24146,-617479,0,0,0]
[2167094975:-704530,-2363,-707140,0,-1,0|1000447,-13702,7284,0,0,0|785152,23656,-618462,0,0,0]
[2167099975:-705021,-3832,-705663,-1,-1,0|1000447,-13702,6792,0,0,0|784172,24146,-617479,0,0,0]
[2167104975:-725649,-12647,-659879,0,-1,0|999957,-14191,5809,0,-1,0|801328,27086,-608136,0,-1,0]
[2167109975:-860217,-50846,-483144,6,-109,-14|1000447,-15170,3351,-2,-4,0|838092,12875,-568307,10,39,0]
[2167114975:-1392108,-183074,185396,80,-600,-41|1005841,-15660,-90,-5,-14,0|1004266,-845,-438987,39,301,-12]
[2167119975:-1728530,-29788,712154,637,-3013,-118|1018098,-14191,-20741,0,-68,0|1371417,20716,-147892,83,1254,41]
[2167124975:-1877341,12328,751046,470,-6178,-64|1016137,-11255,-20249,14,-108,0|1868958,-18977,292683,-38,3344,156]
[2167129975:-1745228,92154,474374,231,-7840,-93|999467,-13212,13676,25,-48,17|1317987,326506,186473,-60,6151,194]
[2167134975:-1749157,25061,332593,-256,-7782,-202|979855,-14681,31868,-3,67,25|1296908,297103,34533,51,8872,29]
[2167139975:-1671559,-55744,43614,-362,-8377,-161|969558,-11744,16134,-21,119,5|1233674,228006,-288030,100,9201,43]
[2167144975:-1563020,-125285,-333978,61,-9774,-42|973481,-16638,-31558,3,85,-16|1082696,128036,-675009,40,9748,129]
[2167149975:-1309107,-94432,-765231,360,-10581,-118|981816,-20064,-59092,-2,6,-18|969953,60900,-868745,-41,9864,232]
[2167154975:-1052739,-47418,-1074886,320,-10203,-268|992112,-15170,-34016,-6,-6,-8|968482,15325,-823999,-159,9370,302]
[2167159975:-1043408,-67987,-1036979,64,-8774,-338|1007312,-7829,24001,21,50,-1|938581,-12116,-778761,-108,8896,249]
[2167164975:-1010993,61301,-945412,406,-8351,-236|1015647,-10765,60385,27,71,5|922895,-2805,-778269,2,8368,181]
[2167169975:-988893,98031,-890767,394,-8531,-41|1021530,-14681,53010,-13,1,1|914562,9445,-779744,18,7925,172]
[2167174975:-1021798,21633,-811014,43,-8301,37|1016627,-12234,41210,-18,-73,-1|910640,16305,-668125,-40,7661,191]
[2167179975:-1120024,-64559,-606711,97,-7887,-72|1008292,-16149,42193,-5,-74,4|957698,13365,-451279,-94,7318,208]
[2167184975:-1290936,-102268,-303455,270,-7705,-194|996035,-20064,47602,-33,-31,2|1087108,17286,-269345,-82,7072,210]
[2167189975:-1385723,-61131,-145428,473,-8137,-207|989170,-16149,31868,-18,-11,1|1240537,31987,-138058,-49,7249,224]
[2167194975:-1376392,2533,-132136,400,-8679,-169|989661,-13212,-90,19,-39,-2|1348378,24146,-22997,-57,7790,216]
[2167199975:-1402913,10859,-47953,174,-8723,-127|986229,-18596,-20741,-2,-44,-5|1362103,16305,41909,-79,8344,223]
[2167204975:-1438765,-12158,38198,123,-8827,-120|987209,-15660,-24674,-18,-7,-2|1311614,5034,36008,-82,8634,236]
[2167209975:-1402913,-48398,-51399,162,-9113,-135|990641,-12234,-18282,5,36,1|1228282,5034,-16604,-64,8655,230]
[2167214975:-1321386,-45459,-219765,268,-9181,-160|997015,-16149,-16807,7,51,0|1158675,23166,-109047,-41,8325,219]
[2167219975:-1289462,-55254,-289671,244,-8892,-180|1002409,-19086,-26149,-9,22,-7|1094951,32477,-201980,-99,8040,198]
[2167224975:-1269326,-60641,-246349,235,-8685,-192|1008292,-17617,-30083,6,-15,-6|995933,34437,-228041,-173,7612,181]
[2167229975:-1150965,-24891,-216811,351,-8696,-198|1013686,-18596,-17791,16,-25,1|845445,4544,-185754,-138,6888,186]
[2167234975:-1000680,1064,-225180,293,-8352,-224|1014666,-20554,6301,-7,4,2|685644,-14077,-128715,-29,5975,191]
[2167239975:-891650,31917,-261610,143,-7626,-196|1015157,-16638,19084,-20,34,-1|507215,-19957,-170019,95,4747,165]
[2167244975:-779181,46609,-364008,146,-6995,-84|1008783,-15170,9742,-16,35,-1|362610,1604,-337694,46,3236,103]
[2167249975:-600902,20653,-531389,35,-6215,-36|998977,-17128,-8449,-12,9,0|284670,19736,-440953,0,1763,40]
[2167254975:-364179,3023,-721416,-26,-5063,-78|992603,-17128,-18282,13,-10,0|294964,25126,-378506,-6,590,-7]
[2167259975:-228628,-1384,-773107,2,-3455,-61|988190,-14681,-12382,34,-9,-2|377316,24146,-209848,0,-195,-25]
[2167264975:-262025,-23911,-636741,31,-1839,4|987700,-16638,-3532,18,-3,-2|527803,8465,605,-7,-556,-16]
[2167269975:-361724,-35175,-416192,70,-783,-1|995544,-19575,3351,-5,-4,0|691036,7975,183031,-10,-662,-10]
[2167274975:-488434,-47908,-194165,73,-109,-12|1002899,-19575,9251,-10,-10,-2|823877,10425,318744,-7,-666,-14]
[2167279975:-619565,-41052,14076,110,383,8|1005350,-19575,15151,-5,-12,-5|947404,-2315,430854,-5,-530,-14]
[2167284975:-736453,-22442,199180,196,688,43|1001918,-18596,17609,-17,-14,-3|1020442,-6726,481009,0,-302,-8]
[2167289975:-850395,-33216,361638,240,809,95|997506,-14191,15151,-13,-17,0|1050834,-3786,497727,-4,-57,-5]
[2167294975:-963354,-42031,516220,223,797,65|995544,-14191,7284,2,-16,1|1023874,2584,473633,-10,36,-5]
[2167299975:-1039970,-19504,648156,148,600,-22|994564,-18107,-1565,0,-9,-3|980247,5524,433313,-11,7,-3]
[2167304975:-1060597,-894,713631,43,270,-36|997996,-18107,-6482,-2,-2,-7|946424,-2805,411186,-1,-38,0]
[2167309975:-1021307,-404,659478,-36,-56,-4|1003880,-15170,-3532,3,10,-4|925836,-8686,412169,9,-53,2]
[2167314975:-968756,-13137,547235,-44,-156,10|1008292,-14681,1384,0,23,1|928287,-5256,396434,12,-22,2]
[2167319975:-919644,-23421,422191,-18,-100,2|1006821,-14191,1876,0,21,2|935640,1604,355130,3,6,-1]
[2167324975:-898034,-32237,349823,-5,2,3|1000938,-12723,1384,11,1,0|928287,7485,330545,-11,-21,-2]
[2167329975:-890667,-40562,356223,2,76,0|996525,-14681,4826,6,-14,0|910640,9445,341362,-12,-67,-1]
[2167334975:-886247,-43990,400530,3,72,-3|994564,-14681,15151,-7,-14,-2|901817,9445,373324,-1,-100,-5]
[2167339975:-897052,-39583,439421,11,50,-7|996035,-12234,24984,-6,-3,-2|915052,2584,399385,14,-61,-1]
[2167344975:-905401,-31747,434006,12,1,-7|997506,-10765,26459,-9,0,-1|934659,1604,392009,17,0,4]
[2167349975:-911295,-30767,413329,3,-20,-2|997996,-11744,18101,-6,-10,0|943973,9445,366932,0,15,0]
[2167354975:-907857,-36154,393638,-6,-4,3|997996,-10765,4826,5,-20,-1|935150,12875,354147,-1,-3,-2]
[2167359975:-905892,-38603,399053,-4,28,0|996035,-10765,-5499,0,-20,-2|927307,11895,365456,-1,-26,-4]
[2167364975:-906383,-36644,422191,7,46,-5|996525,-12234,-10907,-8,-10,-3|929267,7485,382175,-1,0,-2]
[2167369975:-912768,-33706,439421,8,26,-6|997996,-12234,-13366,-4,2,-3|932699,5524,386600,3,21,1]
[2167374975:-919644,-28809,435483,1,-4,-4|1000938,-11744,-15332,1,9,-2|935150,5034,372340,3,12,1]
[2167379975:-918661,-24891,413822,-10,-27,0|1006331,-11255,-14841,4,7,-1|940542,3564,356114,0,-4,0]
[2167384975:-916206,-28319,398068,-12,-11,4|1006331,-11744,-8940,7,2,0|938581,4544,355130,-6,-5,-1]
[2167389975:-910804,-35665,399545,-4,15,3|1003389,-12723,-1074,3,-1,0|932208,6014,366440,-3,-4,-1]
[2167394975:-910312,-37624,417760,6,29,-3|1000938,-13702,5809,-4,0,-1|926326,8465,376274,0,2,-2]
[2167399975:-911295,-33706,427114,7,15,-6|998486,-13702,9251,-5,2,-3|924856,5524,378241,0,4,-1]
[2167404975:-908839,-29298,421699,1,-13,-4|997015,-13212,8759,-5,2,-2|924365,3074,370865,1,1,0]
[2167409975:-903928,-29788,408899,-3,-17,-1|996525,-14191,7776,-7,-1,0|925346,4544,362506,0,-7,-1]
[2167414975:-901472,-32726,403976,-2,4,0|996525,-14681,6792,0,-6,-1|924856,5524,362998,0,-8,-2]
[2167419975:-902454,-31747,415299,3,29,-2|997506,-14681,7284,1,-8,-2|923875,4544,373324,-1,-7,-3]
[2167424975:-903437,-28809,433514,2,25,-3|997996,-15170,9251,-2,-4,-2|923385,1114,384142,0,-1,-1]
[2167429975:-905892,-27339,442375,0,4,-2|999957,-15660,10234,-2,0,-2|924365,-355,389059,2,3,0]
[2167434975:-905892,-27339,432529,-2,-15,0|1001428,-15660,10234,-1,3,-1|927797,-845,384142,3,3,1]
[2167439975:-907366,-25870,417760,-1,6,0|1003389,-16149,8267,0,1,-1|932208,-1335,371357,3,-2,2]
[2167444975:-910312,-25380,407914,0,17,1|1004860,-16638,6301,2,-5,0|935150,-1335,364473,0,-7,1]
[2167449975:-913259,-26360,410376,1,15,1|1004860,-16149,3842,2,-11,0|933679,-355,366440,1,-10,1]
[2167454975:-914241,-28319,418252,2,2,0|1003880,-16149,892,-2,-10,0|933189,1114,374307,2,-1,0]
[2167459975:-914241,-29788,420714,3,-4,-1|1002409,-16638,-4515,-3,-6,0|931228,1604,376274,2,2,2]
[2167464975:-913750,-29788,414314,2,-3,0|1000938,-15660,-10415,-3,-2,0|931718,2584,369882,2,0,2]
[2167469975:-912277,-29788,405453,0,8,0|999957,-14681,-16316,-3,-1,1|933189,4544,359556,0,-3,1]
[2167474975:-911295,-29298,404468,-2,11,2|998486,-14681,-17791,1,-2,0|933189,5524,356606,-3,-2,0]
[2167479975:-909330,-30767,412345,-2,6,2|997996,-14681,-14349,4,0,0|930248,4544,363981,-3,-1,0]
[2167484975:-909330,-32237,424160,-2,-5,0|998977,-14191,-8449,2,4,0|928287,4054,374307,0,5,1]
[2167489975:-910804,-33216,426129,-1,-13,0|1001428,-14191,-3040,1,9,0|929758,4054,378733,1,10,1]
[2167494975:-912768,-31257,419237,-1,-10,0|1003389,-13702,1384,0,11,0|932699,4054,373324,1,11,1]
[2167499975:-912277,-29788,408407,-1,0,1|1003880,-12723,4334,0,7,0|935150,3564,363981,0,2,1]
[2167504975:-911295,-29788,404960,0,10,2|1002899,-12723,6301,1,0,1|934169,3074,361031,0,-3,2]
[2167509975:-910312,-31747,410868,1,9,1|1001428,-12723,6301,2,-3,1|931228,4054,367423,0,-2,3]
[2167514975:-909330,-33216,421206,2,0,0|1000447,-11744,5317,0,-3,1|928287,5034,375782,1,3,2]
[2167519975:-908348,-32726,426129,1,-9,1|999467,-11744,3351,0,0,1|926326,5034,379224,1,5,2]
[2167524975:-906874,-32726,422683,0,-6,1|997996,-12234,892,-1,3,1|925346,6014,376766,0,5,2]
[2167529975:-904419,-32726,417760,-2,2,1|996035,-12234,400,0,5,0|924856,6995,370865,-1,3,1]
[2167534975:-901963,-32726,416283,-2,7,1|995054,-12234,2859,1,5,0|923385,6995,369882,-1,0,1]
[2167539975:-901963,-32237,421699,-1,2,2|995054,-13212,7776,4,4,0|921424,6014,373324,0,0,1]
[2167544975:-902945,-32726,426129,-2,-6,0|996035,-13212,13184,3,4,0|920934,4544,378241,1,1,1]
[2167549975:-904419,-33216,424160,0,-6,0|997996,-13702,17118,2,3,0|921915,4544,379224,1,1,0]
[2167554975:-905401,-32237,416776,1,1,-2|999467,-14681,18101,0,0,0|923875,4054,375291,1,0,0]
[2167559975:-905892,-30278,410868,3,12,-1|999957,-14681,17118,-3,-4,0|926326,3564,369882,1,-5,0]
[2167564975:-905892,-28809,411853,3,14,0|999467,-15170,13184,-3,-9,0|927797,2094,367423,1,-7,0]
[2167569975:-906383,-28319,419237,1,8,0|998977,-16149,8267,-1,-11,0|927307,1604,369882,3,-7,1]
[2167574975:-906874,-28319,425637,0,0,0|998486,-16638,2367,0,-9,0|926816,1604,374799,3,-2,2]
[2167579975:-906874,-28809,425145,-1,-3,0|998977,-17128,-3040,0,-5,0|927307,1114,376274,3,0,2]
[2167584975:-908839,-28809,419729,0,0,0|1000447,-17617,-6974,0,-1,0|929758,2094,373816,2,0,1]
[2167589975:-910804,-28319,413822,0,5,0|1001918,-17617,-8940,0,0,0|932699,1604,367915,0,-2,0]
[2167594975:-912768,-26850,412345,-1,4,0|1002409,-17128,-8449,1,0,0|934659,624,365456,0,0,0]
[2167599975:-913750,-26360,413822,-2,0,1|1002899,-17128,-6974,2,0,0|934659,-845,365948,0,0,1]
[2167604975:-914241,-27339,414806,-1,-4,1|1003389,-17128,-5007,1,0,0|934169,-845,368898,1,2,2]
[2167609975:-914732,-28319,411853,1,-3,0|1003389,-17617,-4515,0,1,0|934169,134,368898,1,2,1]
[2167614975:-914241,-28319,407914,2,1,0|1002899,-17617,-4515,-2,0,0|934169,1114,365948,-1,2,0]
[2167619975:-912768,-27339,407914,1,6,0|1001918,-17617,-4515,-3,0,0|933189,1604,363981,-1,0,0]
[2167624975:-910312,-27339,413329,0,4,1|1000447,-17128,-4024,-2,0,0|930738,1114,366440,0,0,1]
[2167629975:-907366,-27339,421699,-1,-1,2|998977,-16638,-2549,0,1,1|928287,1114,371357,0,1,2]
[2167634975:-906383,-27829,425637,-2,-8,1|997996,-16638,-582,3,4,1|926326,1114,374799,0,4,2]
[2167639975:-906383,-28319,423668,-3,-8,1|998977,-16638,1876,3,7,0|926326,1604,374307,1,4,2]
[2167644975:-907366,-29298,417760,-2,-3,1|999957,-15660,4334,3,7,0|927797,2094,372832,0,3,1]
[2167649975:-908348,-29298,413329,0,2,0|1001428,-16149,6792,1,4,0|928777,2094,370865,0,0,1]
[2167654975:-909330,-29298,413329,0,4,1|1001918,-15660,9251,0,1,0|929267,1604,370865,0,-1,1]
[2167659975:-909330,-28809,416776,0,1,1|1000938,-15170,9742,0,-1,0|928287,1604,372340,1,-1,2]
[2167664975:-908839,-29298,418745,0,-2,1|999957,-14681,7776,0,-2,1|927307,2094,373816,2,0,2]
[2167669975:-907366,-30278,418745,0,-1,0|998977,-14681,4826,0,-1,1|925836,3564,373816,1,0,2]
[2167674975:-905892,-31257,417760,1,2,0|997996,-14681,2367,0,0,0|924856,4544,373324,0,0,1]
[2167679975:-905401,-31257,418745,0,4,0|997506,-14191,892,0,0,0|924856,5034,372832,0,0,1]
[2167684975:-905401,-30767,422191,-1,0,1|997506,-14191,1384,1,1,0|925346,5034,373324,0,0,1]
[2167689975:-905892,-30767,424652,-2,-4,1|997996,-13212,3351,2,3,0|925836,4544,374307,1,1,2]
[2167694975:-906874,-30767,422683,-2,-6,1|998977,-12723,5809,2,2,0|926816,4054,373816,1,1,3]
[2167699975:-907857,-31747,417268,0,-1,1|999957,-13212,7284,0,0,0|927797,4544,371849,1,0,2]
[2167704975:-909330,-32237,412345,1,4,0|1000938,-13212,7776,0,-2,0|929267,5034,369390,1,0,1]
[2167709975:-909821,-32237,410376,2,6,0|1000938,-13212,7284,-1,-5,1|930248,5034,368407,2,0,0]
[2167714975:-909821,-31747,412837,1,5,0|1000447,-13212,5317,-1,-5,1|929267,4544,368898,2,2,1]
[2167719975:-908839,-31257,416776,0,1,0|999467,-13212,1876,0,-3,1|929267,4054,370865,2,4,2]
[2167724975:-908348,-31747,417760,0,-1,0|998486,-12723,-2057,1,0,0|928287,5034,370865,3,4,2]
[2167729975:-908839,-32237,416776,0,-1,0|998977,-12723,-5990,1,0,0|928777,6014,369882,1,2,2]
[2167734975:-909330,-31747,415299,0,0,0|999467,-13212,-7465,1,2,0|929267,6504,369390,0,2,1]
[2167739975:-909821,-31257,415791,0,0,1|1000447,-13212,-6974,1,5,0|930738,5524,370865,0,4,1]
[2167744975:-910312,-31257,417760,0,-1,1|1000938,-13212,-5007,0,5,0|930738,5034,372340,0,5,1]
[2167749975:-910804,-30767,419237,0,-4,1|1001428,-13212,-2057,0,5,1|931228,4054,372832,0,6,1]
[2167754975:-910312,-31257,417760,0,-5,1|1001428,-13702,1384,0,4,1|929758,3564,370865,0,3,1]
[2167759975:-909821,-31747,413822,0,0,1|1000938,-13702,4334,0,2,1|929267,4054,369882,0,2,2]
[2167764975:-907857,-32237,412345,0,3,0|999957,-13702,6792,0,0,0|927797,4544,369390,0,0,1]
[2167769975:-906383,-32726,414314,1,6,1|998977,-13702,8267,0,0,0|926816,4054,371849,0,0,1]
[2167774975:-905401,-32237,419237,1,1,0|998486,-13702,9251,-1,0,1|925836,3564,373816,1,0,2]
[2167779975:-904910,-31257,422683,0,-2,1|997996,-13702,8267,0,0,1|925836,3074,375291,2,2,2]
[2167784975:-905401,-30767,422683,-1,-3,1|998486,-14191,6792,1,0,0|926326,3074,375291,2,3,2]
[2167789975:-905892,-30278,419729,0,0,1|998977,-14681,4826,1,0,1|926816,2584,373816,2,1,2]
[2167794975:-906874,-30278,416776,0,3,0|999957,-15170,3842,0,0,1|928287,2584,372832,1,1,2]
[2167799975:-908839,-29788,416776,0,3,1|1000938,-15660,2859,0,-1,0|929758,2094,372832,0,2,2]
[2167804975:-909821,-29298,417760,0,0,1|1001428,-15660,1384,0,0,0|930248,1604,372832,1,3,2]
[2167809975:-910312,-28809,417760,0,-2,1|1001428,-16149,400,0,0,0|929758,1114,372340,1,1,2]
[2167814975:-910312,-28809,415791,0,-1,0|1000938,-16638,-1074,0,0,0|930248,1604,370865,1,3,2]
[2167819975:-909821,-29298,413329,0,1,1|1000447,-16638,-2057,0,0,0|929267,2094,369390,0,1,2]
[2167824975:-909330,-29788,413329,0,3,1|999957,-16638,-2549,0,0,0|928777,2584,368898,0,1,2]
[2167829975:-908839,-29298,415791,0,1,1|999467,-16638,-2057,0,1,0|928777,2094,369882,0,1,1]
[2167834975:-908839,-28809,418252,0,-3,1|999467,-16149,-582,1,2,0|928287,1604,371357,0,2,0]
[2167839975:-908348,-28809,419237,-1,-4,1|999467,-16149,400,2,3,0|929267,1114,371849,1,4,0]
[2167844975:-908348,-29298,417268,-1,-2,1|999957,-16149,1384,1,3,0|929267,1114,370865,1,4,0]
[2167849975:-908348,-29788,414314,0,0,1|999957,-15660,2859,1,2,0|929267,2094,369882,0,1,0]
[2167854975:-908348,-29788,413329,0,2,0|999957,-15660,3842,0,0,0|929267,2094,369390,0,1,0]
[2167859975:-908348,-29788,414806,0,1,0|999467,-16149,4334,0,0,0|928777,2094,370865,0,0,0]
[2167864975:-907857,-29788,417268,0,0,0|999467,-15660,4334,0,0,0|927797,2094,372340,1,2,0]
[2167869975:-907857,-29788,419237,0,-1,0|999467,-15660,3842,0,0,0|927797,2094,372832,1,3,0]
[2167874975:-907857,-29298,418252,0,-1,1|999467,-15170,3351,1,0,0|927307,2584,371849,0,2,0]
[2167879975:-907857,-29788,417760,0,0,1|999957,-15170,2367,0,1,0|927307,2584,371849,0,1,0]
[2167884975:-907366,-30278,418252,0,1,1|999957,-15170,1876,0,1,0|927307,3074,372832,0,2,0]
[2167889975:-907366,-30278,419729,0,1,1|999957,-14681,2367,0,1,0|927307,3074,373816,0,2,0]
[2167894975:-907857,-30278,421206,0,-2,0|1000447,-14191,3351,1,2,0|927797,2584,374307,1,4,0]
[2167899975:-908348,-30278,421206,0,-2,0|1000938,-14191,4826,2,2,0|928777,2094,373816,1,3,0]
[2167904975:-908839,-30278,419237,0,-1,0|1001428,-13702,5809,1,1,0|929267,2584,372340,0,3,0]
[2167909975:-908839,-30767,417268,0,1,0|1000938,-14191,6301,0,0,0|929267,3074,371849,0,2,0]
[2167914975:-908348,-31257,416776,0,2,0|1000447,-14191,6301,0,0,0|928777,3564,371849,1,1,0]
[2167919975:-907366,-31257,417760,0,1,0|999467,-14191,5809,0,0,0|927797,4054,371849,1,1,0]
[2167924975:-907366,-31747,418252,0,0,0|998486,-13702,4826,0,0,0|927307,4544,371849,1,2,0]
[2167929975:-907366,-31747,417268,0,-2,0|998486,-13702,2367,1,0,0|927307,4544,370865,1,2,0]
[2167934975:-908348,-31747,414806,0,0,0|998977,-13702,400,1,0,0|928777,4544,369390,1,1,0]
[2167939975:-909821,-31747,412837,0,1,0|999467,-13702,-1074,0,0,0|928777,5524,367915,0,1,0]
[2167944975:-909821,-33216,412345,0,1,0|998486,-13702,-2057,-1,0,0|927307,7485,367915,0,1,0]
[2167949975:-907366,-34196,413329,0,0,0|996525,-14191,-2057,-2,0,0|924856,7485,368898,0,2,0]
[2167954975:-905401,-33216,413822,0,0,0|995054,-14681,-1074,-1,1,0|923385,6014,369882,0,2,0]
[2167959975:-905401,-32237,415299,0,1,0|996525,-14681,400,0,1,0|924856,5034,369390,0,0,0]
[2167964975:-908348,-30767,416776,-1,1,0|999957,-14191,1384,1,1,0|928287,4054,369882,0,0,0]
[2167969975:-910804,-29298,418252,0,0,0|1003389,-14191,2859,0,0,0|932208,2584,372340,0,0,0]
[2167974975:-910804,-28809,419729,1,0,0|1004370,-14681,4826,-1,0,0|932699,1114,375291,0,1,0]
[2167979975:-909330,-29788,420714,2,1,0|1003389,-15170,5809,-1,0,0|931228,1114,376766,1,1,0]
[2167984975:-908348,-30278,421699,1,1,0|1001428,-15170,5809,0,0,0|929267,2094,375291,1,1,0]
[2167989975:-907366,-29788,421206,0,0,0|999467,-14681,4826,0,0,0|928287,2584,372340,1,0,0]
[2167994975:-907366,-29298,419729,-1,-1,0|998486,-14681,3842,1,-1,0|927797,2094,370865,1,0,0]
[2167999975:-906874,-30278,418252,0,0,0|998486,-14681,2859,1,0,0|927307,3564,370865,1,0,0]
[2168004975:-907366,-31747,418252,0,1,0|998486,-15660,2367,1,0,0|926816,4544,372832,1,1,0]
[2168009975:-908348,-31747,418745,0,0,0|998977,-16149,1384,0,1,0|926326,4054,372832,0,2,0]
[2168014975:-908348,-30767,418252,0,-1,0|998977,-16149,1384,-2,1,0|926326,3074,371849,0,0,0]
[2168019975:-907857,-29788,416776,0,-1,0|998977,-16149,1876,-1,0,0|926816,2584,369882,0,0,0]
[2168024975:-907857,-29298,415299,0,1,0|998977,-16638,2859,0,0,0|927797,2094,368898,1,0,0]
[2168029975:-907857,-28319,415299,0,3,0|999467,-16638,3351,1,-2,0|928287,1114,368898,1,-1,0]
[2168034975:-908348,-27339,416776,0,1,0|999957,-17128,3351,0,-1,0|928777,134,370865,1,-1,0]
[2168039975:-908839,-27339,418252,0,0,0|999957,-18107,2859,-1,0,0|928777,134,373324,0,0,0]
[2168044975:-908348,-28809,419237,1,0,0|999957,-18596,3351,-2,1,0|928777,134,374799,1,3,0]
[2168049975:-907857,-27829,418745,1,2,0|999467,-18107,2859,0,0,0|928777,-845,372340,0,0,0]
[2168054975:-908348,-25380,417760,0,0,0|999957,-18107,2367,0,-1,0|930248,-1825,369390,0,-2,0]
[2168059975:-909330,-24891,416776,-2,0,0|999957,-18596,1876,0,-2,0|930248,-845,368898,1,-1,0]
[2168064975:-908348,-26850,416776,-1,0,0|999467,-18596,1876,0,0,0|928777,624,371849,1,1,0]
[2168069975:-907366,-28809,417760,1,3,0|998977,-18596,2367,0,0,0|927307,624,373816,0,0,0]
[2168074975:-907857,-28319,418252,2,1,0|999467,-18107,2367,-1,0,0|927307,-355,373816,0,0,0]
[2168079975:-909330,-27829,418252,0,-1,0|999957,-17617,1384,0,0,0|928287,134,371357,0,0,0]
[2168084975:-909330,-27829,416776,-2,-1,0|1000447,-16638,1384,0,0,0|928777,624,369390,0,0,0]
[2168089975:-908839,-27829,416283,0,2,0|1000447,-16149,1384,0,0,0|929267,134,369390,1,0,0]
[2168094975:-908348,-28809,416776,0,4,0|1000938,-15660,1384,0,0,0|929267,624,371357,1,0,0]
[2168099975:-909330,-29788,418745,0,2,0|1001428,-15170,1384,0,0,0|929267,2584,373324,0,1,0]
[2168104975:-909821,-30278,420222,0,-2,0|1000938,-15170,1876,-1,1,0|928287,3564,373324,0,1,0]
[2168109975:-908348,-30278,418745,0,-3,0|999957,-14681,2859,-1,1,0|927797,3564,371849,0,0,0]
[2168114975:-906874,-30767,416283,0,0,0|998977,-14191,3351,0,0,0|927307,3564,369882,0,0,0]
[2168119975:-906383,-31747,415299,0,4,0|998977,-13212,3842,1,0,0|927307,4544,369390,1,0,0]
[2168124975:-907857,-32237,416283,0,2,0|999467,-12723,3842,0,0,0|927307,5524,369882,1,0,0]
[2168129975:-908839,-32726,417760,0,-1,0|999467,-12234,3842,0,-1,0|927307,6014,371849,0,-1,0]
[2168134975:-907857,-34196,418252,0,-2,0|998486,-12723,3842,-2,0,0|926326,6995,373816,0,0,0]
[2168139975:-906383,-36154,417268,1,1,0|997996,-12723,3842,-2,0,0|925836,7485,372832,0,1,0]
[2168144975:-906383,-35175,416776,1,4,0|997996,-12234,2859,0,0,0|926816,6504,370865,0,0,0]
[2168149975:-907857,-32237,417760,-1,2,0|999467,-12234,2367,1,-1,0|928777,5524,369390,0,-1,0]
[2168154975:-909330,-31257,419237,-2,0,0|1000938,-12234,2859,0,-2,0|929267,5034,371357,0,-1,0]
[2168159975:-908839,-32726,419729,0,-1,0|1001428,-12723,3351,0,0,0|928287,6014,374799,0,0,0]
[2168164975:-907857,-34196,419729,1,1,0|1000938,-13212,3351,-1,0,0|927307,6014,376274,0,1,0]
[2168169975:-907366,-32726,418745,1,2,0|999957,-13702,2859,-2,0,0|927307,5034,373324,0,1,0]
[2168174975:-907857,-30278,417760,0,0,0|999957,-13212,2859,0,-1,0|928287,4054,369882,0,0,0]
[2168179975:-908348,-30278,417268,-2,0,0|999957,-13212,2859,0,-2,0|928287,4054,368898,0,-3,0]
[2168184975:-907366,-31257,417268,0,1,0|999467,-13212,3351,0,-2,0|928287,4054,370865,2,-1,0]
[2168189975:-907366,-31747,417760,1,3,0|999467,-13702,3351,0,-1,0|927307,3564,373324,1,0,0]
[2168194975:-907857,-31257,418252,1,1,0|999467,-14191,2859,-2,0,0|926816,3564,373324,0,0,0]
[2168199975:-907857,-30278,417760,0,0,0|998977,-14681,2367,-2,-1,0|927307,3564,371849,0,-1,0]
[2168204975:-908348,-30278,416776,0,0,0|998977,-15170,2367,0,-1,0|927797,3074,369882,0,-1,0]
[2168209975:-907366,-29788,415791,0,3,0|998977,-15170,2367,0,-2,0|928287,1604,369390,1,-1,0]
[2168214975:-907857,-28809,416776,0,3,0|999467,-15660,1876,0,-2,0|928777,1114,369882,2,-1,0]
[2168219975:-908839,-27829,418252,0,1,0|999957,-16149,1384,0,-2,0|928777,1114,371357,1,0,0]
[2168224975:-909821,-28319,418745,0,0,0|1000447,-16149,1384,-1,-1,0|928777,1604,373324,0,0,0]
[2168229975:-909330,-28809,417760,0,0,0|1000447,-16638,1384,-2,-1,0|928287,1604,373324,0,0,0]
[2168234975:-908839,-28319,417268,1,3,0|1000938,-16638,892,0,0,0|929758,624,372340,0,0,0]
[2168239975:-909330,-26850,417268,0,2,0|1000938,-16638,892,0,-1,0|929758,624,369882,0,0,0]
[2168244975:-909330,-26360,417760,-2,0,0|1000447,-17128,892,1,-1,0|929267,624,368898,0,0,0]
[2168249975:-908839,-27829,417760,-1,-1,0|999957,-17128,1384,0,0,0|927797,1114,370865,1,-1,0]
[2168254975:-907857,-29788,417760,0,0,0|998977,-17617,1384,-1,0,0|926816,2094,373816,0,0,0]
[2168259975:-907366,-29788,417268,1,2,0|998977,-17617,1876,-2,0,0|926816,1604,373816,0,1,0]
[2168264975:-907366,-28319,417268,0,2,0|998486,-17617,2859,-1,0,0|927307,134,371849,0,0,0]
[2168269975:-906874,-26850,417760,-1,0,0|998486,-17617,3842,0,-1,0|927307,-355,369390,1,-2,0]
[2168274975:-906874,-27339,417760,-1,0,0|997996,-17617,4826,1,-1,0|927307,-355,369882,2,-1,0]
[2168279975:-906383,-28319,417268,0,2,0|997996,-18107,5317,0,-1,0|926326,-355,372340,1,0,0]
[2168284975:-906383,-28319,417760,1,3,0|998486,-18107,5317,-2,-1,0|926326,-355,373816,1,0,0]
[2168289975:-907366,-27339,418252,1,2,0|998977,-18107,4826,-3,-1,0|926816,-355,373324,0,-2,0]
[2168294975:-907857,-26850,418252,0,1,0|999467,-18107,3842,-1,-2,0|927797,-355,371849,0,-1,0]
[2168299975:-907857,-26850,417760,0,1,0|998977,-18107,3351,0,-2,0|927307,-355,370374,1,-2,0]
[2168304975:-906874,-26850,417268,0,3,0|998486,-18596,2859,0,-3,0|927307,-845,370374,2,-3,0]
[2168309975:-907366,-26850,417268,1,4,0|998977,-18596,2367,0,-2,0|927797,-355,370865,1,-2,0]
[2168314975:-908839,-27339,417760,0,3,0|999957,-18596,1384,-1,-2,0|928287,134,371357,0,-1,0]
[2168319975:-909330,-22442,402499,-2,2,0|1000938,-18107,892,-1,-1,0|929267,624,372340,0,-1,0]
[2168324975:-909330,-23421,405453,0,2,0|1001428,-17617,400,-1,-1,0|930738,134,372340,0,-1,0]
[2168329975:-908839,-24401,409391,0,2,0|1001428,-17128,892,-1,-1,0|931228,624,371357,0,0,0]
[2168334975:-908839,-26360,413329,0,2,0|1000938,-16149,400,-1,-1,0|930248,1604,369882,1,0,0]
[2168339975:-908839,-28809,416283,-1,1,0|999957,-15660,892,0,-2,0|928287,3074,369390,0,-2,0]
[2168344975:-908839,-30278,417268,-1,0,0|999467,-14681,1384,0,-1,0|927797,3564,371357,0,0,0]
[2168349975:-907857,-31747,418252,0,1,0|998977,-13702,1876,-1,0,0|927307,4054,372832,0,0,0]
[2168354975:-907366,-32726,418745,0,2,0|999467,-13212,2367,-1,0,0|928287,5034,372832,1,1,0]
[2168359975:-907857,-32726,418745,0,2,0|998977,-12234,3351,0,0,0|927797,5524,371357,1,0,0]
[2168364975:-908348,-32726,417760,-1,1,0|998977,-11744,3842,0,0,0|928287,6014,369882,1,0,0]
[2168369975:-907857,-33706,417268,-1,0,0|998977,-11255,3842,0,-2,0|927797,6504,370374,1,-2,0]
[2168374975:-907857,-34196,416776,0,3,0|999467,-11255,3842,0,-2,0|928287,6995,372832,0,0,0]
[2168379975:-908348,-34685,417268,1,4,0|1000447,-10765,3842,-1,-2,0|928777,7485,373324,0,0,0]
[2168384975:-908839,-34196,418252,1,4,0|1000447,-10765,2859,-1,-1,0|929267,7485,372832,0,0,0]
[2168389975:-909330,-34196,419237,0,0,0|1000447,-10276,2367,-1,-2,0|929267,6995,371357,1,0,0]
[2168394975:-908839,-34196,418745,-1,1,0|999957,-10276,1384,0,-2,0|928777,6995,370865,1,-1,0]
[2168399975:-908348,-34685,417760,0,2,0|999467,-10765,892,0,-2,0|928287,7485,371357,1,0,0]
[2168404975:-907857,-35175,417760,0,2,0|999467,-10765,400,-1,-1,0|927797,7485,371357,1,1,0]
[2168409975:-907857,-35175,418252,0,1,0|999467,-11255,892,-1,0,0|927307,7485,371357,0,0,0]
[2168414975:-907857,-34685,418745,0,0,0|999957,-11255,1384,0,0,0|927797,6995,371357,0,0,0]
[2168419975:-907857,-33706,418252,0,0,0|999957,-11255,2367,0,0,0|928287,6504,371357,0,0,0]
[2168424975:-907857,-32726,417268,0,1,0|999957,-11744,2859,0,0,0|928777,6014,371357,1,0,0]
[2168429975:-908348,-32726,416776,0,2,0|999957,-12234,3351,0,-1,0|928777,5524,371357,1,0,0]
[2168434975:-908839,-32726,416776,0,2,0|1000447,-12723,3351,0,-1,0|928777,5034,371357,0,0,0]
[2168439975:-908839,-32237,417268,0,0,0|1000447,-13212,3351,-1,-2,0|928777,4544,371849,0,0,0]
[2168444975:-908348,-31747,417760,0,0,0|1000447,-13702,3351,-1,-1,0|928777,3564,372340,1,0,0]
[2168449975:-908348,-30767,417760,1,1,0|999957,-13702,2859,-1,-1,0|928777,3074,371849,1,0,0]
[2168454975:-908348,-30767,417760,0,1,0|999957,-14191,1876,0,-1,0|929267,3074,370374,1,0,0]
[2168459975:-908839,-30278,417268,0,1,0|1000447,-15170,1384,0,-1,0|928777,2584,370374,1,0,0]
[2168464975:-908839,-29788,417268,0,0,0|1000447,-15660,892,0,0,0|928287,2584,370865,0,0,0]
[2168469975:-908839,-29788,417760,0,1,0|999957,-16149,892,0,0,0|927797,2094,371357,0,0,0]
[2168474975:-908348,-29298,417760,0,1,0|999957,-16638,892,0,0,0|927797,1604,371357,0,-1,0]
[2168479975:-908348,-29298,417268,1,1,0|999467,-17128,892,0,0,0|927797,1114,370374,0,-1,0]
[2168484975:-908348,-28319,416776,0,0,0|999957,-17128,892,0,0,0|928777,624,369882,0,-1,0]
[2168489975:-908348,-27339,416283,0,1,0|999957,-17128,1876,0,0,0|929267,-355,370865,1,0,0]
[2168494975:-908348,-27339,416776,0,2,0|1000447,-17617,2367,0,0,0|929267,-355,372340,2,2,0]
[2168499975:-908348,-27339,417268,1,2,0|1000447,-18107,2859,-1,0,0|928777,-355,372832,1,1,0]
[2168504975:-908348,-27339,418252,0,1,0|999957,-18107,2859,0,0,0|927797,-355,372340,0,0,0]
[2168509975:-908348,-26850,418252,0,0,0|999467,-18596,2859,0,0,0|927797,-355,370865,0,0,0]
[2168514975:-907857,-25870,417268,0,0,0|999467,-19086,2367,0,-1,0|927797,-845,370865,0,0,0]
[2168519975:-907857,-25380,416776,0,2,0|999467,-19086,2367,0,-1,0|927797,-845,370865,0,0,0]
[2168524975:-908348,-25380,417268,0,3,0|999957,-19086,2367,0,0,0|927797,-845,371849,1,0,0]
[2168529975:-908839,-25380,418252,0,1,0|1000447,-19575,2367,0,0,0|927797,-1335,372340,0,0,0]
[2168534975:-909330,-25380,418745,0,0,0|1000938,-19575,2367,-1,-1,0|928777,-1335,372832,0,0,0]
[2168539975:-908839,-25870,418252,0,0,0|1000447,-19575,2367,0,-1,0|928287,-1825,372340,1,0,0]
[2168544975:-908348,-26360,417268,1,2,0|999957,-19575,2367,0,0,0|928777,-1825,371357,0,0,0]
[2168549975:-908348,-26850,416776,0,2,0|999467,-19086,1876,0,-1,0|928777,-1335,369882,0,0,0]
[2168554975:-908839,-26850,417268,0,2,0|999467,-18596,1384,0,-1,0|928777,-845,370374,0,0,0]
[2168559975:-908839,-27339,418252,0,1,0|999467,-17617,1384,0,0,0|928287,134,371357,0,-1,0]
[2168564975:-908348,-27829,418252,0,0,0|998977,-17617,1384,0,0,0|928287,624,372340,0,0,0]
[2168569975:-908348,-28809,417760,0,1,0|999467,-17128,1876,0,0,0|928287,1604,371849,0,0,0]
[2168574975:-908348,-29298,417268,0,1,0|999467,-16149,1876,0,0,0|928287,2094,370374,0,0,0]
[2168579975:-908839,-29298,417268,0,1,0|999957,-15660,1876,0,-1,0|928777,2584,369882,1,-1,0]
[2168584975:-908348,-29788,416776,0,0,0|999957,-14681,1384,0,-1,0|928777,3074,370865,1,0,0]
[2168589975:-907857,-30767,417268,0,1,0|999957,-13702,1384,0,-1,0|928777,4054,372340,1,0,0]
[2168594975:-907366,-32237,416776,0,2,0|999957,-13212,1876,0,-1,0|928777,9445,364965,-7,-19,-5]
[2168599975:-893123,-36154,399053,3,43,-8|1000447,-12234,1876,1,-1,0|841524,1114,346280,-8,-210,-1]
[2168604975:-736453,-5791,231672,-91,445,-2|1001918,-12234,5317,-1,6,0|545940,-4276,203683,33,-1273,5]
[2168609975:-125001,115661,-404376,-755,2980,-61|1004860,-11744,28918,-15,66,0|46929,16305,-238859,33,-3965,-84]
[2168614975:198160,86277,-1005964,-534,5953,256|1005350,-7829,35310,-7,137,0|-185910,43748,-720247,73,-7042,-208]
[2168619975:-3692,37794,-1259990,-336,7711,411|988190,-10276,-7465,-17,72,-10|38105,55019,-976922,72,-8644,-279]
[2168624975:-538038,-118919,-1137408,133,7615,331|979855,-17128,-37458,-18,-84,-11|379766,49139,-955286,-6,-9227,-298]
[2168629975:-838117,-239393,-933597,437,7819,-30|986229,-21533,-4515,14,-153,1|707212,17286,-618462,-91,-9574,-284]
[2168634975:-837626,-204622,-701724,285,8989,-460|995054,-16638,54977,18,-98,7|1086618,-1825,-78560,47,-9164,-250]
[2168639975:-830259,18694,-534835,-379,10535,-161|1010744,-11744,80053,-27,-20,-10|1352790,-10646,213517,202,-8392,-227]
[2168644975:-1157840,101459,-163643,-265,10339,279|1017608,-10276,49077,-40,3,-4|1469945,13365,224826,31,-7956,-219]
[2168649975:-1580701,46609,208041,68,8668,261|1009763,-8808,-21232,-52,-53,15|1184655,130977,-58892,-54,-6748,-202]
[2168654975:-1624902,-2853,244471,-206,8038,15|1002409,-11255,-56633,-22,-72,5|1120441,120196,-101671,-70,-6824,-188]
[2168659975:-1500647,-40562,172596,-442,8439,-41|989661,-15170,-46308,23,-5,-15|1058187,64330,-111013,70,-6962,-189]
[2168664975:-1430416,-33216,146996,-326,8447,18|976423,-8808,-38933,19,68,-9|935640,17776,-282130,58,-7643,-195]
[2168669975:-1398984,31427,104659,-368,8059,141|985738,-5871,-47291,-3,84,6|891033,15325,-507826,69,-8234,-213]
[2168674975:-1370989,37794,-52383,-305,7577,331|1010744,-11255,-57125,28,47,2|921915,8465,-654357,106,-8547,-227]
[2168679975:-1211864,14776,-391577,-326,7798,291|1024472,-11744,-44833,28,10,-4|966031,25126,-664191,100,-8813,-225]
[2168684975:-1063053,12328,-676617,-684,8873,113|1025943,-11744,-8449,-2,10,0|1073873,28067,-565357,47,-8921,-235]
[2168689975:-1152929,-67987,-645602,-245,8852,246|1013686,-12234,29901,5,20,5|1177303,17776,-467998,56,-8707,-225]
[2168694975:-1195166,-105696,-640187,136,8527,241|999957,-14681,41702,15,7,8|1237106,23166,-426694,64,-8317,-209]
[2168699975:-1146544,-95412,-748493,-85,8975,71|994074,-14681,35801,-1,-15,0|1243968,38358,-431119,38,-8007,-197]
[2168704975:-1187308,-89045,-745539,-185,9235,21|996525,-17617,23018,-9,-28,-6|1217008,36887,-469473,20,-7829,-186]
[2168709975:-1290445,-62110,-598834,8,8776,86|999957,-14681,17609,-24,-26,-5|1211616,16305,-474390,57,-7626,-197]
[2168714975:-1282095,16735,-527451,-26,8497,128|997506,-9297,17609,-20,-7,3|1217008,27086,-456197,80,-7289,-218]
[2168719975:-1198604,71095,-580127,-305,8790,176|990151,-6361,12201,19,14,3|1194949,17776,-444395,57,-6852,-190]
[2168724975:-1159805,92154,-619511,-666,8951,98|987209,-12723,-11399,28,5,1|1197400,12875,-439478,44,-6161,-127]
[2168729975:-1308125,42691,-425545,-823,8205,76|995544,-13212,-29591,15,-25,-3|1310634,7485,-333268,5,-4975,-74]
[2168734975:-1481984,-35665,-152320,-285,6486,206|1005841,-12234,-28608,23,-35,4|1487101,8465,-128715,-16,-3422,-32]
[2168739975:-1584138,-74353,59860,-36,5062,230|1016137,-12234,-3532,-4,-15,6|1626315,19246,68461,-1,-1847,-50]
[2168744975:-1576280,-119898,118443,75,4147,167|1011724,-15660,22034,-14,36,5|1588080,31007,96489,-27,-712,-23]
[2168749975:-1452516,-130672,52475,75,3537,44|1005350,-17128,24001,-8,62,-2|1401809,34437,-50041,-17,56,-28]
[2168754975:-1280131,-108145,-44999,-3,2823,-89|996035,-19086,-90,-4,28,-4|1157695,12875,-259511,11,599,-12]
[2168759975:-1157349,-78271,-102598,66,1877,-114|989661,-18107,-16807,0,-18,-1|954757,16795,-431119,-5,812,39]
[2168764975:-1069437,-41542,-159212,137,1088,-73|984758,-17128,-5499,0,-26,-4|858680,17776,-517169,-29,811,52]
[2168769975:-1044390,-1384,-179889,96,605,-42|984758,-14191,24984,1,14,-1|807701,22676,-566832,-5,681,5]
[2168774975:-1030638,33876,-194165,36,138,15|989170,-15660,42685,8,44,0|737604,16305,-647473,13,465,-9]
[2168779975:-957952,65708,-270471,-63,-333,52|997506,-18107,34326,-3,26,0|660154,19246,-742866,10,271,-2]
[2168784975:-837626,84808,-410284,-198,-661,88|1006331,-17617,15643,-7,-23,0|617998,21696,-797446,-17,103,19]
[2168789975:-744803,63750,-557973,-259,-758,83|1004860,-16638,12692,-1,-50,0|656233,13365,-752700,-8,-32,11]
[2168794975:-690288,4002,-712063,-159,-546,32|997015,-18107,24001,1,-26,4|743976,13855,-647473,24,-41,-13]
[2168799975:-657873,-40072,-816430,-11,-216,10|991622,-19575,27443,9,8,2|803289,23656,-580108,32,46,-27]
[2168804975:-634299,-52805,-856306,43,-67,15|995544,-21043,8267,8,7,-3|806720,30517,-589943,4,159,-7]
[2168809975:-615145,-43011,-871567,17,-59,-14|1005350,-23001,-15332,-10,-19,-7|779760,25616,-634197,-25,163,16]
[2168814975:-620056,-17055,-849906,0,-41,-19|1010253,-23001,-24674,-16,-28,-3|759662,17776,-660258,-28,21,24]
[2168819975:-670642,-894,-776061,0,-27,-8|1008292,-20064,-18282,-11,-10,0|771917,13855,-640589,-1,-73,3]
[2168824975:-726140,4492,-692371,13,-90,-1|1001918,-19086,-10907,0,11,2|786623,15325,-617970,21,-49,-17]
[2168829975:-738418,3023,-663817,19,-159,-4|998486,-19086,-15332,11,13,0|785152,19246,-617970,8,32,-10]
[2168834975:-706495,4002,-691878,7,-169,-18|997996,-18596,-23199,9,3,0|765054,20716,-640589,-8,51,4]
[2168839975:-672116,5472,-735693,-5,-105,-19|999957,-19086,-27133,-1,-4,0|755251,20716,-652390,-14,-23,16]
[2168844975:-669660,4002,-750462,-5,-29,-12|1002899,-19575,-18774,-5,0,-1|777309,22186,-631247,-9,-55,13]
[2168849975:-692743,2533,-733231,4,-4,0|1005350,-17617,-4515,-4,11,-1|807211,22676,-602727,2,4,-4]
[2168854975:-709441,3513,-713047,7,-16,6|1006331,-14191,6301,1,16,0|808191,20716,-602236,5,58,-12]
[2168859975:-705021,5961,-709601,0,-19,3|1003389,-12723,8267,8,10,2|779760,16795,-628788,8,36,-8]
[2168864975:-687341,3023,-720432,-9,-15,-5|999467,-13212,3842,8,0,2|755251,19736,-647473,3,-31,7]
[2168869975:-678500,-5791,-730278,-8,1,-10|997015,-13702,2859,1,-8,0|763094,28067,-634197,-6,-54,12]
[2168874975:-692252,-11178,-719939,0,5,-4|998486,-14191,7284,-5,-5,-2|794466,32967,-603219,-6,-4,2]
[2168879975:-714844,-9219,-700247,8,-2,6|1001428,-12234,12201,-8,5,-2|811622,27577,-590434,-1,37,-8]
[2168884975:-723193,-2363,-688432,7,-16,10|1001918,-9787,12201,-2,11,1|797897,21206,-606661,7,28,-7]
[2168889975:-709441,-1384,-698278,0,-8,2|999957,-9787,5317,4,7,4|771427,22676,-630263,5,-7,3]
[2168894975:-691270,-7750,-715509,-8,5,-8|996525,-11255,-90,8,-2,0|762113,29537,-634689,-2,-31,10]
[2168899975:-691270,-12647,-716493,-7,13,-11|995544,-10765,2859,2,-4,-2|781721,32477,-612070,-7,-12,7]
[2168904975:-708950,-10199,-699263,0,1,-2|996035,-9787,12692,-3,2,-1|803289,29047,-590434,-2,17,-1]
[2168909975:-724175,-5301,-683017,5,-14,6|997506,-9787,21051,-4,10,0|804760,26106,-590434,5,28,-6]
[2168914975:-716808,-5301,-690401,4,-17,6|998486,-9297,21051,0,6,1|782211,26596,-616495,5,9,-3]
[2168919975:-680956,-7260,-731754,-1,-2,-1|999467,-9787,15151,2,-8,0|760643,28067,-641573,0,-24,2]
[2168924975:-689796,-6281,-722893,-5,14,-6|1000938,-10765,9742,0,-20,-1|763094,28557,-640589,-4,-35,4]
[2168929975:-709933,-6281,-701232,-3,18,-1|1000447,-10276,7284,-4,-18,-1|783191,27577,-617970,-1,-23,0]
[2168934975:-718773,-8240,-689909,3,4,5|998977,-10276,6301,-6,-6,0|801328,28067,-596335,2,11,-5]
[2168939975:-708459,-8730,-700247,8,-8,7|997015,-11255,1384,-2,3,0|795936,28067,-600760,3,25,-4]
[2168944975:-692743,-7260,-717970,5,-9,1|997015,-11744,-6974,0,3,-1|776819,28067,-623871,0,3,0]
[2168949975:-690779,-3832,-723385,-1,3,-6|998977,-11744,-13857,1,-2,-1|765545,26596,-641081,-2,-20,4]
[2168954975:-703057,-1873,-713539,-7,10,-8|1001918,-12234,-14349,2,-4,0|774858,25126,-635672,-2,-20,3]
[2168959975:-713862,-894,-702217,-5,2,-4|1003880,-12723,-8940,2,1,0|793975,23656,-616495,1,9,0]
[2168964975:-710915,-1384,-705663,1,-10,1|1003880,-13212,-3040,1,8,1|798877,22676,-610595,4,23,-4]
[2168969975:-695690,-894,-721909,4,-16,3|1003880,-13702,-1074,-1,9,1|787603,23166,-622396,2,15,-1]
[2168974975:-685376,-1384,-732247,1,-7,1|1004860,-14681,-4024,-3,0,0|770446,23656,-640589,-2,-7,3]
[2168979975:-690779,-894,-724370,-3,6,-2|1004370,-14191,-6482,-2,-6,0|766525,23166,-643540,-4,-20,5]
[2168984975:-706986,-894,-704186,-5,8,-4|1002409,-14681,-4515,1,-5,0|778289,21696,-627313,0,-9,2]
[2168989975:-716317,-1384,-691386,-2,0,0|998977,-15170,-582,4,3,1|792505,20716,-607644,5,8,0]
[2168994975:-710915,-2363,-696801,0,-14,1|996525,-16638,1384,3,12,1|795936,21696,-601252,4,22,-2]
[2168999975:-699128,-3343,-710093,1,-13,0|997506,-17617,1384,1,13,1|784172,23656,-612562,0,14,1]
[2169004975:-693725,-2363,-716493,-2,-4,-3|998486,-17617,4826,0,6,0|773388,24146,-625838,-3,-3,4]
[2169009975:-699619,85,-710093,-4,2,-5|998977,-17617,10234,0,0,0|774858,21696,-626330,0,-12,3]
[2169014975:-707477,2043,-701232,-2,1,-2|998977,-18596,14168,1,-1,0|786132,19246,-615020,3,0,-1]
[2169019975:-708459,2533,-701232,0,-5,1|999467,-19086,13676,2,1,1|791524,18756,-608628,4,12,-3]
[2169024975:-701583,1554,-709109,1,-6,3|999957,-19086,9251,0,2,1|786132,19246,-614037,1,6,-1]
[2169029975:-695690,85,-715509,1,-2,1|999957,-19086,5317,-3,-1,0|778289,20716,-622396,-2,-8,3]
[2169034975:-698637,-404,-711078,0,4,-1|998486,-18596,4334,-4,-5,0|776819,21206,-623379,-2,-15,3]
[2169039975:-706986,574,-699755,-1,5,-2|997506,-18107,4826,-1,-4,0|784172,20226,-615020,0,-4,0]
[2169044975:-711406,1554,-693847,0,0,0|997015,-18107,4826,2,0,0|790054,18756,-608136,3,9,-2]
[2169049975:-706986,574,-700740,0,-6,0|997996,-18596,3351,4,4,1|788583,18756,-610103,3,9,-2]
[2169054975:-698637,-894,-713047,0,-7,0|1000447,-18596,1876,3,3,0|781231,20716,-619937,0,0,1]
[2169059975:-695199,-894,-719447,-1,0,-1|1001918,-18107,2367,0,-1,0|777309,22186,-626821,-3,-9,3]
[2169064975:-699619,574,-714524,-1,5,-1|1002409,-17617,3842,-3,-5,0|780250,21696,-625838,-2,-7,2]
[2169069975:-705512,1064,-707140,0,3,0|1001428,-16638,5317,-3,-6,0|785152,20716,-620429,1,-1,-1]
[2169074975:-704530,-404,-706647,0,-1,3|1000447,-15660,2859,-1,-3,1|785642,20716,-617970,3,3,-2]
[2169079975:-699128,-2363,-713047,1,-3,1|999957,-15660,-2549,1,-1,1|781231,22676,-621904,2,2,0]
[2169084975:-696181,-3832,-716986,0,0,0|1000447,-15170,-6974,0,-1,0|776819,24146,-626330,-1,-3,2]
[2169089975:-700110,-4322,-713539,-1,3,-2|1000938,-14191,-7465,-1,-2,-1|778289,24636,-625346,-2,-6,3]
[2169094975:-706495,-3832,-706647,-1,1,-1|1000447,-13702,-6974,-1,0,0|784662,24146,-619446,0,0,1]
[2169099975:-708950,-3832,-703693,0,-5,-1|1000447,-12723,-5007,0,4,0|788583,24146,-615512,3,11,0]
[2169104975:-703548,-3832,-709109,0,-9,0|1000447,-12234,-4515,3,7,0|785152,24636,-619446,3,12,-1]
[2169109975:-697163,-3832,-716001,-1,-8,-1|1000938,-12234,-3532,4,6,1|778780,25126,-626821,1,2,1]
[2169114975:-695690,-4812,-717478,-2,-2,-2|1000938,-12234,-582,2,3,1|776329,26106,-628788,-1,-7,4]
[2169119975:-700601,-5791,-711570,-3,1,-2|1000447,-12234,3842,0,0,0|781231,27086,-621904,-2,-4,3]
[2169124975:-706495,-5791,-703201,-1,-1,-1|998977,-11744,8267,-1,1,0|787113,27086,-613545,0,5,0]
[2169129975:-706004,-5301,-701724,2,-5,0|997506,-11744,10234,-1,3,0|787603,26106,-610103,1,8,-1]
[2169134975:-701583,-5791,-705663,2,-5,1|996525,-12234,9251,0,3,0|782211,25616,-615020,1,3,0]
[2169139975:-698637,-6281,-708616,0,-2,0|996525,-12723,8267,1,0,0|776819,26106,-619446,0,-5,2]
[2169144975:-702075,-6281,-705663,-2,2,-2|996525,-13212,9251,0,-2,0|779760,26596,-617479,-2,-7,3]
[2169149975:-708459,-5301,-699263,-1,1,-3|997015,-13212,11709,0,-2,0|786623,26106,-610103,-1,-2,1]
[2169154975:-710424,-3832,-696801,1,-2,-1|997506,-13212,12692,0,0,-1|791034,25126,-606169,0,5,-1]
[2169159975:-705512,-3343,-703201,3,-4,0|998486,-13702,11217,-1,1,0|788093,24146,-611086,2,5,-2]
[2169164975:-698637,-2853,-712063,2,-1,0|999957,-14191,8267,-1,-1,0|780740,24146,-620921,1,-4,0]
[2169169975:-696672,-2363,-715509,0,3,-1|1000938,-14191,5809,-1,-6,0|777309,23656,-626821,0,-13,0]
[2169174975:-701583,-1873,-711078,-1,6,-1|1000938,-14681,4334,-1,-9,0|781231,23166,-623871,-1,-13,1]
[2169179975:-706986,-1873,-705663,0,4,0|1000938,-15170,2367,-2,-7,0|788093,23166,-616495,0,-2,0]
[2169184975:-706986,-1873,-705170,1,0,2|1000938,-15170,-1074,-2,-3,0|789564,23166,-614528,1,5,-1]
[2169189975:-701583,-2363,-710093,2,-2,2|1000447,-15170,-5007,-1,0,0|784172,23166,-620429,0,2,0]
[2169194975:-696672,-2853,-714524,0,-1,0|1000447,-15660,-6974,0,-1,0|777309,23166,-627313,0,-4,1]
[2169199975:-698146,-3343,-713539,-2,2,-2|999957,-15660,-6974,1,-1,0|776329,23656,-627805,-1,-8,2]
[2169204975:-702566,-2853,-708616,-2,1,-3|999957,-15660,-4515,0,0,-1|781721,23656,-621904,-1,0,1]
[2169209975:-704530,-1873,-706647,0,-2,-2|999957,-16149,-1565,0,3,-1|786132,23166,-616987,0,7,0]
[2169214975:-701583,-1384,-710093,2,-5,0|1000447,-16149,-582,0,5,-1|785642,22186,-618462,0,8,0]
[2169219975:-697163,-894,-716001,2,-4,0|1001428,-16149,-582,0,2,0|780250,22186,-625838,0,1,1]
[2169224975:-696672,-404,-716986,0,0,-1|1002409,-16638,400,-1,-1,0|777309,22186,-630263,-2,-6,2]
[2169229975:-701092,574,-712063,-2,1,-1|1002409,-16638,1876,-1,-3,0|780250,21206,-627313,0,-6,1]
[2169234975:-706495,1064,-705663,-1,1,0|1001428,-16638,2859,-1,-1,0|786132,20716,-619446,0,0,0]
[2169239975:-707968,85,-703693,0,-3,0|1000938,-16638,2367,0,1,1|789564,21206,-614528,1,7,0]
[2169244975:-704530,-894,-707140,1,-5,0|1000447,-16638,892,0,3,1|786623,21696,-616004,0,6,0]
[2169249975:-701583,-1384,-710093,0,-4,0|999957,-16638,400,0,3,0|781721,22676,-620921,0,0,2]
[2169254975:-701583,-1384,-709601,-1,-1,-2|999467,-16638,1876,0,2,0|779760,22186,-622396,-1,-3,3]
[2169259975:-704530,-1384,-705663,-2,0,-2|998486,-16638,4826,0,1,0|782701,22186,-618462,0,-1,1]
[2169264975:-706004,-1873,-703201,0,-4,0|997996,-16638,7284,0,2,0|786132,22186,-613545,0,4,0]
[2169269975:-703548,-2363,-705170,1,-2,0|997996,-16638,8267,1,2,0|785642,22186,-613053,0,5,0]
[2169274975:-700110,-1873,-709109,0,0,0|998486,-17128,8267,0,1,0|782211,22676,-616987,-1,1,0]
[2169279975:-699128,-1384,-710586,0,2,-1|998977,-16638,8267,-1,-1,-1|779270,22676,-620921,-1,-5,0]
[2169284975:-702075,-404,-708124,0,1,0|999957,-16638,8759,-1,-3,-1|780740,21696,-620429,0,-6,0]
[2169289975:-706004,85,-704678,0,0,0|999957,-16149,7776,1,-3,0|784662,20716,-617479,0,-2,-1]
[2169294975:-706495,-404,-704186,0,-1,0|999957,-16149,5809,0,-2,0|786623,21206,-615512,2,0,-2]
[2169299975:-703548,-1384,-707140,0,-1,0|999467,-16149,2367,0,-2,0|785152,22186,-616495,1,0,-1]
[2169304975:-700601,-2363,-710093,0,1,-1|998977,-16149,400,-1,-2,0|781721,22676,-618954,0,-2,0]
[2169309975:-700110,-2853,-710093,0,1,-1|998486,-15660,-582,0,-2,0|780250,23656,-620921,-1,-3,1]
[2169314975:-702075,-2363,-708616,0,0,-1|998977,-15170,-582,0,-1,0|781231,23166,-620921,0,-2,0]
[2169319975:-703057,-1873,-708616,0,-2,0|999467,-14681,-582,0,0,0|783191,23166,-619937,0,0,0]
[2169324975:-701583,-2853,-711078,0,-1,0|1000447,-14191,-582,0,0,0|783681,23656,-620429,0,1,0]
[2169329975:-699619,-3832,-713539,0,0,0|1000447,-14191,-1074,-1,-1,0|781721,24146,-621904,-1,0,0]
[2169334975:-700110,-4322,-712555,0,0,-1|1000447,-13702,-582,-2,-1,0|780250,25126,-622396,-2,-3,1]
[2169339975:-702566,-4322,-709601,0,0,0|999957,-13212,892,-1,0,0|781721,24636,-620429,-2,-3,1]
[2169344975:-704530,-3832,-706647,1,-2,0|999957,-13212,1876,0,0,0|783681,24636,-617970,0,0,0]
[2169349975:-704530,-3832,-705663,0,-2,0|999957,-12723,2859,0,0,0|784172,24146,-617479,0,2,0]
[2169354975:-703057,-4322,-708124,0,0,-1|999957,-12723,3351,1,0,0|783191,24636,-618954,0,0,0]
[2169359975:-702075,-4812,-709601,0,0,-2|1000447,-13212,3351,0,0,0|782211,25126,-620429,0,-3,0]
[2169364975:-703057,-4322,-708616,0,1,-1|1000938,-13212,4334,-1,-1,0|783191,25126,-619446,-1,-3,1]
[2169369975:-705021,-3832,-706647,0,-1,0|1000938,-12723,5317,-1,-1,0|785152,25126,-617479,-1,0,0]
[2169374975:-705021,-3832,-706647,1,0,0|1000447,-12723,5317,0,0,0|785152,25126,-616495,0,1,0]
[2169379975:-702566,-3832,-708124,0,0,0|999957,-13212,4334,0,0,0|783191,25126,-618462,1,0,0]
[2169384975:-700601,-3832,-710093,0,1,-1|999467,-14191,3351,0,-1,0|780740,24636,-620429,0,-3,0]
[2169389975:-701092,-3343,-709601,0,0,-1|999467,-14681,2859,0,-2,0|781231,24636,-620429,-1,-4,1]
[2169394975:-703057,-2363,-708124,0,0,0|999957,-14681,3351,-1,-1,0|783681,24636,-618462,-1,-2,0]
[2169399975:-704039,-1873,-706647,0,0,0|1000447,-14681,2859,-1,0,0|785642,24146,-616495,0,0,0]
[2169404975:-702566,-1873,-707140,0,-1,0|999957,-15170,2367,0,0,0|784172,23656,-617479,0,1,0]
[2169409975:-700110,-1873,-709109,0,0,-1|999467,-15660,1876,0,-1,0|780740,23166,-620429,0,-2,0]
[2169414975:-699128,-2363,-710586,0,1,-1|998977,-16149,1384,0,-2,0|779270,23166,-621904,0,-5,1]
[2169419975:-701092,-2363,-708616,0,0,-1|998486,-16149,1876,-1,-1,0|780740,23656,-619446,-1,-4,1]
[2169424975:-703548,-2363,-706155,1,0,0|998486,-16638,3351,-1,0,0|783681,23166,-616004,-1,0,0]
[2169429975:-704039,-1873,-705170,1,-1,0|998977,-16638,3842,-1,0,0|784662,22676,-615512,0,2,0]
[2169434975:-702566,-404,-707140,0,0,0|999957,-16638,3351,0,-1,0|783681,21696,-617970,-1,0,0]
[2169439975:-700601,85,-710093,0,2,-1|1000938,-17128,2859,0,-3,0|781231,21206,-621904,-1,-3,0]
[2169444975:-701583,85,-711078,0,2,-1|1001918,-16638,2367,0,-4,0|781231,21206,-622888,0,-4,0]
[2169449975:-703548,574,-709601,0,0,0|1002409,-16638,2367,-1,-2,0|783681,20716,-620921,0,-3,0]
[2169454975:-705021,574,-708124,0,-1,0|1001918,-16638,1876,-1,-1,0|786132,20716,-618954,0,0,0]
[2169459975:-705021,574,-708124,0,-1,1|1001918,-16638,892,0,-1,0|786132,20226,-618954,0,1,0]
[2169464975:-703057,85,-711078,0,0,0|1001918,-16149,-582,0,-1,0|783681,20716,-621904,0,0,0]
[2169469975:-702075,-894,-712063,-1,0,0|1001428,-15660,-1565,0,0,0|781721,21696,-624363,0,-2,0]
[2169474975:-702075,-1873,-711570,-1,0,-1|1000938,-15660,-1565,0,-1,0|782211,22186,-623379,0,-1,0]
[2169479975:-703057,-2363,-709601,0,-1,0|999957,-15660,-1565,0,1,0|783681,23166,-619937,0,1,0]
[2169484975:-703057,-2853,-708616,0,-2,0|999467,-15170,-1074,0,2,0|784662,23656,-617970,0,3,0]
[2169489975:-701583,-2853,-709601,0,-2,0|998977,-15170,-582,0,2,0|783191,24146,-618954,0,3,0]
[2169494975:-700110,-2853,-711078,0,-1,-1|998977,-15170,-582,0,0,0|781231,24636,-621412,0,1,0]
[2169499975:-699619,-2853,-711570,0,0,-1|999467,-14681,400,0,0,0|780250,24636,-622396,0,-1,0]
[2169504975:-701583,-3343,-709109,0,-1,0|998977,-14191,1876,0,0,0|781721,24636,-620921,0,-1,0]
[2169509975:-703057,-3343,-707140,0,-2,0|998977,-13702,2367,0,0,0|783681,24636,-618462,0,1,0]
[2169514975:-703057,-3343,-707140,0,-2,0|998977,-13702,3351,0,0,0|784662,24146,-616987,0,2,0]
[2169519975:-702075,-3832,-708616,0,-1,0|999467,-13702,3842,-1,0,0|783681,24636,-617970,0,1,0]
[2169524975:-701583,-3832,-709109,0,0,0|999467,-13212,4334,0,0,0|782211,24636,-619937,0,-1,0]
[2169529975:-702566,-3832,-708616,-1,0,0|999467,-13702,4826,0,-1,0|782701,24146,-619937,0,-1,0]
[2169534975:-704530,-3343,-706647,-1,-1,0|999467,-13702,5809,0,0,0|784172,24146,-617970,0,0,0]
[2169539975:-705512,-3832,-706155,0,-1,0|999467,-13702,5809,0,0,0|785642,24146,-616495,1,1,0]
[2169544975:-704530,-3832,-707140,0,-1,0|999467,-13702,5317,0,0,0|785152,24636,-616495,0,0,0]
[2169549975:-703057,-3832,-708616,0,0,0|999957,-13702,4826,-1,-1,0|784172,25126,-617970,0,0,0]
[2169554975:-702075,-3343,-708616,0,0,0|999957,-13212,4334,-1,-2,0|782701,25126,-619446,0,-1,0]
[2169559975:-702566,-3343,-707632,0,0,0|999467,-13702,3351,0,-2,0|782701,25126,-618954,0,-2,0]
[2169564975:-703057,-3832,-707140,0,-1,0|998977,-13702,3351,0,-1,0|783191,25126,-617970,0,0,0]
[2169569975:-702566,-4322,-707632,0,-1,0|998977,-13702,2367,0,-1,0|783681,25616,-617970,0,0,0]
[2169574975:-701583,-4322,-709109,0,0,0|998977,-13702,1384,0,-1,0|782701,25126,-618462,0,0,0]
[2169579975:-701092,-4322,-709601,0,0,0|999467,-14191,-90,-1,-1,0|781231,25126,-619937,0,-1,0]
[2169584975:-700601,-3343,-709601,0,0,0|999467,-14191,-90,0,0,0|781231,24636,-620429,0,-2,0]
[2169589975:-701583,-2853,-709109,0,-1,0|999467,-14191,400,0,0,0|782211,24636,-619937,0,-1,0]
[2169594975:-702075,-2853,-709109,0,-1,0|999957,-14681,892,0,0,0|782701,24636,-619937,0,0,0]
[2169599975:-701583,-2853,-710093,0,0,0|999957,-14681,1384,0,0,0|782701,24146,-620429,0,0,0]
[2169604975:-702075,-2363,-710586,0,0,0|1000447,-14681,1384,-1,0,0|782701,24146,-620921,0,-1,0]
[2169609975:-702075,-2363,-710586,0,0,0|1000447,-14681,1384,-1,-1,0|783191,24146,-620429,0,-1,0]
[2169614975:-703057,-1873,-708616,0,-1,0|999957,-14681,2367,-1,0,0|783681,23656,-619446,0,0,0]
[2169619975:-703548,-1873,-707632,0,-1,0|999467,-15170,3351,0,0,0|784172,23166,-618462,0,0,0]
[2169624975:-703548,-1873,-707632,0,0,0|999467,-15660,3842,0,0,0|783681,22676,-618462,0,0,0]
[2169629975:-703057,-1384,-707632,0,0,0|999467,-15660,3842,0,0,0|783191,22186,-618462,0,0,0]
[2169634975:-703548,-1384,-708616,0,0,0|999467,-16149,3842,-1,0,0|782701,22186,-618462,0,-1,0]
[2169639975:-703548,-1384,-708124,0,0,0|999467,-16638,3842,0,0,0|783191,22186,-618462,0,-2,0]
[2169644975:-704039,-1384,-707632,0,0,0|999467,-16638,4334,-1,0,0|784172,21696,-617970,0,0,0]
[2169649975:-703057,-1384,-707632,0,0,0|999467,-16638,3842,-1,-1,0|784172,21696,-617970,0,0,0]
[2169654975:-702566,-894,-708616,0,0,0|999467,-17128,3351,0,-1,0|783191,21696,-618954,0,-1,0]
[2169659975:-701583,-404,-709601,0,1,0|999957,-17128,2859,0,-2,0|782211,21696,-619937,0,-2,0]
[2169664975:-702075,-404,-709109,0,0,0|1000447,-16638,2367,-1,-2,0|782211,22186,-619937,0,-2,0]
[2169669975:-703057,85,-708616,0,0,0|1000938,-16149,1876,-1,-1,0|783681,21696,-619446,0,-1,0]
[2169674975:-703548,-404,-708616,0,0,0|1000938,-16149,1384,0,-1,0|784172,21696,-619446,0,0,0]
[2169679975:-703057,-404,-709109,0,-1,0|1000447,-15660,-90,0,0,0|783681,21696,-619446,0,0,0]
[2169684975:-702075,-1384,-710093,0,-1,0|1000447,-15660,-1074,0,0,0|782211,22186,-620921,0,0,0]
[2169689975:-701583,-1873,-710586,0,0,0|999957,-15170,-1565,0,0,0|781231,22676,-621904,0,0,0]
[2169694975:-701092,-2853,-710586,0,0,0|999957,-15170,-1074,0,0,0|781231,23166,-621904,0,-1,0]
[2169699975:-701583,-2853,-709601,0,-1,0|999957,-15170,-582,0,0,0|782701,23656,-620429,0,0,0]
[2169704975:-702075,-2853,-710093,0,-2,0|999957,-14681,-90,0,0,0|782701,24146,-619937,0,0,0]
[2169709975:-701583,-3343,-710093,0,-1,0|999957,-14681,-90,0,0,0|782701,24636,-620429,0,0,0]
[2169714975:-701583,-3343,-710093,0,-1,0|999957,-14191,400,0,0,0|782211,24636,-621412,0,0,0]
[2169719975:-701583,-3343,-709601,0,-2,0|999957,-13702,892,0,0,0|782211,24636,-620429,0,-1,0]
[2169724975:-702566,-3832,-708124,0,-1,0|1000447,-13212,1876,0,0,0|783191,24636,-619446,0,0,0]
[2169729975:-703548,-3832,-707140,0,-2,0|1000447,-13212,2367,-1,1,0|784172,24636,-618462,0,0,0]
[2169734975:-703548,-3832,-707140,0,-2,0|999957,-12723,2859,0,1,0|784172,24636,-618462,0,1,0]
[2169739975:-703057,-3832,-708616,0,-2,0|999957,-12723,3351,0,0,0|784172,25126,-618954,0,0,0]
[2169744975:-702566,-3832,-709109,0,-1,0|999957,-12723,3842,0,0,0|783681,25126,-619446,0,0,0]
[2169749975:-703057,-4322,-708616,0,-1,0|999957,-12723,4334,0,-1,0|783191,25126,-618954,0,-1,0]
[2169754975:-703057,-3832,-708124,0,-1,0|999957,-12723,4826,0,0,0|783681,25126,-617970,0,0,0]
[2169759975:-700110,-4322,-713539,-2,-2,0|999957,-12723,5317,0,0,0|789074,25126,-630263,0,2,0]
[2169764975:-700110,-4322,-713047,-1,-1,0|999957,-13212,4826,0,0,0|788093,24636,-628788,0,0,0]
[2169769975:-700601,-3832,-712063,0,0,0|999957,-13702,3842,0,-1,0|786623,24146,-625838,0,-1,0]
[2169774975:-701583,-3343,-710586,0,-1,0|999467,-13702,2859,0,-1,0|784662,24146,-622888,0,-1,0]
[2169779975:-702075,-3343,-708616,0,-1,0|999467,-14191,1876,0,0,0|783681,24146,-620429,0,0,0]
[2169784975:-702566,-3343,-707632,0,0,0|999467,-14191,1384,0,0,0|783191,24636,-618954,1,0,0]
[2169789975:-702566,-3832,-707140,0,-1,0|999467,-14681,892,0,0,0|782211,24636,-618954,1,0,0]
[2169794975:-701583,-3832,-708124,0,-1,0|998977,-14681,400,0,0,0|781721,24146,-618954,0,0,0]
[2169799975:-701583,-3343,-708616,0,-1,0|998977,-15170,892,0,0,0|781231,24146,-619446,0,0,0]
[2169804975:-701583,-3343,-708616,0,-1,0|998977,-15170,1384,0,0,0|781721,23656,-619446,0,0,0]
[2169809975:-701583,-2853,-708616,0,-1,0|998977,-15660,2367,0,0,0|782211,23656,-619446,0,0,0]
[2169814975:-702075,-2363,-709109,0,-1,0|998977,-16149,2859,0,0,0|782701,23166,-619446,0,0,0]
[2169819975:-702075,-1873,-709601,0,0,0|999467,-16149,3351,0,0,0|783191,22676,-619937,0,0,0]
[2169824975:-702566,-1384,-709601,0,0,0|999467,-16149,3351,0,-1,0|783191,22676,-619937,0,0,0]
[2169829975:-703057,-1384,-709109,0,-1,0|999467,-16149,3351,-1,-1,0|783681,22186,-619937,0,-1,0]
[2169834975:-703548,-894,-708124,0,-1,0|999467,-16149,3351,0,-1,0|784172,21696,-619446,0,0,0]
[2169839975:-703548,-894,-707632,0,-1,0|999467,-16638,3351,0,-1,0|784172,22186,-618954,0,0,0]
[2169844975:-703548,-894,-707632,0,-1,0|999467,-16638,2859,0,0,0|783681,22186,-618954,0,0,0]
[2169849975:-703057,-894,-708124,0,-1,0|999467,-16638,2367,0,0,0|783191,21696,-618954,0,0,0]
[2169854975:-702566,-894,-708616,0,-1,0|999467,-16638,1876,0,0,0|782701,21696,-619446,0,-1,0]
[2169859975:-702075,-894,-708616,0,-1,0|999467,-16638,1876,0,0,0|782701,21696,-619937,0,0,0]
[2169864975:-702075,-894,-709109,0,0,0|999957,-16638,1384,0,-1,0|782701,21206,-619937,0,0,0]
[2169869975:-702075,-404,-709109,0,-1,0|999957,-17128,1384,0,-1,0|782701,21206,-620429,0,0,0]
[2169874975:-702075,-404,-709601,0,-1,0|999957,-17128,1384,0,0,0|782211,21206,-620921,0,0,0]
[2169879975:-701583,-404,-709601,0,0,0|999467,-17128,1384,0,0,0|782211,21696,-620921,0,0,0]
[2169884975:-702075,-404,-709601,0,-1,0|999467,-17128,1384,0,0,0|782211,21696,-620429,0,0,0]
[2169889975:-702566,-404,-708616,0,-1,0|999467,-16638,1876,0,0,0|782701,21206,-619937,0,0,0]
[2169894975:-703057,-404,-708124,0,-1,0|999957,-16638,1876,0,0,0|783191,21206,-619937,0,0,0]
[2169899975:-702566,-404,-708616,0,-1,0|1000447,-16149,2367,0,0,0|783681,21206,-619937,0,0,0]
[2169904975:-702566,-894,-709109,0,-1,0|1000447,-15660,2859,0,0,0|783681,21696,-620429,0,0,0]
[2169909975:-702566,-1384,-709109,0,0,0|1000938,-15660,2859,0,0,0|783681,22186,-620429,0,0,0]
[2169914975:-702566,-1873,-708616,0,-1,0|1000447,-15660,2859,0,0,0|783681,22676,-619937,0,0,0]
[2169919975:-702566,-2363,-708124,0,-1,0|1000447,-15170,2859,0,0,0|783681,23166,-619446,0,0,0]
[2169924975:-702566,-2853,-708124,0,-1,0|999957,-15170,2859,0,0,0|783191,23656,-618954,0,0,0]
[2169929975:-702566,-3343,-707632,0,-1,0|999957,-14681,2367,0,0,0|782701,24146,-618954,0,0,0]
[2169934975:-702075,-3832,-708124,0,-1,0|999467,-13702,2367,0,0,0|782211,24636,-618954,0,0,0]
[2169939975:-702566,-4322,-708124,0,-1,0|999467,-13702,2367,0,0,0|782701,24636,-618462,0,0,0]
[2169944975:-703057,-4322,-707632,0,-2,0|999467,-13212,2859,0,0,0|783191,24636,-617970,0,0,0]
[2169949975:-703057,-4322,-707632,0,-2,0|999467,-12723,3351,0,0,0|783681,25126,-617479,0,0,0]
[2169954975:-703057,-4322,-707632,0,-1,0|999467,-12723,4334,0,0,0|783191,25126,-617479,0,0,0]
[2169959975:-702566,-4322,-708124,0,-1,0|999957,-12723,4826,0,-1,0|782701,25126,-618462,0,0,0]
[2169964975:-702566,-4322,-708124,0,0,0|999957,-12723,5317,0,-1,0|782701,25126,-618954,0,0,0]
[2169969975:-702566,-4322,-707632,0,0,0|999957,-12723,4826,0,-1,0|782701,25126,-619446,0,-1,0]
[2169974975:-703057,-4322,-708124,0,-1,0|999467,-12723,4334,0,-1,0|783191,25126,-619446,0,-1,0]
[2169979975:-702566,-4322,-708124,0,0,0|999957,-12723,3351,0,-1,0|783191,25126,-619446,0,0,0]
[2169984975:-702566,-4322,-708616,0,0,0|999467,-13212,2367,-1,0,0|782701,25126,-619446,0,0,0]
[2169989975:-702075,-4812,-708616,0,0,0|999467,-13212,1876,0,0,0|781721,25616,-619446,0,0,0]
[2169994975:-701583,-4322,-708616,0,0,0|998486,-13702,1384,0,0,0|781721,25616,-619446,0,-1,0]
[2169999975:-701583,-4322,-708124,0,-1,0|998486,-14191,892,0,0,0|781231,25126,-618954,0,0,0]
[2170004975:-701583,-4322,-708616,0,0,0|998486,-14191,892,0,0,0|781721,24636,-618954,0,0,0]
[2170009975:-702075,-3343,-708616,0,-1,0|998977,-14681,1384,0,0,0|781721,23656,-619446,0,0,0]
[2170014975:-702566,-2853,-708616,0,-1,0|999467,-15170,1384,0,0,0|782211,23166,-619937,0,0,0]
[2170019975:-702075,-1873,-709601,0,-1,0|999957,-15170,1876,-1,0,0|782701,22676,-619937,0,0,0]
[2170024975:-702566,-1384,-709109,0,0,0|999957,-15170,2859,-1,0,0|783191,22676,-619937,0,0,0]
[2170029975:-702566,-894,-709109,0,0,0|999957,-15660,3351,0,-1,0|783191,22676,-619446,0,0,0]
[2170034975:-702566,-894,-708616,0,0,0|999957,-15660,3842,0,-1,0|783681,22186,-618954,0,0,0]
[2170039975:-703057,-404,-708124,0,0,0|999957,-16149,3842,0,0,0|783681,22186,-618954,0,-1,0]
[2170044975:-702566,-404,-708124,0,-1,0|1000447,-16638,3351,0,0,0|783681,22186,-618954,0,-2,0]
[2170049975:-703057,-404,-707632,0,0,0|1000447,-16638,2859,0,-1,0|783681,21696,-618462,0,-1,0]
[2170054975:-702566,-894,-708124,0,0,0|999957,-16638,2859,0,-1,0|783681,21696,-618462,0,-2,0]
[2170059975:-702566,-894,-708124,0,0,0|999467,-16638,2367,0,-1,0|783681,21696,-618462,0,-1,0]
[2170064975:-702566,-894,-708616,0,0,0|998977,-17128,2859,0,-1,0|783191,21696,-618462,0,0,0]
[2170069975:-702075,-894,-708616,0,0,0|999467,-17128,2859,0,-2,0|782701,22186,-618954,0,-1,0]
[2170074975:-702075,-894,-708616,0,0,0|998977,-17128,2367,0,-1,0|782701,22186,-618954,0,-2,0]
[2170079975:-702075,-894,-708616,0,0,0|998977,-17128,2367,0,-1,0|782701,22186,-618954,0,-1,0]
[2170084975:-702075,-894,-708124,1,0,0|998977,-17128,2367,0,-1,0|783191,22186,-618954,0,-1,0]
[2170089975:-702566,-404,-708616,0,0,0|999467,-17128,2367,0,-1,0|783681,22186,-619446,0,-1,0]
[2170094975:-703057,-404,-709601,0,0,0|1000447,-16638,1876,0,0,0|783681,22186,-620429,0,-2,0]
[2170099975:-703057,-404,-710093,1,0,0|1000447,-16149,1384,0,-1,0|783191,21696,-620921,0,-1,0]
[2170104975:-711897,-2853,-693355,5,-26,0|1000938,-16149,1384,0,-1,0|789564,20716,-616987,4,9,0]
[2170109975:-764939,-14117,-617541,15,-256,-25|1002899,-17617,-1074,-2,-5,0|824367,18266,-587976,15,172,-16]
[2170114975:-1066000,-113042,-224195,271,-1418,-69|1009273,-18107,-4515,-4,-15,0|918973,-3295,-513727,75,815,18]
[2170119975:-1570387,-84148,489636,722,-4955,-105|1022021,-14681,-24182,0,-72,0|1217988,18756,-281638,21,2490,110]
[2170124975:1027673,787571,-876982,1482,-8648,-106|1016627,-11744,-21232,15,-108,0|1719941,-9176,153036,-73,5170,195]
[2170129975:610215,622532,-802645,431,-7950,-176|999467,-13702,14168,25,-38,19|2180227,242218,72887,84,8889,153]
[2170134975:-144154,385013,-564865,-497,-7662,-227|980835,-13702,31376,-5,78,25|2061112,234377,34533,131,9024,102]
[2170139975:-907366,104887,-293609,-176,-9031,-73|970539,-9787,7284,-20,124,0|1785626,219185,-212306,82,9542,103]
[2170144975:-1368043,-89045,-306409,223,-10287,-53|976913,-15660,-43850,7,61,-15|1435632,145678,-557981,-12,9931,194]
[2170149975:-1480511,-173769,-552558,387,-10562,-212|985738,-17128,-57617,-2,-8,-15|1105245,79522,-837767,-125,9594,289]
[2170154975:-1296338,-118429,-887813,189,-9498,-330|997015,-10765,-17791,-3,5,-7|968482,35907,-848584,-161,9043,284]
[2170159975:-1182397,-111573,-995626,205,-8381,-308|1009763,-4892,40227,23,65,1|916032,6504,-773844,-8,8567,188]
[2170164975:-1128864,-21463,-919812,481,-8434,-116|1015647,-9787,63335,17,62,6|890052,-5746,-758601,44,8072,167]
[2170169975:-1048810,89215,-877967,164,-8417,26|1018098,-9787,51043,-17,-23,1|882209,14345,-782203,-18,7763,184]
[2170174975:-1022289,51506,-851383,46,-8072,-16|1011234,-9297,43177,-7,-82,2|880739,19246,-728606,-76,7447,204]
[2170179975:-1071402,-27339,-716986,186,-7749,-147|1004370,-15170,46618,-13,-67,4|923875,20226,-527003,-94,7142,211]
[2170184975:-1201059,-95902,-450160,382,-7861,-203|993583,-16638,48585,-37,-22,2|1026815,17776,-330809,-65,7133,230]
[2170189975:-1351835,-87086,-189734,466,-8459,-179|990641,-10765,25476,-10,-16,2|1185636,29047,-178378,-40,7581,215]
[2170194975:-1381794,-23421,-130166,271,-8767,-145|988680,-11744,-8940,16,-44,-2|1323379,31497,-52991,-71,8178,218]
[2170199975:-1389652,3513,-94229,127,-8779,-128|984758,-16638,-28116,-6,-36,-4|1367495,21696,26174,-74,8582,230]
[2170204975:-1421575,-894,-1677,131,-8988,-137|986229,-11744,-29099,-6,4,0|1334163,14835,41909,-80,8691,237]
[2170209975:-1417646,-31747,-3646,218,-9190,-143|991622,-10276,-20249,8,43,2|1254752,4054,605,-30,8580,227]
[2170214975:-1351344,-51336,-154289,273,-9026,-157|1000447,-15660,-20741,0,48,-2|1177793,22186,-73151,-33,8377,226]
[2170219975:-1296338,-50846,-278348,215,-8714,-188|1006331,-16638,-28116,-12,14,-8|1108676,37868,-177395,-83,8115,201]
[2170224975:-1295847,-65538,-266041,314,-8721,-201|1011234,-16149,-28116,9,-18,-4|1036128,39828,-218699,-134,7780,183]
[2170229975:-1228071,-47418,-218780,348,-8613,-224|1014176,-19086,-11399,15,-20,2|902797,11895,-209848,-164,7139,183]
[2170234975:-1070420,-894,-220257,188,-7998,-220|1014176,-19575,11709,-8,13,3|744957,-10156,-152809,-73,6265,193]
[2170239975:-945182,19184,-236995,153,-7332,-124|1014176,-15170,20559,-19,36,0|571430,-23877,-131174,56,5209,180]
[2170244975:-842046,47099,-307886,91,-6628,-39|1008783,-15660,7284,-18,27,0|412119,-4766,-267870,66,3784,125]
[2170249975:-694217,31917,-446222,-8,-5676,-62|999957,-17617,-10415,-7,3,0|309179,10425,-404075,17,2287,65]
[2170254975:-476156,7431,-643633,-6,-4268,-87|992112,-17128,-17791,21,-9,0|287611,21206,-408009,-9,983,9]
[2170259975:-269392,5472,-788369,20,-2552,-24|987700,-16149,-14349,34,-8,-1|342022,24636,-278196,-1,55,-19]
[2170264975:-234031,-9219,-721909,53,-1228,16|986719,-18107,-5990,17,-5,0|471922,11895,-82002,-5,-454,-22]
[2170269975:-311629,-29298,-521543,74,-425,-10|995054,-20554,2859,-3,-6,1|632213,6504,119599,-9,-637,-11]
[2170274975:-426061,-43500,-291640,83,149,-7|1002899,-21043,10726,-8,-9,-2|770937,9445,273506,-5,-685,-11]
[2170279975:-560630,-48887,-78967,157,547,17|1004860,-22022,16134,-7,-9,-5|884660,3074,385125,-7,-646,-16]
[2170284975:-692743,-29788,119920,220,741,64|1002899,-20554,16626,-19,-13,-3|977306,-7706,449048,-1,-481,-9]
[2170289975:-801773,-19504,283855,226,779,96|999467,-16638,11217,-11,-17,0|1039560,-7706,481501,-4,-234,-7]
[2170294975:-916697,-33706,445329,180,667,29|997015,-16638,2859,6,-16,1|1049363,-2315,487893,-9,-19,-7]
[2170299975:-1006082,-26850,593511,86,392,-29|994074,-20554,-4024,2,-7,-2|1009658,134,463799,-9,28,-3]
[2170304975:-1052248,-7260,697385,-9,49,-14|996035,-20064,-6482,0,3,-5|968482,-2315,433805,-6,-4,1]
[2170309975:-1038005,-1873,687539,-47,-147,5|1002899,-17617,-3532,7,17,-1|938581,-7706,417578,7,-40,5]
[2170314975:-992331,-10199,585634,-29,-131,4|1008783,-17617,-582,0,26,1|929267,-7216,405777,8,-43,2]
[2170319975:-940762,-17545,458621,-9,-35,3|1008292,-16638,-1074,-3,18,2|938581,-1825,369390,4,-8,-1]
[2170324975:-903437,-26360,365577,3,68,3|1003389,-14681,400,10,0,3|937110,624,335462,-4,-7,-1]
[2170329975:-892141,-33216,349823,5,88,0|997996,-16638,5809,7,-12,2|920934,5034,334970,-12,-41,0]
[2170334975:-886247,-41542,386745,8,62,-5|994564,-16638,16626,-5,-8,-1|901327,6504,359064,-2,-90,0]
[2170339975:-894596,-40562,433021,12,17,-6|995544,-13702,24493,-4,1,-1|904268,5524,388075,7,-93,-3]
[2170344975:-905892,-34685,440898,7,-21,-3|997996,-12234,23509,-7,2,0|921424,2094,393976,13,-49,1]
[2170349975:-910804,-29788,422683,-3,-11,2|998486,-12234,14168,-5,-7,1|939561,5524,376274,3,-8,2]
[2170354975:-907857,-33216,402991,-7,14,4|997506,-10765,2859,7,-16,0|938581,9935,356606,-4,-11,-1]
[2170359975:-904419,-37624,397576,1,40,0|995054,-10765,-5007,2,-13,-1|925836,9935,359064,1,-40,-2]
[2170364975:-905892,-38603,416283,7,26,-3|995544,-11744,-8449,-7,-3,-2|920934,8465,372340,2,-55,-1]
[2170369975:-910312,-36644,433021,3,1,-4|997996,-11255,-10907,-3,5,-2|933189,6504,385125,6,-15,2]
[2170374975:-918170,-32726,434498,-5,-22,0|1002409,-10765,-12874,2,8,-1|940542,7975,382175,2,17,1]
[2170379975:-918170,-27829,418745,-8,-13,3|1006331,-10765,-12874,2,5,0|946424,4544,370865,0,15,0]
[2170384975:-915224,-27339,405453,-3,11,5|1007312,-10276,-9924,4,1,2|945934,2584,360539,0,9,2]
[2170389975:-913750,-33706,402007,2,20,1|1006331,-10276,-5499,2,0,2|937601,6995,363981,-2,0,1]
[2170394975:-912768,-38603,413329,4,11,-2|1002899,-10765,892,-3,0,0|930248,9935,371357,-1,6,0]
[2170399975:-911786,-37134,426129,0,-9,-1|1000938,-10765,4826,-2,3,-1|926326,7975,375291,0,6,1]
[2170404975:-908839,-33706,423668,0,-14,0|998486,-10276,6301,-2,4,0|925346,5034,372340,2,4,2]
[2170409975:-906874,-33216,412345,-1,-3,1|997015,-10276,5317,-4,1,1|926816,7485,365456,0,4,2]
[2170414975:-903928,-36644,404960,0,17,0|996525,-11255,3842,0,-2,0|926816,9935,361031,-1,3,0]
[2170419975:-904419,-35665,411360,0,19,0|996525,-11255,3842,3,-2,-1|923875,8465,365456,0,-3,0]
[2170424975:-904419,-32726,424160,-1,3,0|997015,-11744,5317,0,1,0|923385,5034,376766,0,0,1]
[2170429975:-905401,-32237,434498,-2,-10,1|997506,-12723,7776,0,5,0|923385,4544,383650,1,7,2]
[2170434975:-905892,-34196,431545,-2,-12,0|998977,-12723,9742,0,6,0|925346,5034,382666,2,11,1]
[2170439975:-907366,-33216,420222,0,0,0|999957,-12723,9742,0,1,0|928287,4054,372340,3,6,2]
[2170444975:-908348,-29298,410376,-1,9,1|1000938,-13702,8759,1,-4,0|931228,2584,364965,1,-1,1]
[2170449975:-909330,-27829,409391,0,12,2|1001428,-14191,7776,1,-6,1|930738,1114,365948,1,-4,1]
[2170454975:-909821,-29788,415791,1,7,1|1001428,-15170,6792,-2,-5,1|929267,2584,372340,2,-1,1]
[2170459975:-909821,-31257,420714,3,0,-1|1000447,-16638,4334,-3,-3,0|927307,3074,375782,1,2,1]
[2170464975:-910312,-30278,420222,2,-3,-1|999467,-17617,400,-4,-1,0|927797,2584,372832,1,5,2]
[2170469975:-908839,-28809,413329,0,1,0|998486,-17617,-4024,-2,-1,0|928287,2584,365948,0,1,1]
[2170474975:-907857,-27339,409883,-1,9,1|997015,-17128,-6482,0,-2,0|928777,2094,362014,-2,-1,0]
[2170479975:-906874,-27829,412345,-2,10,1|996525,-17617,-5499,2,-1,0|926816,1604,364965,-1,-1,0]
[2170484975:-907366,-28319,420714,-1,2,0|997506,-17617,-2057,1,1,-1|926326,624,371849,0,0,1]
[2170489975:-909330,-28809,425637,-1,-6,0|999467,-18107,1384,0,3,-1|927797,624,376766,2,4,1]
[2170494975:-911295,-26850,422683,0,-7,0|1001918,-18596,3351,0,3,0|931228,-355,375291,1,6,0]
[2170499975:-911786,-24891,414314,0,0,0|1003389,-18596,3351,-1,0,0|933679,-1825,368407,0,4,0]
[2170504975:-910804,-24891,407422,0,8,0|1002899,-18596,2859,0,-3,0|933189,-1335,362506,0,-1,0]
[2170509975:-911295,-26360,409391,1,9,0|1001918,-19086,1384,0,-5,0|931718,-845,363490,1,-2,0]
[2170514975:-910804,-26850,415791,0,3,0|1000938,-19086,-90,0,-3,0|930248,-845,368407,2,-1,0]
[2170519975:-910804,-25380,421699,0,-4,0|1000447,-19086,-2057,0,0,0|930248,-1335,373324,0,3,0]
[2170524975:-909821,-25380,421206,0,-4,0|1000447,-19086,-3532,0,2,0|929267,-845,373816,0,5,1]
[2170529975:-908839,-26850,418745,0,0,0|999957,-18596,-4024,0,4,0|928777,134,370865,-1,3,1]
[2170534975:-906874,-27339,416776,-1,3,0|999957,-18107,-2549,2,4,0|928287,624,368898,-1,1,0]
[2170539975:-906383,-26360,418252,-2,2,2|998977,-17617,1384,3,3,0|927307,-845,370374,-1,1,0]
[2170544975:-905401,-26850,421206,-2,-2,1|997996,-17617,6301,1,2,0|925836,-1335,373324,0,1,1]
[2170549975:-905401,-28809,421699,-1,-3,0|997996,-17128,11217,0,1,0|924856,624,374799,2,1,1]
[2170554975:-906874,-31257,418252,0,-1,0|998486,-16638,13184,0,-1,0|924856,2584,372832,1,0,0]
[2170559975:-907366,-30767,412345,1,5,-1|998977,-16638,13184,-3,-5,-1|926326,2584,369390,0,-1,0]
[2170564975:-906874,-29298,411360,2,9,-1|998977,-16149,10726,-3,-7,-1|926816,2094,367915,0,-4,0]
[2170569975:-905892,-29298,414314,1,10,0|997015,-15660,3842,-2,-6,0|926326,2584,369390,1,-3,0]
[2170574975:-905892,-29788,420714,0,4,0|997015,-15660,3842,0,-4,0|925346,3564,372340,2,-1,0]
[2170579975:-905892,-30767,424160,-1,-1,0|997996,-14681,-2057,0,-1,-1|925346,4054,373816,3,0,1]
[2170584975:-906874,-30767,422683,-2,-2,0|999957,-14191,-3532,0,0,-1|927797,4054,373816,1,0,1]
[2170589975:-908348,-30278,418252,-1,1,0|1001918,-13702,-2549,0,1,0|930738,4544,371357,0,0,0]
[2170594975:-910312,-30278,415299,0,5,0|1002409,-12723,-582,0,0,0|932699,4054,369390,0,0,0]
[2170599975:-911786,-30767,415791,-1,4,0|1002899,-12723,1876,1,0,0|933189,3074,369390,0,-1,1]
[2170604975:-912768,-31257,417268,0,0,0|1002899,-12234,2859,0,-1,0|933189,3074,370374,1,-1,1]
[2170609975:-912768,-31747,416776,0,-2,0|1001918,-12234,1876,0,-1,0|932208,3564,370374,1,0,0]
[2170614975:-911295,-33216,414314,2,1,0|1000938,-11744,400,-1,-2,0|931718,5034,369390,1,0,0]
[2170619975:-910312,-34196,412345,2,5,0|999467,-11744,-1074,-2,-2,0|929758,6504,367423,0,-1,0]
[2170624975:-908839,-34685,413822,0,6,0|998486,-10765,-2057,-1,-1,0|928777,7485,367423,0,0,1]
[2170629975:-907366,-34196,418252,-1,1,0|997996,-10276,-2057,0,0,0|927797,6995,369390,1,0,1]
[2170634975:-906874,-33706,421699,-2,-2,1|998486,-10276,-1074,2,2,0|927307,6504,370865,1,2,1]
[2170639975:-907366,-33706,421699,-2,-4,1|998977,-10765,-582,3,3,0|928287,6504,371357,1,3,1]
[2170644975:-908839,-34685,417268,-1,-2,1|999957,-10765,892,1,2,0|929267,7485,369882,0,3,0]
[2170649975:-910312,-35175,412837,0,2,0|1000447,-10765,1876,0,0,0|930738,7975,368407,0,1,0]
[2170654975:-911295,-34685,411360,0,3,0|1000447,-10765,2859,0,0,0|931228,6995,367915,0,0,0]
[2170659975:-911295,-33216,412837,1,3,0|999957,-10765,2367,-1,-1,0|931228,6014,368898,1,0,1]
[2170664975:-910804,-32726,415791,0,0,0|999467,-11744,1384,0,-1,0|929758,5524,369390,1,1,1]
[2170669975:-909821,-33216,417760,0,-1,0|998977,-12234,892,0,0,0|928777,6014,370374,1,0,0]
[2170674975:-908348,-33706,417760,0,-1,0|998486,-12234,892,0,1,0|927307,6504,371357,0,1,0]
[2170679975:-906874,-33216,417268,0,1,0|997996,-12723,2859,0,2,0|926816,5524,373324,0,2,0]
[2170684975:-905401,-32237,419729,0,3,0|997996,-13212,5317,0,3,0|925836,5034,374799,0,3,0]
[2170689975:-905401,-31257,422683,0,0,1|998486,-13702,8267,0,3,0|925346,4054,375291,0,2,1]
[2170694975:-905892,-30767,423668,-2,-3,1|999467,-14681,10234,1,1,0|925836,3564,374307,1,2,1]
[2170699975:-906383,-30278,420714,-2,-2,0|999957,-15660,10726,1,0,0|926816,2584,372832,1,0,1]
[2170704975:-907366,-30278,416283,0,2,0|999957,-16149,9742,0,-3,0|927307,2584,371357,2,0,2]
[2170709975:-907857,-30278,413822,2,7,0|999957,-16638,6792,-2,-6,0|928287,2584,369882,1,-3,1]
[2170714975:-908839,-29788,414314,2,6,0|999467,-17128,3351,-3,-6,0|928777,2094,369390,0,-2,0]
[2170719975:-908839,-29298,417268,1,2,0|998977,-17128,-582,-2,-5,0|928777,1604,369882,1,-1,0]
[2170724975:-908348,-28319,419237,0,0,0|998977,-17617,-5007,0,-3,0|928777,1114,369882,2,0,1]
[2170729975:-907857,-27339,418745,0,1,0|999467,-18107,-6482,1,-1,0|929758,624,369882,1,0,2]
[2170734975:-908839,-27339,417760,0,1,0|999957,-18596,-6974,0,0,0|930248,1114,369882,0,1,0]
[2170739975:-910804,-26850,417760,0,1,0|1000447,-18107,-5499,0,2,0|930738,624,370374,0,1,0]
[2170744975:-910804,-26850,417760,0,0,0|1001428,-18596,-2549,0,3,0|931228,134,371357,0,2,0]
[2170749975:-910804,-26850,417760,0,-1,0|1001428,-18596,892,0,3,0|930738,-845,371357,0,2,0]
[2170754975:-910312,-26850,414314,0,-1,0|1001428,-18107,3842,0,2,0|930738,-845,369882,1,2,1]
[2170759975:-909821,-27339,412837,0,0,0|1000938,-18107,5317,0,0,0|929758,-845,367915,1,0,0]
[2170764975:-908839,-28319,413329,0,2,0|999957,-18107,5809,0,-1,0|929267,134,368407,0,0,0]
[2170769975:-908839,-28319,413329,1,4,0|999467,-18107,5317,-1,-2,0|927797,134,370374,0,0,0]
[2170774975:-906383,-27829,420714,1,3,-1|998486,-17617,4826,-2,-2,0|927307,-355,372340,0,1,0]
[2170779975:-906383,-27339,421699,0,0,0|997996,-17617,3351,-1,-1,0|926326,-355,373324,1,0,1]
[2170784975:-906874,-27339,419729,-1,-2,0|998486,-17128,2367,0,0,0|926816,624,372340,1,1,1]
[2170789975:-906874,-27829,416776,-2,-2,0|999467,-17128,1876,1,0,0|927307,1114,371357,1,0,0]
[2170794975:-908348,-27829,415791,-1,1,0|999957,-17617,1384,1,0,0|928777,1114,370865,1,0,1]
[2170799975:-909821,-27829,416776,0,3,0|1001428,-17128,1876,0,0,0|929758,1114,371357,0,0,2]
[2170804975:-911295,-28319,418252,0,2,0|1001918,-16638,2859,0,0,0|930738,1114,371849,0,0,1]
[2170809975:-911295,-28319,418252,0,-1,0|1001918,-16638,2367,0,0,0|931228,1114,371357,1,1,0]
[2170814975:-909821,-29298,416283,0,-2,0|1001428,-16149,1876,0,0,0|930738,1604,369882,1,0,0]
[2170819975:-908839,-29788,415299,0,1,0|1000447,-15660,892,0,-1,0|931228,2094,368898,1,0,0]
[2170824975:-908348,-30278,416776,0,4,1|999467,-14681,400,0,-1,0|929758,3074,368898,0,0,0]
[2170829975:-908348,-31257,419237,0,3,0|998486,-14191,-90,0,0,0|928777,4054,370374,0,1,0]
[2170834975:-908348,-31747,420222,0,0,0|998486,-13702,400,0,1,0|927797,4544,371849,0,1,0]
[2170839975:-908348,-32237,418745,-1,-3,0|998977,-13702,892,0,2,0|928777,4544,372832,1,3,0]
[2170844975:-908839,-32237,416283,-1,-3,0|999467,-13212,1876,1,2,0|928777,5034,371357,1,3,0]
[2170849975:-909821,-32237,414806,0,0,0|999957,-12723,2367,1,1,0|929758,5524,369882,1,1,0]
[2170854975:-909821,-32726,414806,0,2,0|999957,-12234,3351,0,0,0|928777,5524,368407,1,-1,0]
[2170859975:-909330,-33706,416283,0,2,0|999957,-12234,3351,0,0,0|929267,5524,370374,1,1,0]
[2170864975:-908839,-33706,417760,0,0,0|999467,-11255,2859,0,0,0|928777,6014,371357,0,2,0]
[2170869975:-908348,-33706,418252,0,0,0|999467,-11255,1876,0,0,0|928287,6504,371849,1,1,0]
[2170874975:-908348,-33216,417268,0,-1,0|999467,-11255,1384,0,0,0|928287,6504,370865,1,0,0]
[2170879975:-908348,-33706,417268,-1,0,0|999957,-10765,892,0,0,0|928777,6995,370374,0,1,0]
[2170884975:-907857,-34196,417760,-1,0,0|999957,-10765,1876,0,0,0|928287,6504,370865,0,1,0]
[2170889975:-907857,-34196,419237,0,1,0|999957,-11255,2859,0,1,0|927797,6014,372340,0,0,0]
[2170894975:-908348,-34196,419237,0,0,0|999467,-11255,3842,0,2,0|927797,6504,372832,0,2,0]
[2170899975:-907857,-34196,418252,-1,-1,0|998977,-11255,4826,-1,0,0|926816,6995,372340,0,3,0]
[2170904975:-906874,-34685,415791,-1,-2,0|998486,-11744,4826,0,0,0|926326,6995,370374,1,1,0]
[2170909975:-906874,-34685,414806,0,1,0|998486,-12234,5317,0,-1,0|925836,6995,368898,1,0,0]
[2170914975:-906874,-34196,415791,0,4,0|998486,-12234,5317,0,-2,0|925836,6995,368898,0,0,0]
[2170919975:-907857,-32726,418252,0,4,0|999467,-12723,4334,0,-2,0|926816,5524,370374,1,0,0]
[2170924975:-908839,-31747,419729,0,1,0|1000938,-12723,3351,0,-1,0|928287,4054,371357,1,0,0]
[2170929975:-909330,-31257,419237,0,0,0|1000938,-13212,1876,0,-1,0|929758,4054,372340,1,0,0]
[2170934975:-908839,-30767,417760,0,0,0|1000938,-14191,400,0,0,0|930248,4054,371849,0,0,0]
[2170939975:-908348,-30278,416776,0,1,0|1000447,-15170,-582,0,0,0|929758,3564,370865,0,1,0]
[2170944975:-907857,-29788,416776,0,1,0|999467,-16149,-1074,0,0,0|928777,3074,369882,0,0,0]
[2170949975:-908348,-29298,417760,0,0,0|999467,-16638,-582,0,0,0|928777,3074,369882,0,0,0]
[2170954975:-908839,-28319,417268,0,0,0|999957,-16638,400,0,1,0|929267,2584,369882,0,0,0]
[2170959975:-909330,-27829,415791,0,0,0|1000938,-17128,1384,0,0,0|929267,1604,369882,1,0,0]
[2170964975:-909330,-28319,414806,0,0,0|1000938,-17617,2859,0,0,0|929758,624,369882,0,0,0]
[2170969975:-909330,-27829,415299,0,2,0|1000938,-18107,3351,-1,0,0|929758,624,369390,0,0,0]
[2170974975:-909330,-26850,417268,0,3,0|1000938,-18107,2859,0,0,0|930248,134,369882,0,0,0]
[2170979975:-909330,-26360,418745,0,2,0|1000938,-18107,2367,0,0,0|930248,-845,370374,0,0,0]
[2170984975:-909330,-26850,418745,0,0,0|1000938,-18107,1384,0,0,0|930738,-1335,370865,1,0,0]
[2170989975:-909330,-27339,418252,0,-1,0|1000447,-18596,400,1,0,0|930248,-845,370374,1,1,0]
[2170994975:-909821,-27339,416776,0,0,0|1000447,-19086,-582,1,0,0|930248,-355,369882,1,1,0]
[2170999975:-910312,-26850,416283,-1,0,0|1000447,-19086,-1565,0,1,0|930248,-355,369390,0,2,0]
[2171004975:-909821,-27339,417268,-1,0,0|1000447,-18596,-1074,0,2,0|930248,-355,369882,0,2,0]
[2171009975:-909821,-27829,417760,0,-1,0|999957,-18596,-582,0,2,0|929758,134,370374,0,3,0]
[2171014975:-909330,-27339,417268,0,-1,0|999467,-18107,400,0,2,0|929267,134,370374,0,2,0]
[2171019975:-908839,-27339,416776,0,-1,0|999467,-17617,1384,0,2,0|929267,134,370374,0,2,0]
[2171024975:-908348,-27829,416776,0,0,0|999957,-17128,2367,0,1,0|929267,134,370374,0,1,0]
[2171029975:-908348,-28319,417760,0,0,0|999957,-16638,3351,0,1,0|929267,624,371357,0,1,0]
[2171034975:-907857,-28319,418745,0,0,0|1000447,-16149,4826,0,0,0|928777,1114,372340,0,1,0]
[2171039975:-906874,-28809,419729,0,0,0|999957,-15660,5809,0,0,0|928287,1114,372832,0,2,0]
[2171044975:-906383,-29298,419237,0,0,0|998977,-15170,5809,0,1,0|927307,2094,372340,0,1,0]
[2171049975:-905892,-30278,417760,0,0,0|997996,-15170,5809,0,0,0|926326,2584,371849,0,1,0]
[2171054975:-905401,-31747,417268,0,0,0|997015,-15170,5809,0,0,0|925346,3564,371357,0,0,0]
[2171059975:-904910,-32726,417268,0,1,0|996525,-14681,6301,0,0,0|924365,4054,370865,0,0,0]
[2171064975:-905401,-32726,417760,0,2,0|996525,-14191,6792,0,0,0|923875,4544,371357,1,0,0]
[2171069975:-905401,-32726,417268,0,1,0|996525,-13702,6792,-1,-1,0|923875,5524,370865,0,-1,0]
[2171074975:-905401,-33216,416283,0,0,0|997015,-13212,6301,-1,-2,0|924365,5524,370374,0,-3,0]
[2171079975:-905401,-33706,415299,0,2,0|997506,-12723,6301,-1,-3,0|924856,5524,369882,0,-4,0]
[2171084975:-905892,-33216,416283,0,4,0|998486,-13212,5809,-1,-3,0|925836,5524,370865,0,-2,0]
[2171089975:-906874,-32237,418252,0,5,0|999957,-12723,5317,-1,-4,0|926816,5524,371357,0,-2,0]
[2171094975:-907857,-31747,420222,0,4,0|1000938,-12723,4334,-1,-3,0|928777,4544,372340,1,-2,0]
[2171099975:-908839,-31747,419729,0,2,0|1001428,-12723,3351,-1,-3,0|929758,4544,372832,2,-3,0]
[2171104975:-908839,-31747,418252,0,1,0|1000938,-12723,1876,0,-4,0|930738,4544,373324,2,0,0]
[2171109975:-908839,-32237,416776,0,3,0|1000938,-12723,400,0,-2,0|930738,5034,371849,0,-2,0]
[2171114975:-909821,-31747,416776,0,4,0|1000938,-12723,-582,-1,-2,0|930248,5034,370374,0,-2,0]
[2171119975:-910804,-31257,416776,0,1,0|1000938,-12723,-1565,-1,-3,0|930738,5034,369390,0,-1,0]
[2171124975:-910804,-32237,416283,0,0,0|1000938,-13212,-2057,0,-2,0|930248,5034,369390,1,0,0]
[2171129975:-910804,-32237,415299,0,1,0|999957,-13212,-2549,0,-1,0|930248,5034,369390,1,0,0]
[2171134975:-911295,-31747,414314,0,1,0|999957,-13212,-3532,0,0,0|930738,5034,368407,2,0,0]
[2171139975:-911295,-31747,414314,0,2,0|1000447,-13212,-3532,0,0,0|931228,5034,367423,1,0,0]
[2171144975:-911295,-31747,415299,0,1,0|1000447,-13212,-3040,-1,0,0|930738,5034,367915,0,0,0]
[2171149975:-910804,-31257,416283,0,0,0|1000447,-13702,-2549,0,1,0|930248,4054,368407,0,-3,0]
[2171154975:-910312,-30767,416776,0,0,0|1000447,-14191,-1565,0,2,0|930738,3074,369390,0,0,0]
[2171159975:-909330,-30767,416776,0,0,0|1000938,-14191,-582,0,1,0|930248,3074,370374,0,2,0]
[2171164975:-908348,-30278,417268,0,0,0|1000447,-14681,1384,0,0,0|929758,2584,371357,0,3,0]
[2171169975:-908348,-29788,417268,0,0,0|999957,-15170,2859,0,0,0|928287,2584,371357,0,-1,0]
[2171174975:-908348,-29788,417760,0,0,0|999957,-15170,4334,-1,0,0|928777,2584,371849,0,0,0]
[2171179975:-907857,-29788,418252,0,1,0|999467,-15170,5317,-1,0,0|928287,3074,371849,0,0,0]
[2171184975:-906874,-29788,418745,0,1,0|998977,-15170,6301,0,0,0|927307,2584,372340,0,1,0]
[2171189975:-906383,-29788,418745,0,1,0|997996,-15660,6792,0,0,0|925836,2584,371849,0,0,0]
[2171194975:-906383,-29788,418252,0,1,0|997506,-15660,6792,0,0,0|925836,2584,371849,0,0,0]
[2171199975:-906383,-30278,418745,0,2,0|997996,-16149,6792,0,-1,0|924856,2584,371849,0,0,0]
[2171204975:-906383,-29788,418745,0,3,0|997996,-16149,6301,-1,-1,0|924856,2584,372340,0,-1,0]
[2171209975:-906874,-29298,418745,0,2,0|998486,-16638,5809,0,-2,0|925836,2094,371849,0,-1,0]
[2171214975:-907857,-29298,418745,0,1,0|999467,-16638,4826,0,-3,0|927307,1604,371849,0,0,0]
[2171219975:-907857,-29298,418252,0,3,0|999957,-16638,3842,0,-3,0|933189,-17507,357589,-2,-2,0]
[2171224975:-908348,-29298,417760,0,4,0|1000447,-16638,2367,0,-3,0|932208,-13586,360539,0,-1,0]
[2171229975:-908839,-28809,417268,0,3,0|1000447,-16638,1876,0,-3,0|931228,-8196,364473,0,-2,0]
[2171234975:-909330,-28809,417268,0,1,0|1000447,-16149,892,0,-2,0|930248,-3295,367915,0,-1,0]
[2171239975:-910312,-28809,417760,0,1,0|1000938,-15660,-90,0,-2,0|930248,-355,369882,0,-2,0]
[2171244975:-910804,-28319,417760,0,1,0|1000938,-15660,-1074,0,-1,0|930738,1114,370374,1,-1,0]
[2171249975:-910804,-28809,417268,0,1,0|1001428,-16149,-1565,0,-1,0|931718,1604,370865,1,0,0]
[2171254975:-910804,-29298,416776,0,1,0|1001428,-16149,-2057,0,0,0|931718,2094,370865,1,0,0]
[2171259975:-911295,-29298,416283,0,0,0|1001428,-15660,-3040,0,0,0|931228,2584,369882,0,0,0]
[2171264975:-911786,-29298,415791,0,0,0|1000938,-15170,-3532,0,0,0|931228,2584,369390,0,0,0]
[2171269975:-911786,-29298,415791,0,0,0|1000938,-15170,-3532,0,0,0|931228,2584,368407,0,0,0]
[2171274975:-911295,-29788,415299,0,0,0|1000938,-15660,-3532,1,0,0|930738,3074,367915,1,1,0]
[2171279975:-910804,-29788,414806,0,0,0|1000447,-15660,-3040,0,2,0|930248,3564,368407,1,1,0]
[2171284975:-910312,-30278,414806,0,0,0|999957,-15660,-2549,0,2,0|929758,4054,368407,0,2,0]
[2171289975:-909330,-30278,415791,0,0,0|999467,-15660,-1565,0,2,0|928777,4054,369390,0,2,0]
[2171294975:-908348,-30278,416283,0,0,0|998977,-15660,-582,0,2,0|928287,4054,370374,0,2,0]
[2171299975:-907857,-30278,417268,0,0,0|998977,-15660,1384,0,2,0|927307,3564,371357,0,2,0]
[2171304975:-906874,-30278,417760,0,-1,0|998977,-15170,3842,0,2,0|926816,3074,371357,0,2,0]
[2171309975:-906874,-30278,418252,-1,0,0|998977,-14681,5809,0,2,0|926326,3074,371357,0,1,0]
[2171314975:-903928,-34685,423175,0,0,0|998977,-14191,7284,0,0,0|926816,3074,372340,0,1,0]
[2171319975:-904419,-33706,422683,1,0,0|998977,-14191,8267,-1,0,0|926326,3564,373324,0,1,0]
[2171324975:-904910,-32726,421206,1,1,0|998977,-14191,8759,-1,-1,0|926326,4054,373816,0,0,0]
[2171329975:-905401,-32237,420222,0,1,0|998486,-13702,8759,-1,-1,0|926326,4054,373324,2,-1,0]
[2171334975:-906383,-31257,419237,0,1,0|998977,-13702,8267,0,-2,0|926816,4054,372832,1,-1,0]
[2171339975:-906874,-31257,418252,0,2,0|999467,-13702,6792,0,-2,0|926326,4054,372340,1,-1,0]
[2171344975:-907366,-31257,417760,0,2,0|999957,-13702,5317,0,-3,0|927307,4544,372340,1,-1,0]
[2171349975:-908348,-31747,417760,0,2,0|999957,-13702,2859,0,-2,0|927797,4544,372340,1,-1,0]
[2171354975:-908839,-32237,417760,0,1,0|999957,-13212,892,0,-1,0|928777,5034,371849,1,0,0]
[2171359975:-909821,-31747,417268,0,1,0|999957,-13212,-1074,0,-1,0|929267,5034,370865,0,-1,0]
[2171364975:-909821,-31747,416283,0,0,0|999957,-13212,-2549,0,-1,0|930248,5034,369390,1,0,0]
[2171369975:-910312,-31747,415299,0,0,0|1000447,-13212,-3532,0,-1,0|930738,5034,368407,0,0,0]
[2171374975:-910804,-32237,415299,0,1,0|1000938,-13212,-3532,0,0,0|931228,5524,368407,0,0,0]
[2171379975:-910804,-32237,415299,0,0,0|1000938,-13212,-3532,0,0,0|931228,5524,368407,0,1,0]
[2171384975:-910312,-32237,415791,0,0,0|1000447,-13212,-3040,0,1,0|930738,5524,368407,0,2,0]
[2171389975:-909330,-32237,415791,0,-1,0|999957,-13702,-2549,0,2,0|930248,5524,368407,0,1,0]
[2171394975:-908348,-31747,415299,0,0,0|999957,-14191,-1565,1,2,0|929758,5524,368407,0,0,0]
[2171399975:-907857,-31747,415299,0,0,0|999467,-14191,-582,1,1,0|929267,5524,368407,0,1,0]
[2171404975:-907857,-31257,415791,0,0,0|999467,-14681,1384,0,1,0|928287,5034,368898,0,1,0]
[2171409975:-907366,-31257,417268,0,0,0|999467,-14681,2859,0,1,0|927797,4054,369882,0,1,0]
[2171414975:-906874,-30767,418252,0,0,0|999467,-14681,4334,0,1,0|927307,3564,371357,0,0,0]
[2171419975:-906874,-30767,418745,0,0,0|999467,-15170,5317,-1,0,0|927307,3074,372340,1,1,0]
[2171424975:-906874,-29788,419237,0,0,0|999467,-15170,6301,-1,0,0|927797,2094,372340,0,1,0]
[2171429975:-906874,-29298,419237,0,1,0|999467,-15660,6792,0,-1,0|927307,1604,372340,1,-1,0]
[2171434975:-906874,-29298,419237,0,1,0|999467,-15660,6792,0,-1,0|927307,1114,372340,0,0,0]
[2171439975:-906383,-29298,419237,0,1,0|998977,-16149,6792,0,-1,0|926816,1114,372832,0,0,0]
[2171444975:-906383,-29298,419729,0,2,0|998486,-16638,6301,0,0,0|926326,1114,372832,0,0,0]
[2171449975:-906874,-28319,419237,0,1,0|998977,-16638,5317,0,0,0|926326,624,372832,2,-1,0]
[2171454975:-907366,-28319,417760,0,1,0|999467,-16638,4334,-1,0,0|927307,624,371849,1,0,0]
[2171459975:-907857,-27829,417268,0,1,0|999957,-17128,3351,0,-1,0|928287,624,370865,1,0,0]
[2171464975:-908348,-27829,416776,0,2,0|1000447,-17617,2367,0,-1,0|928777,624,369882,1,-1,0]
[2171469975:-908839,-27829,416776,0,1,0|1000447,-17617,1384,0,-1,0|929267,1114,369882,1,0,0]
[2171474975:-909330,-27829,416283,0,1,0|1000447,-17617,400,0,-1,0|929758,1604,370374,0,1,0]
[2171479975:-909330,-28319,415791,0,0,0|999957,-17128,-582,-1,0,0|929758,2094,369882,1,0,0]
[2171484975:-909330,-28809,414314,0,1,0|999467,-17128,-1074,0,-1,0|929267,2094,368407,1,-1,0]
[2171489975:-909330,-28809,413822,0,1,0|999467,-17128,-2057,0,-1,0|928777,2094,367423,1,-1,0]
[2171494975:-909330,-29298,414806,0,1,0|999467,-16638,-2057,0,-1,0|928777,2584,367423,1,0,0]
[2171499975:-909821,-29298,415299,0,1,0|999467,-16149,-1565,0,0,0|928777,2584,368407,0,0,0]
[2171504975:-909821,-29298,415791,0,0,0|999957,-15660,-1074,0,0,0|929267,2584,368898,0,0,0]
[2171509975:-909330,-29788,416283,0,0,0|1000447,-16149,-90,0,0,0|929758,3074,369882,0,1,0]
[2171514975:-909330,-29788,416283,0,1,0|1000938,-16149,892,0,0,0|929267,2584,369882,0,0,0]
[2171519975:-908839,-29788,416776,0,1,0|1000447,-15660,1876,-1,0,0|929267,2584,369882,0,-1,0]
[2171524975:-908839,-29788,417760,0,1,0|1000447,-15660,2367,0,0,0|929267,2584,370865,0,0,0]
[2171529975:-907857,-30278,418252,0,0,0|999957,-15170,3351,-1,0,0|928287,2584,371849,0,1,0]
[2171534975:-907857,-30767,418745,0,1,0|999467,-14681,4334,0,0,0|927307,3074,372832,1,0,0]
[2171539975:-907366,-31257,418745,0,1,0|998977,-14681,5317,0,0,0|927307,3074,372832,0,0,0]
[2171544975:-907366,-30767,418252,0,2,0|998977,-14191,5809,0,0,0|927307,3564,372340,0,0,0]
[2171549975:-906874,-30767,418252,0,2,0|998977,-14191,5809,0,-1,0|926816,3564,372340,1,0,0]
[2171554975:-906874,-31257,418252,0,2,0|999467,-14191,5809,0,-1,0|926816,3564,372340,1,-1,0]
[2171559975:-907366,-31257,418252,0,2,0|999467,-14191,5317,0,-1,0|927307,4054,371849,1,0,0]
[2171564975:-907857,-31257,418252,0,1,0|999957,-14191,4826,0,-2,0|928287,4054,371849,1,0,0]
[2171569975:-907857,-31747,417760,0,1,0|999957,-14191,3842,0,-2,0|928777,4054,371849,1,0,0]
[2171574975:-907857,-31747,416776,0,2,0|999957,-13702,2859,0,-2,0|928777,4544,370865,0,-1,0]
[2171579975:-908348,-31747,415791,0,2,0|999957,-13702,1384,0,-2,0|929758,4544,370374,0,-1,0]
[2171584975:-908839,-31747,415791,0,2,0|999957,-13212,400,0,-2,0|929758,4544,369882,1,-1,0]
[2171589975:-909821,-31257,416283,0,1,0|1000447,-13212,-582,0,-1,0|930248,4544,370374,1,0,0]
[2171594975:-910312,-31257,416283,0,0,0|1000938,-12723,-1074,0,-1,0|930248,4544,370374,0,0,0]
[2171599975:-910312,-31747,416283,0,0,0|1000938,-12723,-1565,0,0,0|930248,4544,370374,1,0,0]
[2171604975:-902454,-34196,410868,1,10,0|1000447,-12723,-2057,0,0,0|929758,6504,367423,-2,-2,0]
[2171609975:-870531,-27339,360654,-3,118,0|1000938,-12234,-1565,2,1,0|899856,9445,351688,-14,-87,-15]
[2171614975:-484014,50037,-25307,-323,1281,-21|1002409,-14191,4826,-2,14,0|713094,-12116,310384,31,-646,12]
[2171619975:70958,93133,-699755,-795,4566,40|1006821,-11255,30885,-12,88,0|265553,134,-20538,26,-2621,-32]
[2171624975:181953,91664,-1196484,-395,7037,375|1003389,-10765,25968,-5,141,0|-146695,37378,-536346,63,-5820,-158]
[2171629975:-268901,-36644,-1211745,-154,7805,390|986719,-14681,-18282,-24,44,-10|-91793,46688,-907098,76,-8155,-253]
[2171634975:-724175,-179156,-1039933,358,7554,203|982797,-21533,-34999,-12,-109,-9|245455,50119,-996098,28,-9001,-293]
[2171639975:-894105,-281020,-807568,397,8270,-296|990151,-23980,9251,19,-148,3|558195,29537,-802363,-75,-9475,-294]
[2171644975:-789495,-76312,-644125,-112,9858,-384|999467,-19086,66777,11,-76,3|922895,3074,-299832,-38,-9437,-265]
[2171649975:-938307,84808,-374838,-407,10710,98|1011234,-13212,81036,-36,-7,-11|1258674,-11626,124517,162,-8686,-233]
[2171654975:-1378847,96072,35737,-104,9612,344|1013195,-12723,34818,-38,-3,3|1421906,1114,244495,161,-8094,-223]
[2171659975:-1639145,24571,254317,0,8197,140|1005841,-11744,-30083,-52,-61,17|479275,-457570,1071558,138,-6867,-157]
[2171664975:-191303,2176447,-579142,-218,8561,70|999467,-17128,-54667,-7,-62,0|593979,-340938,923060,22,-6840,-185]
[2171669975:-452091,1709733,-411269,-162,8551,45|987209,-17128,-41391,28,12,-18|765054,-215976,622131,24,-6903,-198]
[2171674975:-822892,1113731,-187765,-313,8324,87|977403,-10765,-37949,13,75,-4|844955,-109636,233677,90,-7258,-190]
[2171679975:-1152929,582864,-78475,-344,7822,280|987209,-8808,-44833,-2,84,7|882209,-43969,-201980,61,-7923,-204]
[2171684975:-1296338,164634,-184811,-191,7456,356|1009273,-14191,-54667,31,47,4|926326,11405,-542246,72,-8399,-218]
[2171689975:-1182397,-47908,-525482,-463,8244,138|1022021,-15660,-41883,27,10,-3|975835,28067,-707954,126,-8640,-225]
[2171694975:-1142615,-127244,-670217,-652,9142,91|1023982,-15660,-6974,-5,7,-4|1042501,57469,-688285,76,-8888,-230]
[2171699975:-1241823,-178176,-589973,-24,8700,325|1013195,-14681,30885,5,15,0|1144950,45708,-567324,68,-8843,-244]
[2171704975:-1229054,-166912,-638218,130,8576,230|997506,-15170,41702,14,3,8|1221419,21206,-475373,53,-8557,-217]
[2171709975:-1183870,-144385,-740616,-118,9076,25|991622,-16638,35310,-5,-15,6|1249850,25616,-434069,51,-8180,-198]
[2171714975:-1243296,-122347,-691878,-89,9099,-10|996035,-21043,23018,-5,-25,-6|1230243,41788,-447346,29,-7922,-189]
[2171719975:-1267362,-23421,-591450,-48,8740,52|1000938,-17617,18101,-18,-24,-12|1199851,38358,-479307,32,-7807,-199]
[2171724975:-1227580,78441,-557973,-270,8747,166|998486,-10765,16626,-23,-10,0|1203773,19736,-479307,73,-7570,-210]
[2171729975:-1204006,95582,-563881,-401,8778,194|991132,-7339,10234,14,9,7|1195930,15325,-472915,66,-7209,-214]
[2171734975:-1205480,89705,-533358,-865,8672,50|988680,-14191,-10415,27,2,5|1187596,3074,-452755,49,-6711,-158]
[2171739975:-1419611,-14117,-254225,-529,7291,154|994564,-14681,-25166,21,-20,-4|1237106,13855,-412926,19,-5811,-103]
[2171744975:-1527659,-63579,-40568,-137,5697,193|1005350,-14681,-26149,27,-33,1|1403769,4054,-234434,8,-4353,-63]
[2171749975:-1548777,-96881,53952,11,4652,186|1015157,-13702,-1565,-7,-15,7|1584649,9935,-15621,-6,-2681,-38]
[2171754975:-1485422,-120388,46075,116,3934,139|1012215,-16149,20068,-16,34,6|1647393,21696,118616,-17,-1237,-34]
[2171759975:-1358711,-116470,-6600,55,3248,16|1006821,-17128,19576,-8,57,-3|1531709,41298,58135,-28,-277,-25]
[2171764975:-1219231,-94432,-72568,-3,2407,-119|996035,-18107,-2057,-4,25,-3|1301810,23166,-136091,-9,368,-24]
[2171769975:-1126899,-73374,-113428,135,1440,-104|990151,-16149,-14841,0,-18,-1|1061618,12385,-337694,20,751,7]
[2171774975:-1067473,-32726,-161673,156,811,-69|985738,-14681,-4024,1,-22,-4|894464,18756,-483241,-19,823,56]
[2171779975:-1037514,14287,-188258,67,396,-26|986719,-10765,22526,4,14,-2|821426,25616,-555031,-20,746,25]
[2171784975:-992822,53465,-229611,-21,-82,32|990641,-11744,35801,8,37,0|761623,21696,-621904,-3,551,0]
[2171789975:-896561,79421,-338408,-136,-512,75|998977,-13702,27443,-6,19,1|677311,19246,-722705,16,298,-6]
[2171794975:-801282,78931,-461975,-258,-781,95|1007802,-13212,11217,-6,-24,-1|624861,27086,-789087,-10,112,15]
[2171799975:-732524,40242,-605234,-245,-781,75|1006331,-11744,9742,1,-43,0|641037,22186,-774335,-14,-35,15]
[2171804975:-680465,-24401,-758831,-98,-472,15|997015,-13212,19576,2,-17,5|723388,12385,-677960,18,-59,-7]
[2171809975:-633808,-55744,-857783,29,-145,16|991132,-14681,20559,10,14,4|793975,22186,-591418,34,10,-22]
[2171814975:-607287,-63090,-892244,32,-47,-1|995544,-16149,1384,10,9,-3|810642,36887,-579617,13,125,-14]
[2171819975:-599920,-40562,-884859,5,-47,-24|1005350,-17617,-18282,-8,-17,-7|788583,37378,-618462,-18,177,8]
[2171824975:-633808,-12647,-828737,0,-21,-11|1010253,-16638,-22216,-14,-23,-2|766035,25126,-652390,-30,74,25]
[2171829975:-699128,-1384,-732247,4,-43,0|1006821,-14681,-12874,-12,-3,1|773878,17776,-641081,-7,-32,10]
[2171834975:-739891,-2853,-667756,19,-126,0|999957,-14191,-5499,2,14,2|787603,18266,-616987,17,-36,-12]
[2171839975:-726631,-3343,-669233,14,-177,-16|996525,-14191,-9432,12,11,0|785642,22676,-613545,13,24,-14]
[2171844975:-688323,2533,-710093,1,-150,-19|996035,-15170,-18282,5,-2,0|766035,22186,-635672,-3,53,1]
[2171849975:-668678,3023,-743570,-8,-63,-15|999467,-16149,-18774,-5,-7,0|749859,21696,-655341,-10,-17,13]
[2171854975:-684394,85,-738647,0,-13,-5|1003389,-16638,-8449,-5,0,-2|768486,24146,-638622,-13,-63,16]
[2171859975:-707968,85,-716493,8,-19,3|1005841,-15170,4334,-4,11,-2|803289,25126,-604694,-1,-10,0]
[2171864975:-713371,4492,-705170,6,-29,5|1005350,-13212,10726,3,13,1|815544,21206,-593876,5,55,-10]
[2171869975:-697163,6451,-713539,-4,-23,0|1001918,-13212,7776,8,5,4|791034,16305,-617970,13,46,-10]
[2171874975:-678992,-894,-730278,-9,-6,-8|998486,-15170,1876,6,-5,2|760152,17776,-644031,6,-18,3]
[2171879975:-681447,-8730,-729293,-5,9,-9|996525,-16149,1876,0,-10,-1|756721,26106,-641081,-5,-51,12]
[2171884975:-703548,-9219,-710093,5,2,0|997996,-15660,6792,-6,-4,-3|783191,31497,-612562,-7,-14,6]
[2171889975:-721720,-2363,-690401,10,-10,10|999957,-13702,10726,-7,6,-1|806720,28067,-591910,-2,27,-6]
[2171894975:-717300,2533,-692863,3,-13,8|1000938,-12723,7776,0,10,2|802309,20716,-601252,6,28,-9]
[2171899975:-697163,-894,-711570,-7,-2,-4|999467,-14191,400,7,2,3|777309,19736,-627313,6,4,-1]
[2171904975:-686359,-6771,-723878,-8,14,-11|997506,-15660,-2549,7,-6,0|759662,24636,-641081,-2,-27,9]
[2171909975:-698637,-7260,-710093,-2,10,-6|997015,-15660,2859,0,-4,-2|771917,28067,-624854,-6,-24,8]
[2171914975:-717791,-2853,-688432,5,-6,3|997015,-14681,13184,-4,5,0|795936,26106,-598794,-4,6,0]
[2171919975:-720246,-404,-684002,6,-18,7|997015,-14681,17609,-4,10,1|806230,22676,-589451,3,30,-6]
[2171924975:-702566,-1873,-704186,1,-8,0|997996,-14681,16626,0,5,1|788583,21696,-609611,5,22,-5]
[2171929975:-683903,-2853,-727324,-5,8,-6|999957,-15170,9742,2,-8,0|763584,22676,-639606,1,-16,1]
[2171934975:-683903,-894,-730770,-6,20,-4|1001428,-16149,4826,0,-20,-1|760152,23656,-645998,-3,-38,5]
[2171939975:-703057,85,-711078,0,11,1|1001918,-15660,3351,-5,-15,0|778780,23166,-626330,-3,-27,3]
[2171944975:-719755,-1873,-690894,6,-6,6|999957,-15170,3842,-4,-1,1|800838,23166,-599777,0,9,-3]
[2171949975:-716317,-3832,-692371,7,-13,3|997996,-15660,400,-1,7,0|800348,23656,-596827,4,28,-5]
[2171954975:-699619,-4322,-710093,1,-3,-2|997506,-15660,-6974,1,5,-1|782211,24146,-617479,2,9,-1]
[2171959975:-689796,-1384,-723385,-6,8,-7|999957,-15660,-12382,2,-1,-1|767015,23166,-639114,-1,-14,3]
[2171964975:-697163,574,-719447,-7,7,-6|1002899,-15660,-10907,3,-4,0|770937,21696,-640098,-3,-21,4]
[2171969975:-711406,574,-704678,-1,-5,0|1003880,-15660,-4024,2,1,0|789564,21206,-620921,0,0,1]
[2171974975:-715335,-404,-699263,4,-15,4|1003389,-15660,2367,1,8,1|799367,21206,-608136,4,19,-2]
[2171979975:-702566,-894,-711570,3,-12,3|1002409,-16149,2859,-2,8,1|791034,22186,-614037,2,18,-1]
[2171984975:-687832,-1873,-726339,-1,1,-1|1002409,-16149,-582,-4,-1,0|772897,23656,-632230,-2,0,1]
[2171989975:-686850,-2363,-725847,-5,9,-5|1001428,-15170,-2549,-2,-8,0|763584,24146,-641573,-5,-20,4]
[2171994975:-700601,-2363,-709601,-2,6,-3|998977,-14191,-1074,1,-6,0|772897,23166,-629772,-2,-16,3]
[2171999975:-715335,-2853,-692371,1,-8,0|997506,-14681,2859,4,2,0|789564,22676,-609120,3,2,0]
[2172004975:-715826,-3832,-691386,2,-14,2|997015,-14191,4334,3,9,0|797897,23656,-599285,4,20,-2]
[2172009975:-704530,-4812,-704678,1,-7,-1|998486,-14681,3351,0,7,0|789074,24636,-609120,0,17,0]
[2172014975:-694708,-5301,-716493,-2,3,-4|999467,-15170,2859,-1,0,0|775839,26106,-624854,-3,-3,3]
[2172019975:-695690,-3832,-715016,-3,5,-4|999957,-14681,5317,0,-4,-1|771917,25126,-630263,-2,-15,3]
[2172024975:-704530,-1873,-704678,-1,0,0|999957,-14191,9251,2,-5,0|780740,23166,-621904,1,-10,0]
[2172029975:-709441,-894,-699755,1,-5,3|999957,-14681,10726,1,0,0|791034,21696,-611578,4,7,-3]
[2172034975:-705512,-1873,-705663,2,-4,3|999957,-14681,7776,-1,0,1|790054,22186,-612562,3,10,-3]
[2172039975:-697654,-3832,-715509,0,1,0|1000938,-15170,2367,-3,-1,0|781231,24146,-621412,0,-2,1]
[2172044975:-696672,-4812,-716986,-1,5,-3|1000447,-15170,-1565,-3,-4,-1|775839,25616,-627313,-3,-13,4]
[2172049975:-704530,-3343,-707140,-1,1,-2|999467,-14681,-1565,0,-2,-1|779760,24146,-622396,-2,-9,2]
[2172054975:-711897,-1873,-697294,0,-5,0|997996,-14191,400,3,2,0|787603,22186,-612562,1,5,-1]
[2172059975:-710424,-2363,-698278,0,-8,0|997506,-14191,2367,3,6,1|789564,21206,-609611,3,11,-2]
[2172064975:-701583,-3832,-709109,0,-2,-1|998486,-15170,1876,1,5,0|783681,23166,-615512,1,6,0]
[2172069975:-695199,-3832,-718462,-1,3,-2|1000938,-15170,2367,-1,0,-1|776329,24636,-625346,-2,-3,3]
[2172074975:-696672,-2363,-717478,0,4,0|1001918,-14681,4826,-3,-5,-1|775839,24636,-627805,-3,-9,3]
[2172079975:-703548,-1384,-708616,0,0,2|1000938,-14681,7284,-2,-5,0|781231,23656,-622396,-1,-6,0]
[2172084975:-706495,-1873,-703201,1,-3,2|999467,-14191,6792,0,-2,0|785152,22676,-616495,2,1,-2]
[2172089975:-702566,-2853,-706155,1,-1,0|997996,-14191,3351,0,-1,0|783191,23166,-616987,3,2,-2]
[2172094975:-697654,-3343,-712555,0,2,-2|997996,-14681,-2057,0,-2,0|778289,24636,-621904,0,-1,0]
[2172099975:-698637,-3832,-713047,-1,3,-2|998486,-14191,-5007,-2,-2,-1|777309,25126,-624854,-3,-7,2]
[2172104975:-704530,-3832,-707140,0,-1,-2|999467,-13702,-4515,-1,0,0|782211,24636,-620429,-3,-4,2]
[2172109975:-708950,-3343,-702217,0,-6,0|999957,-13702,-2057,0,4,0|788093,24146,-614528,0,5,0]
[2172114975:-706495,-2853,-704186,0,-6,0|999957,-13702,-582,3,6,0|788093,23656,-615020,2,10,-1]
[2172119975:-699619,-2363,-712063,-1,-1,-1|1000447,-14191,-90,2,3,0|782211,23166,-621904,1,5,0]
[2172124975:-696181,-2363,-716986,-2,2,-2|1000938,-14681,892,0,0,0|777309,23656,-627313,-1,-6,2]
[2172129975:-700110,-2363,-714032,-1,2,0|1001428,-14681,3351,-2,-2,-1|779270,24146,-624854,-3,-8,4]
[2172134975:-706495,-2363,-706155,1,-1,1|1000938,-14681,6792,-2,0,0|787113,24146,-615512,-1,0,0]
[2172139975:-708950,-2363,-701724,2,-4,2|998486,-14681,7284,-1,1,0|789564,23166,-612070,1,6,-2]
[2172144975:-704530,-2363,-704186,0,-2,0|997996,-15170,4334,0,0,0|784662,23166,-616004,2,2,-2]
[2172149975:-699128,-3343,-709109,-1,2,-2|997996,-15170,4334,0,-2,0|778780,23656,-621904,0,-5,0]
[2172154975:-699619,-3832,-709109,-1,4,-4|997506,-15660,4334,0,-3,-1|777799,24146,-621904,-1,-9,2]
[2172159975:-705021,-3343,-704186,0,0,-2|997996,-15660,5809,0,-2,-1|783681,23656,-615512,0,-4,1]
[2172164975:-708950,-1873,-700247,2,-3,0|998486,-15660,5809,0,0,0|788583,22676,-610595,0,4,-1]
[2172169975:-706004,-1384,-703693,1,-3,1|999467,-16149,3842,0,0,0|787113,21696,-613545,1,6,-2]
[2172174975:-699619,-894,-711570,0,1,0|1000447,-16638,1876,0,-2,0|780250,22186,-622396,0,0,0]
[2172179975:-696181,-894,-716493,0,5,-1|1001428,-16638,400,0,-6,-1|775839,22186,-628788,0,-10,1]
[2172184975:-699128,-404,-714032,0,4,-1|1001428,-16638,892,-1,-7,-1|778780,21696,-626821,-2,-11,1]
[2172189975:-705021,574,-707632,1,0,1|1000938,-16149,400,-2,-3,0|786132,21206,-618954,-1,-2,0]
[2172194975:-707968,574,-704186,2,-4,1|1000938,-16149,-2057,-1,0,0|789074,21206,-615020,0,6,-1]
[2172199975:-704530,-404,-707632,1,-2,0|999957,-16149,-4024,0,0,0|785152,21206,-618954,1,5,0]
[2172204975:-699619,-1384,-713047,-1,0,-3|999957,-16149,-4515,0,0,-1|778780,22186,-625346,0,-1,1]
[2172209975:-699128,-1873,-713539,-2,2,-3|999957,-15660,-2549,0,0,0|777309,22676,-626330,-1,-6,2]
[2172214975:-703057,-1384,-709109,-1,0,-2|999957,-15660,-90,0,0,0|781721,22186,-621412,-1,-1,1]
[2172219975:-706495,-1384,-705663,0,-4,0|1000447,-15170,1384,0,2,0|787113,22186,-616004,0,5,0]
[2172224975:-705021,-1873,-707140,1,-5,0|1000447,-15170,1384,0,3,0|786623,22676,-616004,1,6,-1]
[2172229975:-699619,-2363,-713047,1,-1,0|1000938,-14681,1384,0,1,0|781231,23166,-622396,0,1,0]
[2172234975:-696181,-2363,-716001,-1,2,-1|1000447,-14681,1876,0,-2,0|776819,24146,-626821,0,-5,1]
[2172239975:-698637,-2363,-712555,-1,2,-1|999467,-14681,2859,0,-2,0|777799,24146,-624854,0,-6,1]
[2172244975:-704039,-2853,-706155,0,-1,0|998486,-14191,2859,0,0,0|783191,24146,-617970,0,-1,0]
[2172249975:-706495,-3832,-702709,1,-4,0|998486,-14191,1876,0,1,0|786132,24146,-613545,0,5,-1]
[2172254975:-704039,-4322,-705170,0,-2,0|998486,-13702,1384,0,3,0|784662,24636,-615020,0,5,0]
[2172259975:-701092,-4812,-709601,0,0,-1|998977,-13212,1876,0,2,0|781231,25126,-620429,0,0,1]
[2172264975:-700601,-4322,-710586,-1,1,-2|998977,-13212,4334,0,0,0|779760,25126,-622888,-1,-5,2]
[2172269975:-703548,-3832,-707632,0,0,-1|998977,-13212,7284,0,0,0|782701,25126,-619937,0,-4,1]
[2172274975:-706495,-3343,-704678,1,-2,0|998977,-13212,8267,0,0,0|786132,25126,-615512,0,1,0]
[2172279975:-705512,-3343,-705170,1,-2,0|999467,-13702,7776,0,0,0|786132,24636,-615020,0,3,0]
[2172284975:-702075,-3832,-708616,0,1,0|999957,-14191,6792,-1,-1,0|783191,24636,-617970,0,0,0]
[2172289975:-700110,-4322,-711078,0,3,-1|999957,-13702,5317,-2,-4,0|780250,25126,-621412,-1,-5,1]
[2172294975:-702566,-4322,-709109,0,2,-1|999957,-13702,4334,-1,-5,0|781231,25126,-620921,0,-6,0]
[2172299975:-705512,-4322,-705170,0,0,0|999467,-13702,2859,0,-3,0|784172,24636,-617479,0,-2,0]
[2172304975:-706495,-4322,-703693,0,-2,0|999467,-14191,892,0,-1,0|785642,24146,-615512,0,1,-1]
[2172309975:-703548,-3832,-706647,0,-2,0|999957,-14681,-1074,0,0,0|784172,24146,-617479,1,1,0]
[2172314975:-700601,-3832,-711078,0,0,-1|1000447,-14681,-1565,0,0,-1|780740,24636,-621904,0,-2,0]
[2172319975:-699619,-3343,-713047,0,1,-1|1000938,-14681,-1074,-1,-1,0|779270,24636,-623871,-1,-4,0]
[2172324975:-702075,-2363,-711078,0,0,0|1001428,-14681,-90,-1,-1,0|781231,24146,-622888,0,-3,0]
[2172329975:-704530,-1384,-709601,0,-1,0|1001428,-14681,-90,0,0,0|784172,22676,-620921,1,0,0]
[2172334975:-704039,-1384,-710093,0,-1,0|1001428,-14681,-1074,0,0,0|784662,22676,-620921,1,2,0]
[2172339975:-702075,-1384,-712555,0,0,0|1001428,-14681,-2057,0,1,0|782701,22676,-622888,0,0,0]
[2172344975:-701092,-1873,-713539,-1,0,-1|1000938,-14681,-2057,0,0,0|780740,23166,-624363,0,-2,1]
[2172349975:-702566,-2363,-711570,-1,-1,-1|999957,-14191,-1074,0,0,0|781721,23166,-622888,0,-1,2]
[2172354975:-704530,-2363,-708124,0,-3,0|999467,-14191,-90,0,1,0|784172,23166,-619937,1,2,0]
[2172359975:-704530,-2363,-707140,0,-4,0|999467,-14191,-90,1,2,0|784662,23166,-618462,1,4,0]
[2172364975:-702566,-2853,-709109,-1,-3,0|999957,-14191,-90,1,2,0|782701,23656,-619937,1,4,0]
[2172369975:-700601,-3343,-711570,-1,-2,-1|999957,-14681,1384,0,1,0|780740,24146,-622396,0,0,0]
[2172374975:-701092,-3343,-710586,-1,-2,-1|999957,-14681,2859,0,1,0|780740,24146,-621904,0,0,2]
[2172379975:-702566,-2853,-708124,-1,-2,-1|998977,-14681,4826,0,1,0|782701,23656,-618954,0,0,1]
[2172384975:-704039,-2853,-705170,0,-3,0|998977,-15170,5317,0,2,0|784172,23656,-616004,0,2,0]
[2172389975:-703057,-2363,-705663,0,-2,0|998486,-15660,5317,0,1,0|783681,23656,-616004,1,3,0]
[2172394975:-701583,-1873,-707632,0,-1,-1|998977,-16149,5809,0,0,0|781721,23166,-617970,0,0,0]
[2172399975:-701583,-1384,-708616,-1,0,-1|999467,-16149,5809,0,0,0|781231,22676,-618954,0,-2,0]
[2172404975:-703057,-894,-707632,0,0,-1|999957,-16638,6301,-1,-2,0|782701,22186,-618462,0,-3,0]
[2172409975:-705512,-894,-705663,0,-1,0|999957,-16638,6792,-1,-2,0|785152,21696,-616495,0,0,0]
[2172414975:-705512,-894,-705663,0,-1,0|999957,-16638,6301,0,0,0|785152,21696,-616004,1,0,0]
[2172419975:-703548,-894,-707140,0,0,0|999467,-17128,4826,0,-1,0|783681,22186,-617970,0,0,0]
[2172424975:-702075,-1384,-709109,0,0,-1|999467,-17128,3351,0,-2,0|781721,22186,-619937,0,-3,0]
[2172429975:-702075,-1384,-709109,0,0,-1|999467,-16638,2859,-1,-2,0|781231,22186,-620429,0,-5,0]
[2172434975:-703548,-1873,-707632,0,0,0|999467,-16638,1876,0,-2,0|783191,22186,-618954,0,-2,0]
[2172439975:-704039,-1384,-707140,1,-1,0|999957,-16149,400,0,-1,0|784172,22186,-617970,0,0,0]
[2172444975:-703057,-1384,-708616,1,-1,0|999957,-16149,-1074,0,0,0|783191,21696,-619446,0,0,0]
[2172449975:-701583,-1384,-710586,0,0,0|999957,-16149,-2057,0,0,0|781231,22186,-622396,0,-1,0]
[2172454975:-701092,-1384,-711078,0,0,-1|1000447,-15660,-2057,0,0,0|780740,22186,-623871,0,-3,0]
[2172459975:-702075,-1384,-709601,0,0,-1|999957,-15660,-1074,0,0,0|781721,22676,-622888,0,-2,0]
[2172464975:-703548,-1384,-708124,0,-1,0|999957,-15170,-90,0,0,0|784172,22676,-620429,0,0,0]
[2172469975:-704039,-1384,-707632,0,-2,0|999957,-15170,400,0,1,0|784662,22676,-619446,0,1,0]
[2172474975:-702566,-1384,-709109,0,-1,-1|999957,-15170,1384,0,0,0|783681,23166,-620429,0,1,0]
[2172479975:-701583,-1873,-710093,-1,-1,-2|999957,-14681,2367,0,0,0|781721,23656,-621904,0,0,0]
[2172484975:-701583,-2363,-709601,0,0,-1|999467,-14191,3351,0,0,0|781231,24146,-620921,0,-2,0]
[2172489975:-702566,-2853,-707632,0,0,0|998977,-13702,4826,0,0,0|782701,24636,-618462,0,-1,0]
[2172494975:-703548,-3343,-706155,0,-1,0|998486,-13212,5317,0,0,0|783681,24636,-616495,0,0,0]
[2172499975:-702566,-4322,-706647,0,0,0|998486,-13212,5317,-1,-1,0|782701,25126,-616987,0,0,0]
[2172504975:-701583,-4322,-707632,0,0,0|998486,-13212,4826,0,-2,0|781721,25126,-618954,0,-1,0]
[2172509975:-701092,-4322,-708124,0,1,0|998977,-13702,4334,0,-3,0|781231,25126,-619937,-1,-3,0]
[2172514975:-702566,-4322,-707632,0,0,0|999467,-13702,4334,0,-2,0|782211,24636,-619446,0,-2,0]
[2172519975:-704039,-3832,-706647,1,0,0|999957,-13702,3842,0,-1,0|784662,24146,-617970,0,-1,0]
[2172524975:-704530,-3832,-706647,0,-1,0|999957,-13702,2859,0,-2,0|784662,24146,-617970,0,0,0]
[2172529975:-703548,-3343,-708124,0,0,0|1000447,-14191,1876,0,-2,0|784172,24636,-619937,0,-1,0]
[2172534975:-702566,-3343,-710093,0,0,0|1000938,-14191,892,0,-3,0|783191,24636,-621412,0,-2,0]
[2172539975:-702566,-3343,-710586,0,1,0|1000938,-14191,400,0,-2,0|783191,24146,-621412,0,-3,0]
[2172544975:-703057,-2853,-709601,0,0,0|1000447,-14191,400,0,0,0|783681,24146,-620921,0,-1,0]
[2172549975:-703057,-2853,-708616,0,-1,0|1000447,-14191,-90,0,0,0|782701,24146,-620429,1,0,0]
[2172554975:-702075,-3343,-709601,0,-1,0|1000447,-14191,-582,0,0,0|781721,24146,-621412,0,0,0]
[2172559975:-701092,-3343,-710586,0,0,0|1000447,-14681,-1074,0,0,0|781721,24146,-621412,0,0,0]
[2172564975:-700601,-3343,-710586,0,0,0|999957,-14681,-90,0,0,0|781231,23656,-621412,0,-1,0]
[2172569975:-701092,-3343,-709601,0,-1,0|999467,-14681,400,0,0,0|782211,23166,-620429,0,0,0]
[2172574975:-702075,-3343,-708616,0,-1,0|998977,-14681,892,0,0,0|782701,23656,-619937,0,0,0]
[2172579975:-702075,-3343,-708616,0,-1,0|998977,-14681,892,0,0,0|782211,23656,-619937,0,0,0]
[2172584975:-701583,-3343,-709601,0,-1,0|998977,-14681,1384,0,0,0|781231,23656,-620921,0,0,0]
[2172589975:-701092,-2853,-710093,0,-1,0|999467,-14681,1876,0,0,0|782211,23656,-620921,0,0,0]
[2172594975:-701583,-2363,-709601,0,0,0|999957,-14681,2859,0,0,0|783191,23166,-619937,0,0,0]
[2172599975:-702566,-2363,-708124,0,-1,0|999957,-14681,3351,0,0,0|784172,23166,-618462,0,0,0]
[2172604975:-703057,-2363,-707632,0,-1,0|999957,-15170,3842,0,0,0|784172,23166,-618462,0,1,0]
[2172609975:-703057,-2363,-707140,0,0,0|1000447,-15170,3842,0,0,0|783191,23166,-618954,0,0,0]
[2172614975:-703548,-2363,-707140,0,-1,0|999957,-15170,3842,0,0,0|783191,23166,-619446,0,0,0]
[2172619975:-703548,-2363,-707632,0,0,0|999957,-15170,4334,0,0,0|783681,23166,-618954,0,-1,0]
[2172624975:-704039,-2363,-707140,0,-1,0|1000447,-15170,4334,0,0,0|784172,23166,-618462,0,0,0]
[2172629975:-704039,-2363,-706647,0,-1,0|999957,-15660,4334,0,0,0|784172,23166,-618954,0,0,0]
[2172634975:-702566,-1873,-708124,0,-1,0|999957,-15660,4334,0,-1,0|783191,23166,-619446,0,0,0]
[2172639975:-702075,-1873,-709109,0,0,0|999957,-15660,3842,0,-2,0|782211,23166,-619937,0,0,0]
[2172644975:-702075,-1873,-709109,0,0,0|999467,-15660,3351,0,-2,0|782211,22676,-619937,0,-1,0]
[2172649975:-702566,-1873,-708616,0,0,0|999467,-15170,2367,0,-1,0|782211,22676,-619937,0,-1,0]
[2172654975:-702566,-1873,-709109,0,0,0|999467,-15170,892,0,0,0|782211,22676,-619937,0,-1,0]
[2172659975:-702075,-1873,-709601,0,0,0|999467,-15170,-90,0,-1,0|782211,22676,-620921,0,0,0]
[2172664975:-701583,-1873,-710586,0,0,0|999957,-15660,-1074,0,-1,0|782211,22676,-621904,0,0,0]
[2172669975:-701583,-1873,-711078,0,0,0|999957,-15660,-1565,0,0,0|782211,22676,-621904,0,-1,0]
[2172674975:-702075,-1873,-711078,0,0,0|999957,-15660,-1565,0,0,0|782211,22676,-621904,0,-1,0]
[2172679975:-702566,-1873,-710093,0,-1,0|999957,-15660,-1074,0,0,0|782701,22676,-621412,0,0,0]
[2172684975:-702566,-1873,-709601,0,-1,0|999957,-15660,-90,0,0,0|782211,22676,-621412,0,0,0]
[2172689975:-702075,-1873,-709601,0,-2,0|999957,-15170,892,0,0,0|782211,22676,-620921,0,0,0]
[2172694975:-702075,-2363,-709109,0,-1,0|999467,-15170,1384,0,0,0|781721,23166,-620429,0,0,0]
[2172699975:-702566,-2363,-708616,0,-1,0|999957,-15170,2367,0,0,0|781721,23166,-619446,0,0,0]
[2172704975:-703057,-2363,-707632,0,-1,0|999467,-14681,2859,0,0,0|782701,23166,-618462,0,0,0]
[2172709975:-703548,-2363,-707140,0,-1,0|998977,-14681,3842,0,0,0|783191,22676,-618462,0,0,0]
[2172714975:-703548,-2853,-707140,0,-1,0|998977,-14191,4334,0,0,0|783191,23166,-618462,0,0,0]
[2172719975:-703057,-3343,-707632,0,0,0|998977,-14681,4334,0,0,0|783191,23656,-618462,0,0,0]
[2172724975:-703057,-3343,-707632,0,0,0|998486,-14191,4826,0,-1,0|783191,23656,-618462,0,0,0]
[2172729975:-703548,-3343,-707632,0,0,0|998486,-13702,4826,0,-1,0|783681,24146,-617970,0,-1,0]
[2172734975:-703057,-3343,-707632,0,0,0|998977,-13702,4826,0,-1,0|783681,24146,-617970,0,0,0]
[2172739975:-702566,-3343,-707632,1,0,0|999467,-13702,4334,0,-2,0|783681,24636,-618462,0,-1,0]
[2172744975:-702075,-3343,-708616,0,0,0|999957,-14191,3351,0,-2,0|782701,24636,-619446,0,-1,0]
[2172749975:-702075,-3343,-709109,0,0,0|999957,-13702,2367,0,-2,0|782701,24636,-620429,0,-1,0]
[2172754975:-702566,-3343,-709109,0,0,0|999957,-13702,1384,0,-2,0|782701,24636,-620429,0,-2,0]
[2172759975:-703057,-3343,-708616,0,0,0|999957,-13702,400,0,-1,0|782701,24636,-620429,0,-2,0]
[2172764975:-703057,-3343,-709109,0,0,0|999957,-13702,-90,0,-1,0|783191,24146,-620429,0,-1,0]
[2172769975:-712388,-6771,-697786,0,-1,0|999957,-14191,-582,0,0,0|782701,24146,-621412,0,0,0]
[2172774975:-709933,-6281,-700247,-3,-3,0|1000447,-14191,-1074,0,0,0|782211,24146,-621904,0,0,0]
[2172779975:-706986,-5301,-704186,-2,-3,0|1000447,-14191,-1074,0,0,0|782211,23656,-621904,0,0,0]
[2172784975:-704530,-3832,-706647,0,-1,0|1000447,-14191,-1074,0,0,0|782701,23166,-621412,0,-1,0]
[2172789975:-703548,-3343,-708124,0,-1,0|1000447,-14191,-582,0,1,0|783191,23166,-620921,0,0,0]
[2172794975:-702075,-2853,-709109,0,-1,0|1000447,-14191,-90,0,0,0|783191,23656,-620429,0,0,0]
[2172799975:-701583,-2363,-709601,0,-2,0|999957,-14191,892,0,1,0|782701,23656,-620429,0,0,0]
[2172804975:-701583,-2363,-709601,0,-2,0|999467,-14191,892,0,0,0|782701,23656,-619937,0,1,0]
[2172809975:-702075,-2853,-709109,0,-1,0|999467,-14191,1876,0,0,0|782701,24146,-619446,0,0,0]
[2172814975:-702075,-2853,-708616,0,-1,0|999467,-14191,2367,0,0,0|782701,24146,-618954,0,0,0]
[2172819975:-702566,-2853,-708124,0,-2,0|999467,-14191,2859,0,0,0|783191,23656,-619446,0,0,0]
[2172824975:-702566,-2853,-708124,0,-2,0|999467,-14191,3842,0,0,0|782701,23656,-619446,0,0,0]
[2172829975:-702566,-2853,-708124,0,-1,0|999467,-14681,3842,0,0,0|782701,23656,-619446,0,0,0]
[2172834975:-702566,-2853,-707632,0,-1,0|999467,-14681,3842,0,0,0|782701,23656,-618954,0,0,0]
[2172839975:-703057,-2853,-707632,0,0,0|999467,-14681,4334,0,-1,0|782701,24146,-618462,0,0,0]
[2172844975:-703057,-2853,-707140,0,0,0|998977,-14681,3842,0,-1,0|782701,23656,-618462,0,0,0]
[2172849975:-703057,-2853,-707140,0,-1,0|998977,-14681,3842,0,0,0|782701,23656,-618954,0,0,0]
[2172854975:-703057,-2363,-708124,0,0,0|998977,-15170,3842,0,-1,0|783191,23166,-619446,0,0,0]
[2172859975:-703057,-2363,-708616,0,-1,0|999467,-15660,2859,0,-1,0|783191,23166,-619446,0,0,0]
[2172864975:-703057,-1873,-708616,0,0,0|999467,-15660,2367,0,-1,0|783191,22676,-619937,0,0,0]
[2172869975:-703057,-1384,-709109,0,0,0|999957,-16149,2367,0,-1,0|783191,22676,-620429,0,0,0]
[2172874975:-703057,-1384,-709109,0,0,0|999957,-15660,1384,0,0,0|782701,22186,-620921,0,0,0]
[2172879975:-702566,-1384,-709601,0,-1,0|1000447,-15660,400,0,0,0|782701,22186,-621412,0,0,0]
[2172884975:-702566,-1384,-710093,0,-1,0|1000447,-15660,-90,0,0,0|782701,22186,-621904,0,0,0]
[2172889975:-702566,-1384,-710093,0,0,0|1000447,-16149,-582,0,0,0|782701,22186,-621904,0,0,0]
[2172894975:-702566,-1384,-710093,0,0,0|999957,-16149,-582,-1,0,0|782701,22186,-621412,0,0,0]
[2172899975:-702075,-1384,-710093,0,-1,0|999957,-16149,-582,-1,0,0|783191,22186,-621412,0,0,0]
[2172904975:-702075,-894,-709601,0,-1,0|999957,-15660,400,-1,0,0|782701,22676,-621412,0,0,0]
[2172909975:-702075,-894,-709109,0,-1,0|999957,-15660,892,0,0,0|782701,22676,-620921,0,0,0]
[2172914975:-702075,-1384,-709601,0,-1,0|999957,-15170,1384,0,0,0|782211,22676,-620921,0,0,0]
[2172919975:-702566,-1384,-709109,0,-1,0|1000447,-15170,2367,0,0,0|782701,22676,-620429,0,0,0]
[2172924975:-702566,-1873,-709109,0,-1,0|1000447,-15660,2859,0,0,0|782701,22676,-619937,0,0,0]
[2172929975:-703548,-2363,-708616,0,-1,0|1000447,-15170,3842,0,0,0|783191,22676,-619446,0,0,0]
[2172934975:-703548,-2363,-708124,0,-1,0|999957,-15170,3842,0,0,0|783191,22676,-618954,0,0,0]
[2172939975:-703548,-2853,-708124,0,-1,0|999467,-15170,3842,0,0,0|783681,23166,-618462,0,0,0]
[2172944975:-703057,-2853,-707632,0,-1,0|999467,-14681,4334,0,0,0|783191,23166,-618462,0,0,0]
[2172949975:-703057,-2853,-707140,0,0,0|999467,-14191,4826,0,0,0|783681,23166,-618462,0,0,0]
[2172954975:-703057,-2853,-706647,0,-1,0|999467,-14191,4334,0,0,0|783681,23656,-618462,0,0,0]
[2172959975:-703057,-2853,-707140,0,-1,0|999467,-14191,4334,0,0,0|783191,23656,-618954,0,0,0]
[2172964975:-703057,-2853,-707140,0,-1,0|999467,-14191,3842,0,-1,0|783191,24146,-618954,0,0,0]
[2172969975:-702566,-2853,-707632,0,0,0|999467,-14191,3842,0,-1,0|782701,24146,-619446,0,0,0]
[2172974975:-702566,-3343,-707632,0,0,0|999467,-14191,3842,0,-1,0|782701,24636,-619446,0,0,0]
[2172979975:-702566,-3343,-708124,0,0,0|999467,-14191,3842,0,-2,0|782701,24636,-619446,0,-1,0]
[2172984975:-702566,-3343,-708124,0,0,0|999957,-14191,2859,0,-2,0|782211,24636,-619937,0,-1,0]
[2172989975:-702566,-3343,-708616,0,0,0|999957,-14191,2367,0,0,0|782211,24636,-620429,0,-2,0]
[2172994975:-702566,-3343,-709109,0,0,0|1000447,-14191,1384,0,-1,0|782211,24636,-620429,0,-1,0]
[2172999975:-702566,-2853,-709109,0,0,0|1000447,-14681,892,0,-1,0|782701,24146,-620921,0,-1,0]
[2173004975:-702566,-2853,-709109,0,0,0|1000447,-14191,400,0,-1,0|782701,24146,-620921,0,0,0]
[2173009975:-702566,-2853,-709601,0,0,0|999957,-14681,-90,0,0,0|782701,23656,-620921,0,-1,0]
[2173014975:-702566,-3343,-709601,0,0,0|999957,-14681,-90,0,0,0|782701,23656,-621412,0,0,0]
[2173019975:-702566,-3343,-710093,0,0,0|999957,-14681,-582,0,0,0|783191,23656,-620921,0,0,0]
[2173024975:-702566,-3343,-710093,0,-1,0|1000447,-14681,-582,0,0,0|783191,23166,-620921,0,0,0]
[2173029975:-702566,-2853,-709601,0,-1,0|1000447,-14681,-90,0,0,0|783191,23656,-620429,0,0,0]
[2173034975:-702566,-2853,-709601,0,-1,0|1000938,-14681,400,0,0,0|783191,23656,-620429,0,0,0]
[2173039975:-702566,-3343,-709109,0,-1,0|1000938,-14681,892,0,0,0|782701,23656,-620429,0,0,0]
[2173044975:-702566,-2853,-709109,0,-1,0|1000447,-14681,1384,0,0,0|782701,23166,-619937,0,0,0]
[2173049975:-702075,-2853,-708616,0,-1,0|999957,-14681,2367,0,0,0|782701,23656,-619937,0,0,0]
[2173054975:-702075,-2853,-708616,0,-1,0|999957,-14681,3351,0,0,0|782701,23656,-619446,0,0,0]
[2173059975:-702075,-2853,-708616,0,-1,0|999467,-14681,3842,0,0,0|782701,24146,-618954,0,0,0]
[2173064975:-702075,-2853,-708124,0,-1,0|998977,-14681,3842,0,0,0|782211,24146,-618954,0,0,0]
[2173069975:-702075,-2853,-707632,0,-1,0|998977,-15170,4334,0,-1,0|782701,23656,-618954,0,0,0]
[2173074975:-702566,-2853,-707632,0,0,0|998977,-14681,4334,0,-1,0|782701,23656,-618462,-1,0,0]
[2173079975:-703548,-2853,-708124,0,0,0|999467,-14681,4334,0,-1,0|783191,23166,-618954,0,0,0]
[2173084975:-704039,-1873,-708124,0,0,0|999467,-15170,3842,-2,-1,0|783191,23166,-618954,0,0,0]
[2173089975:-704039,-1873,-708124,0,0,0|999957,-15170,3351,0,-1,0|783681,23166,-619446,0,0,0]
[2173094975:-704039,-1873,-708616,0,-1,0|1000447,-15170,2859,0,0,0|783681,22676,-619937,0,0,0]
[2173099975:-703548,-1873,-708616,0,-1,0|1000938,-15170,1876,0,-1,0|783681,22676,-619937,0,0,0]
[2173104975:-703057,-1873,-709109,0,0,0|1000938,-14681,1384,0,-1,0|783681,22676,-619937,1,0,0]
[2173109975:-714844,-6281,-682525,4,-53,0|1000938,-14681,1384,0,0,0|805250,26106,-611086,1,0,0]
[2173114975:-789495,-23421,-582096,27,-350,-30|1003389,-15660,-2057,-2,-6,0|847406,8465,-566832,8,52,-5]
[2173119975:-1177977,-142916,-85367,382,-1909,-91|1009273,-16149,-4515,-3,-15,0|1036128,-3786,-417843,46,349,-9]
[2173124975:-1628340,-58682,568896,636,-5571,-88|1021040,-14191,-24674,2,-71,0|1421416,19736,-110030,81,1399,49]
[2173129975:-1885690,-5301,805199,286,-7684,-62|1017608,-11255,-22707,15,-110,0|1900820,-17017,319235,-52,3603,167]
[2173134975:-1801708,76972,579726,-69,-7874,-157|998486,-12723,14659,24,-39,18|2112581,-22407,522313,-66,6417,199]
[2173139975:-1748175,53465,385761,-467,-7970,-198|977894,-13702,33343,-7,82,25|2018956,29537,381191,-17,8290,188]
[2173144975:-1702991,-45949,146504,-28,-9380,-84|968578,-11255,8267,-22,130,0|1731215,67270,-38731,82,9236,106]
[2173149975:-1610659,-114511,-215826,296,-10460,-104|976423,-17617,-44341,8,63,-17|1339555,60410,-549130,36,9854,139]
[2173154975:-1398492,-115491,-640679,352,-10487,-244|985248,-19086,-59583,-1,-11,-19|1067500,44238,-810722,-42,9871,229]
[2173159975:-1105781,-48398,-1017287,147,-9225,-323|996525,-12723,-17791,-4,2,-7|975345,19736,-802855,-167,9327,300]
[2173164975:-1024254,-58682,-1070455,301,-8316,-251|1009763,-6850,44160,23,67,4|901817,624,-773844,-98,8837,246]
[2173169975:-1000680,39263,-975934,419,-8412,-59|1015647,-11744,67761,20,65,7|882209,14835,-802855,30,8202,174]
[2173174975:-985455,95092,-912920,100,-8360,30|1019569,-13212,53010,-14,-24,0|881719,21206,-785645,9,7833,176]
[2173179975:-1012467,31917,-848429,81,-8016,-60|1013686,-12723,42685,-7,-87,2|905738,21696,-625346,-51,7579,198]
[2173184975:-1094485,-45949,-671202,229,-7751,-174|1006821,-18107,45635,-14,-74,5|982698,17776,-395716,-103,7261,213]
[2173189975:-1251645,-96391,-364500,433,-8004,-192|994074,-19086,48585,-37,-23,2|1131225,17776,-212798,-74,7107,219]
[2173194975:-1382776,-70436,-142966,421,-8606,-161|989661,-13702,24984,-9,-13,3|1285634,29537,-83969,-36,7410,218]
[2173199975:-1389161,-9219,-123767,206,-8801,-135|987209,-14681,-11890,16,-41,-1|1365045,21696,-2345,-53,7999,216]
[2173204975:-1403895,1064,-80444,114,-8838,-136|983777,-19086,-32541,-7,-35,-4|1356711,17776,35025,-71,8494,225]
[2173209975:-1433854,-13137,3245,165,-9086,-145|986229,-14191,-34016,-3,4,-1|1283673,5034,7980,-86,8695,240]
[2173214975:-1405859,-41052,-45491,253,-9192,-152|992603,-12723,-24674,10,45,2|1197890,10915,-50041,-51,8638,230]
[2173219975:-1328261,-47418,-203519,270,-8938,-160|1002409,-17617,-23199,0,51,-2|1131715,30517,-140516,-23,8443,229]
[2173224975:-1294374,-51826,-286717,222,-8683,-189|1009273,-18596,-29099,-12,17,-8|1076814,32477,-209848,-56,8223,212]
[2173229975:-1300267,-63579,-242410,340,-8766,-205|1012705,-17128,-29591,10,-16,-3|962600,23166,-221157,-108,7922,191]
[2173234975:-1206462,-33216,-201550,335,-8583,-228|1014666,-19575,-12874,15,-18,4|805250,-3786,-178870,-183,7400,182]
[2173239975:-1039970,7431,-219765,148,-7870,-204|1013195,-19575,10234,-6,14,5|638096,-19467,-132157,-110,6593,189]
[2173244975:-919153,27999,-249795,146,-7214,-93|1011234,-14681,19084,-17,38,0|459667,-11136,-207389,2,5640,186]
[2173249975:-816507,46609,-333978,61,-6473,-34|1005350,-14681,5809,-17,30,0|335650,5034,-360804,86,4329,148]
[2173254975:-660329,21143,-483636,-13,-5456,-78|997015,-16638,-11399,-6,7,0|279768,20716,-431119,35,2830,87]
[2173259975:-427535,2043,-682032,1,-3961,-81|989170,-16149,-17791,22,-7,0|307709,28067,-339660,-5,1401,26]
[2173264975:-239924,3023,-794769,19,-2242,-5|985248,-14681,-10415,34,-5,-2|410158,20716,-157726,0,323,-12]
[2173269975:-229611,-18034,-702217,58,-994,11|987209,-17617,400,12,-1,0|566038,7975,52726,-2,-352,-26]
[2173274975:-320960,-34196,-489052,77,-233,-10|997506,-19575,8759,-7,-4,2|723388,8955,220401,-7,-646,-15]
[2173279975:-448162,-48887,-254718,98,291,0|1004860,-19086,15151,-9,-9,-3|848876,10915,344804,-5,-719,-10]
[2173284975:-585678,-48398,-41553,184,635,29|1005841,-20064,19576,-6,-12,-5|956718,-2315,435772,-9,-708,-17]
[2173289975:-706986,-26850,152412,237,814,82|1002409,-17617,20068,-18,-15,-1|1033677,-7706,491335,-8,-559,-14]
[2173294975:-816016,-27829,318316,236,849,86|998486,-13212,15151,-6,-16,2|1060638,-3295,511004,-1,-290,-5]
[2173299975:-935360,-43990,481267,176,695,-5|995544,-15170,5317,6,-12,2|1030246,2094,486418,-7,-29,-4]
[2173304975:-1024745,-27829,624033,74,376,-43|993583,-18596,-4024,-2,-4,-3|978776,6504,436263,-10,71,-2]
[2173309975:-1068455,-4322,719047,-24,1,-9|997506,-16638,-6974,0,1,-6|940542,-355,404302,-9,33,-1]
[2173314975:-1041934,1554,690986,-60,-181,11|1003389,-13702,-4024,6,13,-2|919464,-7216,400860,0,-36,1]
[2173319975:-988893,-9219,584649,-39,-152,5|1007312,-13702,400,-1,23,2|922895,-2805,384633,10,-62,4]
[2173324975:-933395,-20483,452713,-19,-52,6|1005841,-12723,400,0,15,2|936620,1114,350705,10,-42,1]
[2173329975:-898525,-32237,354254,0,58,1|1001428,-12234,892,12,-2,2|930738,6504,331528,4,-4,0]
[2173334975:-890176,-40072,338008,6,84,-2|998486,-15170,5317,1,-15,0|915542,8955,343821,-8,-24,0]
[2173339975:-884283,-43990,376899,12,70,-6|997996,-14191,14659,-9,-11,-2|909170,7485,374307,-11,-71,-1]
[2173344975:-894105,-39583,428098,14,27,-5|999957,-11255,22034,-5,0,0|917993,1604,397418,0,-95,-5]
[2173349975:-905401,-32726,440898,7,-18,-2|999467,-11255,20559,-7,1,2|933679,134,389059,11,-64,-1]
[2173354975:-911786,-29298,425637,-5,-15,3|997996,-11255,10234,0,-7,1|942012,8465,364965,14,-18,5]
[2173359975:-910312,-33706,403484,-10,6,4|996525,-10765,-90,9,-14,0|934169,11895,354147,2,6,3]
[2173364975:-906874,-37624,395114,2,38,-1|994564,-11255,-7957,2,-13,-2|928777,11405,367915,0,-10,-1]
[2173369975:-906874,-37624,413822,10,32,-5|996035,-12723,-11399,-8,-4,-2|930738,8955,383158,-1,-17,-2]
[2173374975:-910804,-36154,432529,7,7,-4|998977,-11744,-11890,-3,5,-1|933679,6504,386108,-1,4,-1]
[2173379975:-919644,-30767,436960,-4,-23,0|1001918,-11255,-11890,0,11,-1|936130,5034,370865,3,23,1]
[2173384975:-919153,-24891,420222,-12,-22,5|1005350,-11255,-11890,3,8,0|941522,2094,356114,4,12,2]
[2173389975:-915715,-25870,402499,-7,6,6|1006331,-10765,-9432,9,1,1|939071,3074,357097,1,0,2]
[2173394975:-910804,-34196,399545,4,24,0|1005841,-10765,-4024,2,-1,3|932699,5524,369390,-4,-3,0]
[2173399975:-909330,-38603,413822,9,23,-4|1003389,-12234,2859,-5,1,0|929267,7485,378733,-2,-3,0]
[2173404975:-911786,-35175,429083,3,-7,-2|1001918,-12723,7284,-3,3,-1|928777,4544,379716,0,5,0]
[2173409975:-910312,-29788,427114,-2,-21,0|999957,-11744,7776,-3,2,0|927307,2584,371357,1,12,0]
[2173414975:-906383,-29298,415791,-4,-8,3|997996,-12234,5317,-2,0,1|927307,5034,362506,2,6,2]
[2173419975:-901963,-33706,405453,0,18,1|997015,-13212,2367,3,-2,0|924856,6995,362014,1,-1,1]
[2173424975:-903437,-34685,409883,1,22,-1|996525,-13702,1384,3,-2,-1|922895,6504,370865,0,-3,1]
[2173429975:-904419,-32237,424652,0,5,0|996525,-14191,2859,-1,1,-1|922405,4054,380208,-1,-4,0]
[2173434975:-906874,-30278,436467,-3,-14,1|997015,-14681,5317,0,4,0|923385,3074,385125,0,1,1]
[2173439975:-906874,-30767,431052,-3,-17,0|998486,-15170,7776,0,6,0|925836,2094,380700,1,6,1]
[2173444975:-906383,-29788,417760,-1,0,0|999467,-14681,9251,1,3,0|929267,1114,368407,2,6,0]
[2173449975:-907857,-27829,406930,0,13,1|1000938,-16149,8759,3,-2,0|930738,624,362506,2,0,1]
[2173454975:-909330,-27829,406437,0,16,1|1001428,-16638,7776,1,-8,0|930248,624,366440,0,-6,1]
[2173459975:-909821,-28319,416283,0,4,0|1001428,-17128,6792,-3,-7,0|928777,1114,374799,0,-8,0]
[2173464975:-908348,-29788,422683,2,-2,-1|1000938,-18107,5809,-2,-3,0|926816,1114,378241,0,-1,0]
[2173469975:-907857,-29298,421699,2,-4,-2|999467,-18596,2859,-3,0,0|926326,1604,373816,1,3,0]
[2173474975:-906874,-28319,413822,0,3,0|998486,-18107,-1565,-3,0,0|928777,2094,364965,2,0,1]
[2173479975:-906874,-26360,410376,-3,10,1|997996,-18107,-5007,1,-3,0|928777,2094,361523,0,-1,0]
[2173484975:-906874,-27339,413329,-3,9,2|997996,-18596,-5007,2,-3,0|926816,1114,367915,-1,-3,0]
[2173489975:-906874,-28809,422191,-1,2,0|997996,-18107,-2057,1,1,0|926816,1114,375782,0,-5,0]
[2173494975:-909330,-29788,426622,0,-6,-1|999467,-18107,1876,0,3,0|928777,1604,379716,1,0,1]
[2173499975:-911786,-28319,422191,1,-7,-2|1001918,-19086,3842,-1,2,-1|931228,134,373816,2,7,0]
[2173504975:-911786,-25870,412837,0,-1,0|1002899,-18596,3351,-1,-1,0|933679,-845,363981,2,5,0]
[2173509975:-911295,-25870,404960,0,9,1|1002899,-18107,1876,0,-5,0|933679,-355,361031,2,-3,0]
[2173514975:-910804,-27339,407914,0,10,0|1001918,-18596,-582,0,-7,0|931228,1114,366932,0,-5,0]
[2173519975:-909821,-28809,416776,1,4,0|1000938,-18107,-2057,-1,-3,0|929758,1114,373816,0,-2,1]
[2173524975:-910312,-27829,424652,0,-6,0|1000447,-17128,-3532,-1,1,0|929758,1114,375782,1,1,1]
[2173529975:-910312,-27339,423175,-1,-9,0|1000447,-17128,-4515,-1,4,0|929758,1604,372832,0,4,1]
[2173534975:-908839,-28319,418745,-2,-2,0|1000447,-16638,-5007,0,5,0|929758,2584,367915,0,4,1]
[2173539975:-906383,-29298,414806,-2,4,0|999467,-16149,-3040,2,4,0|927797,2584,367915,0,1,0]
[2173544975:-906383,-29298,416283,-1,5,0|998486,-15660,1384,3,3,0|926326,1604,371849,0,0,0]
[2173549975:-906383,-29788,421206,-2,-2,1|998486,-15660,6792,0,1,0|925836,2094,375291,0,0,1]
[2173554975:-906874,-31747,422683,-1,-5,0|998977,-15170,11709,0,0,0|925346,3564,375782,0,2,1]
[2173559975:-907857,-32726,418252,0,-2,-1|999467,-15170,13676,-1,-1,0|926326,3564,371849,1,2,0]
[2173564975:-906874,-32237,412345,2,7,-1|999957,-15170,12692,-4,-4,0|927797,3564,367915,1,-1,0]
[2173569975:-906383,-31257,411853,2,12,0|999467,-14191,9742,-2,-7,0|927307,3564,366932,0,-2,0]
[2173574975:-905401,-30767,416776,0,9,0|998486,-14191,5809,-1,-7,0|925836,3564,370374,0,-6,0]
[2173579975:-905892,-31257,424160,-1,0,0|997996,-14191,2367,0,-4,0|925836,4054,374307,1,-5,0]
[2173584975:-906383,-32237,426129,-2,-5,0|997996,-13702,-582,1,0,-1|927307,4544,376274,1,-2,1]
[2173589975:-907366,-32726,422683,-1,-3,0|998977,-13212,-2057,0,2,0|929758,5034,374307,2,2,1]
[2173594975:-909330,-32237,416776,0,2,0|1001428,-13212,-2057,0,1,0|932699,5034,369882,0,1,0]
[2173599975:-911295,-31747,413822,0,6,0|1002899,-12234,-1074,0,0,0|933679,5034,367423,0,1,0]
[2173604975:-912277,-31747,414806,-1,2,0|1003389,-11744,400,0,-1,0|932699,4544,368407,0,-2,0]
[2173609975:-911786,-32726,416283,0,-1,0|1002409,-11744,2367,0,-1,0|931718,5034,370865,0,-2,1]
[2173614975:-910804,-34196,415791,1,-1,0|1001428,-11744,3351,0,-1,0|930248,6504,371357,1,0,1]
[2173619975:-909330,-34685,413329,2,2,0|1000938,-11255,2859,-1,-1,0|929758,6504,368898,1,2,1]
[2173624975:-908839,-34196,412345,1,5,0|999957,-11255,1384,-2,-1,0|929758,6504,366932,0,0,0]
[2173629975:-908348,-33706,414314,0,4,0|999467,-11255,-582,0,-2,0|928777,6504,367915,0,-2,0]
[2173634975:-907857,-33216,418745,-2,0,0|998486,-11255,-2057,1,0,0|927797,6014,371357,0,0,0]
[2173639975:-907366,-32726,422191,-2,-3,0|997996,-11255,-2549,1,1,0|927307,5034,372832,1,1,1]
[2173644975:-907857,-32726,421699,-1,-4,0|998486,-11744,-2057,1,3,0|927797,5524,371849,2,2,2]
[2173649975:-909821,-33216,416776,-1,-2,0|999467,-12234,-1565,0,2,0|929267,6504,368898,2,2,1]
[2173654975:-910804,-32726,412345,0,2,0|1000938,-12723,-582,-1,1,0|931228,5524,367423,0,0,0]
[2173659975:-911295,-31747,411360,0,4,0|1001918,-13212,400,-1,0,0|931718,4054,367423,0,0,0]
[2173664975:-911295,-30278,414314,1,3,0|1002409,-13702,892,-1,-1,0|931228,3074,369882,1,0,1]
[2173669975:-910804,-29788,418745,0,-1,0|1001918,-14191,892,-1,0,0|930248,3074,371849,1,2,1]
[2173674975:-909821,-30278,419729,-1,-3,0|1001428,-14681,892,-1,0,1|928287,3564,372340,0,1,1]
[2173679975:-907857,-30767,419237,0,-2,0|999957,-15170,400,0,2,0|926816,3074,372340,0,2,1]
[2173684975:-905401,-30278,418252,0,1,0|998977,-15170,892,0,3,0|925836,3074,373324,0,1,0]
[2173689975:-904419,-29788,419729,0,2,0|997996,-15660,2859,0,3,0|924856,2094,373324,0,3,0]
[2173694975:-904419,-28809,422683,-2,-1,1|997996,-16149,5317,1,3,0|924856,1604,373816,0,2,0]
[2173699975:-905401,-28319,423175,-2,-4,1|997996,-16638,8267,2,2,0|925346,1114,373324,1,1,2]
[2173704975:-906383,-28809,419237,-2,-2,0|998486,-16638,10726,1,0,0|926326,1114,372340,3,1,2]
[2173709975:-906874,-29298,414314,0,3,0|999467,-17128,11217,0,-3,0|926816,1604,370865,2,0,1]
[2173714975:-907366,-29298,412345,2,8,-1|999957,-17128,9742,-1,-5,0|927307,2094,368898,2,-2,0]
[2173719975:-908348,-28319,413822,2,7,-1|999467,-17128,7284,-2,-6,0|927797,1114,368898,1,-5,0]
[2173724975:-908839,-27339,418252,0,2,0|998977,-17617,3842,-1,-7,0|928287,624,370374,1,-4,0]
[2173729975:-907857,-27339,420714,-1,0,0|998486,-17617,400,0,-4,0|927797,134,371849,2,-2,1]
[2173734975:-907857,-27339,420222,0,1,0|999467,-18596,-5499,1,-1,0|928777,624,371849,2,0,1]
[2173739975:-909330,-26850,418252,-1,1,0|999467,-18596,-5499,0,0,0|930248,624,370865,1,0,1]
[2173744975:-910804,-26850,416776,-1,0,0|1000447,-18596,-6482,0,1,0|931718,624,370374,0,0,0]
[2173749975:-911295,-26850,416776,0,0,0|1000938,-18107,-5007,0,2,0|931718,-355,370374,0,2,0]
[2173754975:-911295,-26850,417268,0,0,0|1001428,-17617,400,0,1,0|931718,-845,370865,0,1,0]
[2173759975:-910804,-27339,416283,0,-1,0|1000938,-17128,1876,0,1,0|931718,-845,369390,1,1,1]
[2173764975:-910804,-27339,414314,0,0,0|1000938,-16638,2367,0,0,0|930738,134,367915,2,0,1]
[2173769975:-909821,-28319,413329,0,1,0|1000447,-16638,2367,0,0,1|929758,1114,368407,0,0,0]
[2173774975:-908839,-28809,414314,0,3,0|999467,-16149,1876,-1,-1,0|928287,1604,369882,0,0,0]
[2173779975:-907366,-29298,417268,0,1,0|998486,-16149,1384,0,0,0|927797,2094,371849,0,0,0]
[2173784975:-906874,-29788,420222,0,-1,0|997996,-16149,400,0,0,0|926816,2094,372340,0,2,0]
[2173789975:-906874,-29788,420714,-2,-3,0|998486,-16149,-90,1,1,0|927307,2094,371849,1,3,1]
[2173794975:-907366,-30767,419237,-2,-2,0|998977,-15660,-90,2,2,0|927797,2584,370865,2,2,1]
[2173799975:-907857,-31257,416283,-1,0,0|1000447,-15660,1384,1,1,0|928287,3074,371357,1,0,1]
[2173804975:-908348,-31257,415299,1,3,0|1000938,-14681,2859,0,0,0|928287,3074,371357,0,1,0]
[2173809975:-908839,-31257,416776,1,1,0|1000938,-14191,3842,0,0,0|928287,3074,371357,0,0,0]
[2173814975:-908839,-31257,417760,0,-1,0|1000447,-13702,4334,0,0,0|928777,3074,370865,0,0,0]
[2173819975:-908348,-31257,417268,-1,-1,0|999957,-13702,4334,0,-1,0|927797,3564,370865,1,0,0]
[2173824975:-907366,-31747,416283,0,1,0|999467,-13212,3351,0,-2,0|927307,4054,370865,0,0,1]
[2173829975:-906874,-32726,416283,0,4,0|998977,-13212,2859,0,-1,0|926816,5034,370865,0,-1,1]
[2173834975:-907366,-32726,418252,0,3,0|998977,-12723,2367,0,0,0|926816,5524,371849,0,0,0]
[2173839975:-907857,-32726,420714,0,0,0|998977,-12723,2859,0,0,0|927307,5034,372340,0,0,0]
[2173844975:-907857,-32726,420714,-1,-2,0|999467,-12234,2367,1,1,0|927797,4544,372832,1,0,1]
[2173849975:-907857,-32726,418745,0,-1,0|999467,-11744,1876,1,0,0|928287,5034,371357,1,0,0]
[2173854975:-908348,-33216,415791,0,1,0|999957,-11744,1876,1,0,0|928777,5524,369882,0,0,0]
[2173859975:-908839,-33706,414314,0,2,0|1000447,-11255,1876,0,-1,0|929267,6014,369390,0,0,0]
[2173864975:-909330,-33706,414806,0,2,0|1000938,-11744,1876,0,-1,0|929267,6014,370865,0,-1,0]
[2173869975:-909330,-33706,416776,0,1,0|1000447,-11255,1384,-1,-1,0|929267,6014,371849,0,-1,0]
[2173874975:-908839,-33706,417760,0,0,0|999957,-11255,400,0,-1,0|928777,6014,370865,0,1,0]
[2173879975:-908839,-33706,417268,0,0,0|999467,-11744,-1074,0,0,0|929267,6504,369390,1,1,0]
[2173884975:-908348,-33216,416283,0,0,0|998977,-12234,-1565,0,0,0|929267,6504,368898,0,0,0]
[2173889975:-908348,-32726,416283,-1,1,0|998977,-12723,-582,0,0,0|928777,6014,369882,0,0,0]
[2173894975:-907857,-32726,416776,0,1,0|998977,-13212,892,0,0,0|928287,5524,371357,0,0,0]
[2173899975:-908348,-32237,418252,0,0,0|998977,-13212,1876,0,1,0|928777,4544,371849,1,0,0]
[2173904975:-908839,-32237,418252,0,-1,0|999957,-13702,3351,0,1,0|929267,4054,370865,1,0,0]
[2173909975:-908839,-31257,416776,0,0,0|1000447,-13702,3351,0,0,0|929267,3564,369882,2,0,0]
[2173914975:-908839,-30767,415299,0,0,0|1000447,-14681,3351,0,0,0|929267,3074,370374,1,0,0]
[2173919975:-907857,-30767,415299,0,2,0|1000447,-14681,2859,0,-1,0|928777,2584,370865,0,0,0]
[2173924975:-907366,-30767,417268,0,2,0|999957,-15170,2367,-1,-2,0|928287,2094,371849,0,0,0]
[2173929975:-907366,-29788,419237,0,0,0|999467,-15660,1876,-1,-1,0|928287,1604,372340,0,0,0]
[2173934975:-907857,-28809,419729,0,-1,0|998977,-16149,1384,0,0,0|928777,1604,371849,0,1,0]
[2173939975:-908348,-28319,418745,-1,0,0|999467,-16638,892,0,0,0|929267,1114,370865,0,1,0]
[2173944975:-908348,-28319,417268,0,1,0|999957,-17128,892,0,0,0|929267,1114,370374,0,0,0]
[2173949975:-908839,-27829,416776,0,2,0|1000447,-17128,1384,0,0,0|929267,1114,370865,0,1,0]
[2173954975:-908839,-27339,417760,0,0,0|1000447,-17617,1876,0,0,0|929267,624,371357,0,0,0]
[2173959975:-909330,-27339,418252,0,-1,0|1000447,-17617,2859,0,0,0|929267,134,371357,1,0,0]
[2173964975:-909330,-27339,417268,0,-1,0|1000447,-17617,3351,0,0,0|929267,134,370374,1,1,0]
[2173969975:-908839,-27829,415299,0,1,0|999957,-17617,3351,0,0,0|928777,624,369882,0,0,0]
[2173974975:-908348,-28319,414806,0,2,0|999467,-17617,2859,0,-1,0|928287,624,369390,0,0,0]
[2173979975:-908348,-28319,415791,0,2,0|998977,-17617,1876,0,-2,0|928287,1114,369882,0,-1,0]
[2173984975:-908839,-28319,417760,0,0,0|998977,-17128,1384,0,-1,0|928777,1114,370865,0,0,0]
[2173989975:-908839,-28319,418252,0,-1,0|999467,-17128,892,0,0,0|928777,1604,371357,0,1,0]
[2173994975:-908839,-28809,417760,0,0,0|999467,-16638,400,0,0,0|928777,1604,370865,1,1,0]
[2173999975:-908839,-28809,416776,0,0,0|999957,-16149,-90,0,0,0|928777,1604,369882,0,0,0]
[2174004975:-909330,-28319,416283,0,1,0|999957,-16149,-90,0,0,0|929758,1604,369882,0,0,0]
[2174009975:-909330,-28319,416776,0,0,0|1000447,-16149,400,0,0,0|929758,1604,370374,0,0,0]
[2174014975:-909330,-28809,417760,0,0,0|1000938,-16149,892,0,0,0|929267,2094,371357,0,0,0]
[2174019975:-909330,-29298,418252,0,0,0|1000938,-16149,1384,0,0,0|929267,2584,370865,0,0,0]
[2174024975:-909330,-29298,417760,0,0,0|1000447,-16149,1876,0,0,0|929758,2584,370865,0,0,0]
[2174029975:-908839,-29788,416776,0,0,0|999957,-15660,1876,0,0,0|929267,3074,370374,0,0,0]
[2174034975:-907857,-30278,416283,0,1,0|999467,-15660,2367,0,0,0|928287,3074,370865,0,0,0]
[2174039975:-906874,-31257,416776,0,1,0|998977,-15170,2859,0,0,0|927307,3074,371357,0,0,0]
[2174044975:-906874,-31257,417760,0,1,0|998486,-14681,3842,0,0,0|926816,3074,371357,0,0,0]
[2174049975:-906874,-31257,418252,0,0,0|998486,-14191,4334,0,0,0|926816,3074,371357,1,0,0]
[2174054975:-907366,-31257,417760,0,0,0|998977,-14191,4334,0,0,0|927307,3564,370865,1,0,0]
[2174059975:-907366,-31257,416776,0,1,0|999467,-14191,4334,-1,-1,0|927307,4054,370865,0,-1,0]
[2174064975:-907857,-31257,416283,0,2,0|999467,-13702,3842,-1,-2,0|928287,4054,370865,0,-1,0]
[2174069975:-908348,-31257,417268,0,2,0|999957,-13702,2859,-1,-2,0|928287,4054,370865,1,0,0]
[2174074975:-908348,-30767,418252,0,0,0|999957,-14191,2367,0,-1,0|928777,4054,371357,1,0,0]
[2174079975:-908839,-30767,418745,0,0,0|1000447,-14191,892,0,-1,0|929267,4054,370865,0,1,0]
[2174084975:-908839,-31257,417760,0,0,0|1000447,-13702,-90,0,0,0|929758,4544,370374,0,0,0]
[2174089975:-908839,-32237,417268,0,1,0|1000938,-13702,-582,0,0,0|929758,4544,369882,1,0,0]
[2174094975:-908839,-32237,417268,0,1,0|1000938,-13212,-582,0,0,0|929758,5034,370374,0,0,0]
[2174099975:-909330,-32237,417760,0,0,0|1000938,-12723,-90,0,0,0|929758,5034,370865,0,1,0]
[2174104975:-909330,-32237,417760,0,0,0|1000447,-12723,892,0,0,0|929758,5034,371357,0,1,0]
[2174109975:-908839,-32726,417760,0,-1,0|999957,-12234,1384,0,0,0|929267,5524,371357,1,0,0]
[2174114975:-908839,-33216,416776,0,0,0|999957,-11744,1384,0,0,0|928777,5524,370374,0,0,0]
[2174119975:-908839,-33216,415791,0,0,0|999467,-12234,1384,0,0,0|928777,5524,369882,0,0,0]
[2174124975:-908839,-33216,415791,0,1,0|999467,-12234,1876,0,0,0|928777,5524,370374,1,0,0]
[2174129975:-908348,-33216,416283,0,0,0|998977,-12234,1384,0,0,0|928287,5524,370865,1,1,0]
[2174134975:-907857,-33216,416776,0,0,0|999467,-12234,1384,0,0,0|927797,5524,370865,0,0,0]
[2174139975:-907857,-32726,416776,0,0,0|999467,-12723,892,0,0,0|927797,5524,370374,0,1,0]
[2174144975:-907857,-32237,416776,0,0,0|999957,-12723,1384,0,0,0|928287,5034,370374,0,1,0]
[2174149975:-907857,-31747,416776,0,0,0|999957,-13212,2367,0,0,0|927797,4544,370865,0,1,0]
[2174154975:-907857,-31747,417760,0,0,0|999957,-13702,2859,0,0,0|928287,4054,371849,0,0,0]
[2174159975:-907857,-31257,418745,0,0,0|999467,-14191,3351,0,0,0|928287,3564,372340,1,1,0]
[2174164975:-907857,-31257,419237,0,0,0|999467,-14681,3842,0,0,0|928287,3074,372340,1,0,0]
[2174169975:-907857,-30278,419237,0,0,0|999467,-15170,4334,0,0,0|927797,2584,371849,1,0,0]
[2174174975:-907857,-29788,418252,0,0,0|999467,-15660,3842,0,0,0|928287,2094,371849,1,0,0]
[2174179975:-907857,-29788,417760,0,1,0|999467,-16149,3842,0,-1,0|927797,2094,371357,0,0,0]
[2174184975:-907857,-29298,418252,0,1,0|998977,-16638,3351,0,-1,0|927797,1604,371357,1,0,0]
[2174189975:-907857,-28809,418745,0,0,0|998977,-17128,2859,0,0,0|927307,1114,371357,1,0,0]
[2174194975:-907857,-28319,418252,0,0,0|998977,-17617,2367,0,0,0|927797,624,370374,1,0,0]
[2174199975:-907857,-27829,417760,0,0,0|998977,-18107,1876,0,0,0|928287,1114,370374,3,0,0]
[2174204975:-907857,-28319,417268,0,1,0|998977,-17617,1384,-1,0,0|928287,1114,370374,1,0,0]
[2174209975:-908348,-28319,416776,0,2,0|999467,-17617,1384,0,0,0|928777,624,369882,0,-2,0]
[2174214975:-908348,-27339,416776,0,0,0|999957,-17617,1384,0,0,0|929267,-355,369390,1,-1,0]
[2174219975:-908839,-26850,416776,-1,0,0|999957,-17617,1384,0,-1,0|935640,624,366932,-2,2,0]
[2174224975:-908839,-27829,416776,-1,0,0|999957,-17617,1384,0,0,0|933189,134,366932,0,1,0]
[2174229975:-908839,-27829,416283,0,1,0|999957,-17617,892,0,0,0|931228,-355,367915,0,0,0]
[2174234975:-908839,-27829,416283,0,1,0|999467,-17617,892,0,0,0|929758,-355,368407,0,0,0]
[2174239975:-908839,-27339,416283,0,0,0|999467,-17617,892,0,0,0|929267,134,369882,0,0,0]
[2174244975:-908839,-27829,416776,0,0,0|999467,-17128,1384,0,0,0|928777,624,370865,0,0,0]
[2174249975:-908348,-28319,417268,0,0,0|999467,-17128,1876,0,0,0|928777,1114,371849,1,0,0]
[2174254975:-908348,-28809,417268,0,0,0|999957,-16638,1876,0,0,0|928777,1604,371849,0,0,0]
[2174259975:-908839,-29298,417268,0,1,0|999957,-16149,2367,0,0,0|928777,2094,371849,1,0,0]
[2174264975:-908839,-29788,416776,0,0,0|999957,-15660,2859,-1,0,0|928287,2584,370865,0,-1,0]
[2174269975:-908839,-29788,417268,0,0,0|999957,-15660,2859,0,0,0|928287,2584,370865,0,-1,0]
[2174274975:-908348,-29788,417760,0,0,0|999467,-15170,2859,0,-1,0|928287,2584,370865,0,0,0]
[2174279975:-907857,-30278,418252,0,0,0|999467,-15170,2859,0,-1,0|928777,3074,370865,0,0,0]
[2174284975:-908348,-30278,418252,0,0,0|999467,-14681,1876,0,0,0|929267,3564,370374,1,0,0]
[2174289975:-908348,-30278,417760,0,0,0|999467,-14191,1384,0,0,0|929267,3564,370374,0,0,0]
[2174294975:-908348,-30767,417268,0,0,0|999467,-14191,892,0,0,0|928777,4054,370865,0,0,0]
[2174299975:-908348,-31747,417268,0,1,0|999467,-14191,1384,0,0,0|928777,4544,370865,0,0,0]
[2174304975:-908348,-31747,417268,0,1,0|999467,-13702,1876,0,0,0|928777,4544,370865,1,0,0]
[2174309975:-908839,-31257,417268,0,0,0|999467,-13702,2367,0,0,0|928777,4544,370374,0,0,0]
[2174314975:-908348,-31257,417268,0,0,0|999467,-13702,2367,0,0,0|928287,4544,370374,0,0,0]
[2174319975:-908348,-31747,416776,0,0,0|999467,-13702,2367,0,0,0|928287,5034,370865,1,0,0]
[2174324975:-908348,-30278,420714,0,0,0|999467,-13702,2859,0,0,0|927797,5034,371357,0,0,0]
[2174329975:-908348,-30278,420222,0,1,0|999467,-13212,3351,0,0,0|928287,5034,371357,0,1,0]
[2174334975:-908348,-30767,419237,0,0,0|999467,-13212,3351,0,0,0|928777,5034,370865,1,3,0]
[2174339975:-907857,-31747,418745,0,0,0|999467,-13212,2859,0,0,0|928287,5524,370865,1,1,0]
[2174344975:-907857,-32237,417760,0,0,0|998977,-12723,2367,0,0,0|928287,5524,370374,1,0,0]
[2174349975:-907857,-32726,417268,0,0,0|998977,-12723,1876,0,0,0|928287,5524,370374,0,1,0]
[2174354975:-907857,-32726,416776,0,0,0|999467,-12723,1876,0,-1,0|928287,5524,371357,0,2,0]
[2174359975:-907857,-33216,417268,0,0,0|999467,-12723,2367,0,0,0|928287,5034,371849,1,2,0]
[2174364975:-907366,-33216,417760,0,0,0|999467,-12723,2859,0,0,0|928287,5034,371849,1,4,0]
[2174369975:-907857,-32726,418745,0,0,0|999467,-13212,3351,0,0,0|928287,4544,371849,1,1,0]
[2174374975:-907857,-31747,418745,0,0,0|999467,-13212,3351,0,0,0|928287,4544,370865,1,2,0]
[2174379975:-908348,-31747,417760,0,0,0|999957,-13212,3351,0,-1,0|928777,5034,370865,0,0,0]
[2174384975:-908839,-31747,417268,0,1,0|999467,-13212,2859,0,-1,0|928287,4544,370374,0,0,0]
[2174389975:-908348,-32237,417268,0,1,0|999467,-13702,2367,0,-1,0|928287,4054,370865,0,0,0]
[2174394975:-908348,-31747,417760,0,1,0|999467,-14191,1876,0,-1,0|928287,4054,370865,1,0,0]
[2174399975:-908348,-31257,417760,0,0,0|998977,-14191,1384,0,-1,0|928287,3564,370374,1,1,0]
[2174404975:-908348,-30767,416776,0,0,0|999467,-14681,892,0,-1,0|928287,3074,369390,1,0,0]
[2174409975:-908348,-29788,415791,0,0,0|999467,-15170,892,0,0,0|928777,3074,369390,0,0,0]
[2174414975:-908348,-29788,415791,0,1,0|999467,-15660,400,0,0,0|929267,3074,369882,0,2,0]
[2174419975:-908839,-29788,416283,0,1,0|999957,-16149,892,0,0,0|928777,2584,369882,0,0,0]
[2174424975:-909330,-29788,417268,0,0,0|999957,-16638,1384,-1,0,0|929267,2094,370374,1,0,0]
[2174429975:-909330,-28809,417760,0,0,0|999957,-17128,1876,-1,0,0|929267,1604,369390,1,0,0]
[2174434975:-909330,-28319,417268,0,0,0|999957,-17617,1876,0,0,0|929758,1114,369882,0,0,0]
[2174439975:-908839,-28319,416776,0,0,0|999957,-18107,1876,0,0,0|929267,624,369882,0,0,0]
[2174444975:-908839,-27829,416776,0,1,0|999957,-18107,1876,0,0,0|929267,134,370374,0,0,0]
[2174449975:-908348,-27339,417268,0,0,0|999957,-18107,2367,0,0,0|929267,134,370865,0,0,0]
[2174454975:-907857,-27339,417760,0,0,0|999957,-18107,2859,0,0,0|929267,134,371357,0,1,0]
[2174459975:-907857,-27339,418252,0,0,0|999957,-17617,3351,0,0,0|928777,134,371357,0,0,0]
[2174464975:-907366,-27339,417760,0,0,0|999957,-17617,3351,0,0,0|928777,134,371357,1,0,0]
[2174469975:-907366,-27339,417268,0,0,0|999957,-17617,3351,0,0,0|928777,134,371357,1,0,0]
[2174474975:-907857,-27829,417760,0,1,0|999957,-17617,3842,0,0,0|928287,624,371357,1,0,0]
[2174479975:-908348,-28319,418252,0,1,0|1000447,-17617,3351,0,0,0|928777,1114,371357,1,0,0]
[2174484975:-908348,-28319,418252,0,0,0|1000447,-17617,3351,0,0,0|929267,1114,371849,0,0,0]
[2174489975:-908839,-28809,417760,0,0,0|1000447,-17128,2859,-1,0,0|929267,1604,371357,1,0,0]
[2174494975:-908839,-29298,417268,0,1,0|999957,-16638,2367,0,0,0|928777,1604,370865,1,0,0]
[2174499975:-908839,-29788,416776,0,1,0|999957,-16149,1876,0,0,0|928777,2584,370374,0,0,0]
[2174504975:-909330,-30278,416776,0,0,0|999467,-15660,1384,0,0,0|928777,3074,369882,0,0,0]
[2174509975:-909330,-30278,416776,0,0,0|999467,-15170,1384,0,0,0|928777,3074,370374,1,0,0]
[2174514975:-908839,-30767,417268,0,0,0|999467,-14681,1384,0,0,0|928777,3564,370865,1,0,0]
[2174519975:-908839,-31257,417268,0,0,0|999467,-14681,1384,0,0,0|928777,3564,370374,0,1,0]
[2174524975:-908839,-31257,417268,0,0,0|999957,-14191,1876,0,0,0|929267,4054,370374,0,2,0]
[2174529975:-908839,-31747,417268,0,0,0|999957,-13702,2367,0,0,0|928777,4054,369882,1,0,0]
[2174534975:-908839,-31747,417268,0,0,0|999957,-13212,2367,0,-1,0|928777,4054,370374,0,0,0]
[2174539975:-909330,-31747,417268,0,0,0|999957,-13212,2367,0,0,0|928777,4054,370865,0,0,0]
[2174544975:-909330,-32237,417268,0,0,0|999957,-13212,1876,0,0,0|928777,4544,370865,1,0,0]
[2174549975:-908839,-32237,417268,0,0,0|999957,-12723,1876,0,0,0|928777,5034,370865,1,0,0]
[2174554975:-908348,-31747,417268,0,1,0|999957,-12723,1384,0,0,0|928777,5034,371357,0,0,0]
[2174559975:-908348,-32237,417760,0,0,0|999957,-12723,1384,0,0,0|928777,5034,371357,0,0,0]
[2174564975:-907857,-32237,417760,0,0,0|999957,-13212,1876,0,0,0|928287,5034,371357,0,0,0]
[2174569975:-907857,-31747,417760,0,0,0|999957,-13212,2367,0,0,0|928777,5524,371357,0,0,0]
[2174574975:-907857,-32237,417760,0,0,0|999957,-12723,3351,0,0,0|928777,5524,370865,0,1,0]
[2174579975:-907857,-32237,417760,0,0,0|999957,-12723,3351,0,0,0|928777,5524,370865,0,1,0]
[2174584975:-907857,-32237,417760,0,1,0|999957,-12723,3842,0,0,0|928287,5034,370374,0,1,0]
[2174589975:-908348,-32237,417760,0,1,0|999957,-13212,4334,0,0,0|928777,5034,370374,0,0,0]
[2174594975:-908348,-32237,417760,0,1,0|999957,-13212,4334,-1,0,0|928287,5034,370374,0,0,0]
[2174599975:-908348,-31747,417268,0,0,0|999957,-13702,3842,0,-1,0|928287,5034,370865,0,0,0]
[2174604975:-908348,-31747,417268,0,1,0|999957,-13702,3351,0,0,0|928287,4544,370865,0,0,0]
[2174609975:-907857,-31747,417268,0,0,0|999957,-13702,2859,-1,-1,0|927797,4544,370865,0,0,0]
[2174614975:-907857,-31747,416776,0,1,0|999467,-13212,2367,0,-1,0|927797,5034,370374,0,0,0]
[2174619975:-894596,-34196,403484,0,0,0|999467,-13702,1876,0,0,0|923875,10425,359556,-11,-42,-13]
[2174624975:-782128,-12158,277455,0,31,-7|1000938,-13212,1876,1,0,0|792505,-7216,341362,7,-371,7]
[2174629975:-207019,110764,-309363,-54,318,0|1002899,-15660,8759,-4,15,0|427805,-3786,110749,26,-1819,-8]
[2174634975:175077,90195,-936058,-641,2505,-55|1006821,-12723,33343,-16,89,0|-56010,21696,-376539,54,-4821,-117]
[2174639975:55242,60321,-1269836,-599,5634,209|1001918,-11255,25476,-2,136,-6|-162381,43258,-809247,83,-7632,-231]
[2174644975:-482050,-98350,-1167930,-376,7621,416|985248,-15660,-20741,-16,33,-13|130261,51099,-995115,58,-8845,-288]
[2174649975:-818472,-223721,-961658,56,7661,352|982306,-23980,-36474,-6,-118,-8|460648,37868,-912507,-43,-9364,-298]
[2174654975:-852851,-228129,-713539,435,7735,17|990151,-26427,7284,20,-149,7|808681,3074,-493567,-79,-9554,-274]
[2174659975:-815525,4982,-558466,339,8810,-444|1002899,-21043,63335,8,-72,5|1177793,-8196,30108,107,-8942,-241]
[2174664975:-1101361,101948,-221734,-332,10412,-201|1015647,-15660,76119,-38,-3,-11|1391515,-10646,248429,210,-8230,-227]
[2174669975:-1540428,53955,157827,-290,10464,252|1016137,-15660,28918,-42,-3,2|1783665,-446789,-25947,-14,-7100,-190]
[2174674975:-200143,1385042,-1677,21,8930,269|1006821,-13212,-35491,-53,-62,15|1705235,-320847,4047,-11,-6917,-183]
[2174679975:-424588,1022152,97767,-1374,8547,-7|997015,-17617,-57617,-3,-61,0|1496905,-166481,32074,-18,-6838,-189]
[2174684975:-788022,602453,174565,-750,8687,6|983287,-17617,-43358,32,17,-16|1257693,-82683,605,97,-7038,-189]
[2174689975:-1112165,315961,178011,-327,8570,33|975442,-11744,-38441,10,79,-2|1030736,-27308,-198047,58,-7705,-200]
[2174694975:-1332190,97051,40168,-352,8177,144|992603,-10765,-46800,0,81,7|911621,20716,-459147,73,-8281,-216]
[2174699975:-1310581,-47418,-289179,-262,7632,346|1014176,-16638,-53192,33,36,0|901817,31007,-638622,104,-8591,-228]
[2174704975:-1148509,-67497,-640187,-238,7664,286|1024472,-16638,-34016,15,5,-3|941032,47669,-665175,91,-8850,-225]
[2174709975:-1192710,-111083,-657910,-667,8785,58|1023001,-16149,5317,-7,9,0|1059167,45708,-566340,68,-8912,-243]
[2174714975:-1244770,-131652,-616557,-374,9026,215|1007312,-15170,39243,16,19,3|1166028,26106,-470948,58,-8701,-227]
[2174719975:-1199586,-121368,-706155,133,8548,311|993583,-16149,44160,9,0,8|1231713,17776,-428661,57,-8317,-202]
[2174724975:-1198604,-110594,-746523,18,8785,117|991132,-18107,33835,-5,-19,2|1247399,32967,-427677,40,-7983,-193]
[2174729975:-1271291,-77292,-641664,-152,9169,-13|998486,-20554,24493,-9,-27,-9|1217008,41298,-468489,22,-7822,-191]
[2174734975:-1250172,36814,-569296,-42,8922,18|1000938,-15660,21051,-24,-23,-8|1210635,23166,-477832,55,-7628,-201]
[2174739975:-1210391,86277,-565358,-155,8716,106|996525,-8808,19084,-16,-6,2|1214557,18266,-466031,70,-7275,-215]
[2174744975:-1183379,98520,-584557,-312,8788,208|987700,-7829,8267,23,9,7|1198381,7485,-446362,50,-6821,-176]
[2174749975:-1317948,43671,-404376,-601,8833,138|988680,-13702,-14349,23,-4,3|1214557,13855,-424727,45,-6081,-125]
[2174754975:-1481493,-48887,-155274,-823,8205,87|995544,-13702,-28116,21,-28,-4|1334163,10425,-302782,21,-4809,-88]
[2174759975:-1565476,-85128,30322,-316,6529,181|1008292,-12234,-23691,22,-36,3|1506709,10425,-100687,-15,-3235,-31]
[2174764975:-1545831,-115001,77582,-49,5156,192|1014666,-12723,3842,-14,-1,6|1634648,21696,85671,-14,-1685,-37]
[2174769975:-1440238,-121857,29829,82,4281,175|1010744,-15660,22526,-21,48,3|1581218,36397,92555,-31,-565,-23]
[2174774975:-1284060,-103737,-48445,100,3656,94|1004860,-15660,14659,-7,57,-4|1381711,33457,-70693,-16,170,-29]
[2174779975:-1169136,-83169,-98167,13,2917,-51|995054,-16638,-7957,-1,12,-2|1130735,9445,-283113,13,655,-3]
[2174784975:-1087609,-53295,-147397,47,1986,-128|991132,-15660,-17299,1,-23,-1|935640,17286,-450788,-7,821,47]
[2174789975:-1053230,-11178,-176442,152,1149,-89|986719,-13702,-3532,3,-23,-3|841033,23166,-537821,-26,778,41]
[2174794975:-1033094,28979,-192688,117,656,-52|987700,-10276,24984,3,17,-1|785152,26106,-593876,-1,598,-3]
[2174799975:-959916,62280,-267025,49,194,6|992603,-11255,37276,3,41,1|715055,18266,-675501,15,369,-11]
[2174804975:-851377,78441,-392069,-51,-290,50|1001428,-12723,26459,-6,18,1|649370,25616,-758601,7,189,1]
[2174809975:-765921,63750,-521051,-194,-642,82|1008783,-11255,8759,-4,-29,0|629272,29537,-788595,-16,70,18]
[2174814975:-709441,10859,-671202,-270,-796,86|1004860,-9787,8267,1,-44,1|679271,19246,-729589,-1,-28,4]
[2174819975:-672607,-41052,-790830,-187,-630,51|995054,-11255,19576,1,-13,6|763094,17286,-626821,29,-26,-15]
[2174824975:-636755,-63090,-856306,-33,-319,13|989170,-13212,20068,9,18,3|809661,30517,-572733,32,59,-23]
[2174829975:-607778,-57213,-886336,41,-130,13|995054,-15170,1384,9,11,-3|801818,40318,-593876,-1,153,-2]
[2174834975:-606305,-26360,-870582,20,-84,-17|1005350,-16638,-18774,-9,-17,-7|775348,32967,-639114,-29,148,19]
[2174839975:-658364,-5791,-792799,1,-50,-23|1010253,-15660,-21724,-15,-25,-1|760643,21696,-659274,-25,18,22]
[2174844975:-721229,-1384,-699755,-1,-23,-7|1007312,-13212,-10415,-10,-5,2|777309,17776,-633705,4,-61,0]
[2174849975:-739400,-3832,-662833,12,-85,1|1000447,-13212,-2549,3,15,2|788583,20226,-613053,23,-34,-18]
[2174854975:-707477,-404,-687940,20,-164,-4|997015,-14191,-6974,10,12,0|783681,23656,-616495,6,39,-8]
[2174859975:-672607,4492,-732247,7,-179,-18|996035,-15170,-17299,4,-3,0|762113,22676,-641573,-10,46,8]
[2174864975:-668187,2533,-751446,-5,-111,-17|998977,-16638,-18282,-6,-7,0|755741,23166,-649932,-12,-34,16]
[2174869975:-694217,85,-730278,-6,-17,-9|1002409,-17617,-7957,-6,1,-1|780740,25126,-624854,-6,-53,8]
[2174874975:-710915,1554,-709109,5,5,2|1003880,-16638,4334,-2,11,-2|808191,23656,-598794,4,11,-7]
[2174879975:-706986,6451,-706155,7,-12,5|1003880,-14681,10234,4,13,0|806720,19246,-601252,6,59,-10]
[2174884975:-688323,4492,-719939,0,-18,2|1000938,-15660,7776,8,5,4|777799,15815,-628296,7,27,-4]
[2174889975:-679483,-4322,-730278,-9,-7,-4|997996,-17128,3351,3,-4,3|756231,20226,-644523,0,-37,8]
[2174894975:-692252,-9219,-718955,-7,10,-8|996525,-18107,3842,-3,-9,-1|766035,27086,-629772,-8,-44,10]
[2174899975:-714844,-5301,-698278,1,10,-5|997996,-18107,9251,-6,-4,-4|794956,28557,-601744,-6,2,0]
[2174904975:-723193,4002,-687448,9,-2,5|1000447,-16149,12692,-7,5,-1|807211,19246,-595843,2,33,-8]
[2174909975:-709441,4982,-698770,8,-13,10|1000938,-14681,8759,-1,8,3|788093,15325,-617479,7,12,-5]
[2174914975:-690288,-1384,-717970,-1,-6,2|999467,-16149,1384,5,1,3|765054,19246,-637147,1,-19,5]
[2174919975:-690288,-6771,-719447,-8,6,-9|997015,-17617,-2057,5,-6,0|765054,25616,-632230,-4,-31,9]
[2174924975:-707968,-3343,-700247,-4,16,-11|996525,-17128,3351,-1,-5,-3|787603,25616,-607153,-6,-7,4]
[2174929975:-721229,1554,-684494,1,4,-2|997015,-16149,12692,-6,3,-1|804760,21206,-590434,0,19,-4]
[2174934975:-713862,1064,-691878,6,-11,7|997506,-16149,17118,-3,7,1|797897,19246,-599777,5,27,-6]
[2174939975:-692743,-1873,-716493,5,-16,5|998486,-16149,13676,2,0,1|772407,21696,-628788,4,0,-2]
[2174944975:-681447,-1873,-732247,0,0,-3|999957,-16638,7284,3,-13,0|759172,23166,-646982,0,-33,3]
[2174949975:-691270,574,-723878,-5,15,-7|1001918,-17128,3351,-1,-20,-1|770446,22676,-636656,-4,-34,4]
[2174954975:-711897,574,-701232,3,3,5|1001428,-16149,2859,-6,-12,0|793975,22186,-610595,-1,-8,0]
[2174959975:-720246,-2853,-690401,7,-10,6|999957,-15660,1876,-4,1,1|803779,23656,-596335,2,23,-5]
[2174964975:-709933,-4812,-699755,4,-11,1|997996,-16149,-3040,0,6,0|790054,24146,-609611,2,20,-3]
[2174969975:-693234,-3343,-718955,-1,1,-6|998486,-15660,-9924,2,3,-1|770937,23656,-633214,0,-5,1]
[2174974975:-690779,-404,-724370,-7,8,-7|1000938,-14681,-14349,2,-2,0|766525,22186,-643048,-3,-22,5]
[2174979975:-703057,-404,-714032,-6,2,-3|1003389,-14681,-11399,3,-2,0|781721,21696,-629280,-2,-11,3]
[2174984975:-713862,-1384,-701232,1,-10,2|1003880,-14681,-4024,2,4,0|796917,21696,-610595,1,15,-1]
[2174989975:-710424,-2853,-703201,6,-14,4|1002409,-14191,1876,0,9,1|795936,22676,-609120,3,22,-3]
[2174994975:-695199,-2853,-718462,2,-5,1|1001428,-14681,2367,-3,6,0|780740,24146,-624363,0,9,0]
[2174999975:-685376,-3832,-727816,-4,7,-3|1000938,-14191,-582,-3,-2,0|766035,25126,-640098,-4,-15,4]
[2175004975:-691761,-4322,-719939,-4,9,-4|1000447,-13212,-1074,-1,-8,0|768486,25126,-636164,-4,-22,4]
[2175009975:-707968,-4812,-700740,0,2,0|998486,-12723,2859,1,-5,0|784172,25126,-616004,0,-6,0]
[2175014975:-718282,-4812,-688924,2,-10,2|996525,-12723,6792,2,4,0|797407,25126,-599285,4,13,-3]
[2175019975:-712388,-5791,-694832,2,-11,1|996525,-11744,7776,1,9,0|794956,26596,-601252,2,20,-2]
[2175024975:-699619,-6771,-709601,0,-1,-2|997015,-12234,6301,0,5,0|781231,27577,-616987,-2,4,1]
[2175029975:-693725,-6771,-716493,-2,6,-5|997996,-12723,5809,-1,0,-1|771917,28067,-628296,-4,-13,4]
[2175034975:-699128,-5301,-710586,-1,5,-2|998977,-12234,7776,0,-6,-2|775839,26596,-625838,-1,-17,1]
[2175039975:-707968,-2853,-701724,1,-2,1|999957,-11744,11217,1,-6,-1|788093,25126,-614037,2,-2,-3]
[2175044975:-708950,-2363,-701724,2,-5,3|1000447,-12234,12692,0,-2,0|792995,24146,-609120,2,10,-3]
[2175049975:-702075,-3832,-710093,1,-1,2|1000938,-12723,9251,-2,-1,1|786132,25616,-616987,0,4,0]
[2175054975:-696181,-5791,-717970,0,5,-1|1001428,-13212,3351,-4,-3,0|777309,26596,-626821,-3,-10,3]
[2175059975:-698637,-5301,-714524,-1,6,-3|1001428,-13212,-1565,-3,-6,-1|776819,26596,-627313,-3,-15,3]
[2175064975:-706986,-3343,-703201,-1,0,-1|1000447,-13212,-2549,-1,-4,-1|784662,24636,-617970,0,-3,0]
[2175069975:-711897,-2363,-696801,0,-7,0|998977,-12723,-1074,2,1,0|790544,22676,-610595,3,8,-2]
[2175074975:-706986,-3832,-703201,0,-6,0|998977,-13212,-90,3,5,1|788093,23656,-613545,2,9,-1]
[2175079975:-698146,-4812,-715509,0,0,-2|999467,-14191,-582,1,4,0|780250,25616,-623379,0,0,2]
[2175084975:-694217,-3832,-721416,-1,3,-2|1001428,-14681,-582,-2,0,0|775839,26596,-630263,-4,-8,3]
[2175089975:-698146,-1873,-716493,0,3,0|1002409,-14681,892,-3,-4,-1|778289,25126,-627805,-3,-8,0]
[2175094975:-704039,-894,-707632,1,-1,2|1001428,-14681,3842,-2,-4,0|783191,23656,-620429,1,-2,-2]
[2175099975:-704530,-2363,-705170,2,-4,2|999957,-14191,4826,0,0,1|784172,23166,-616004,3,5,-3]
[2175104975:-699619,-3343,-710093,1,-1,0|997996,-15170,1876,0,0,0|780250,24146,-618954,1,2,0]
[2175109975:-696672,-3343,-714524,0,1,-2|997996,-15660,-2549,0,-1,0|776329,24636,-623871,-2,-4,2]
[2175114975:-700110,-2363,-711570,-1,1,-2|998977,-16149,-5499,-2,-1,-1|778780,24146,-623379,-3,-6,4]
[2175119975:-706495,-1873,-705170,0,-3,-1|999467,-15660,-4024,-1,1,-1|785152,22676,-617479,-1,0,1]
[2175124975:-708950,-894,-702217,0,-6,0|999957,-15660,-1074,1,4,-1|788583,21696,-614037,1,9,-1]
[2175129975:-704530,85,-706647,0,-5,0|999957,-16149,1384,3,4,0|785642,21206,-617479,2,8,-2]
[2175134975:-698637,574,-713539,-1,0,-2|999957,-16638,1876,1,2,0|779760,20716,-624363,0,-1,0]
[2175139975:-697654,85,-715016,-2,3,-2|1000447,-17128,2859,-1,-1,0|778780,21696,-625838,-2,-9,3]
[2175144975:-703057,-404,-709109,0,1,0|1000938,-17128,5317,-2,-3,0|783681,22186,-619937,-2,-5,2]
[2175149975:-708950,-404,-701724,2,-3,1|1000447,-16638,8267,-2,-1,0|788583,21696,-612562,0,3,0]
[2175154975:-708459,574,-700247,1,-4,1|999957,-16638,9742,0,0,0|788093,20716,-611578,3,6,-2]
[2175159975:-703057,85,-705170,0,0,0|998977,-16638,8267,0,0,0|782701,20716,-616987,2,1,0]
[2175164975:-699619,-1384,-709601,-1,3,-3|998486,-17128,4826,0,-2,0|777799,22186,-621412,0,-6,1]
[2175169975:-701583,-1873,-708616,-1,2,-3|998486,-17617,3351,0,-2,-1|779270,23166,-619937,-2,-7,2]
[2175174975:-706495,-1384,-703201,1,-2,0|998486,-17617,4334,0,-1,-1|785152,22676,-614037,-1,-1,0]
[2175179975:-707477,-404,-702217,2,-5,1|998486,-17128,5809,0,0,0|788583,21696,-611578,1,6,-2]
[2175184975:-703057,-404,-707632,1,-2,1|998486,-16149,5809,0,0,0|784662,21696,-616987,2,5,-2]
[2175189975:-697163,-1384,-715509,0,3,0|999467,-16149,3351,0,-2,0|777799,22186,-625838,0,-4,0]
[2175194975:-696181,-1384,-716986,-1,4,-1|1000447,-16638,400,0,-5,0|775839,22676,-629280,-1,-11,1]
[2175199975:-701092,-894,-712063,0,2,0|1001428,-16638,-582,-1,-5,0|780740,22676,-624363,-1,-8,1]
[2175204975:-706004,-894,-706155,2,-1,1|1001428,-16638,-582,-1,-2,0|787113,22676,-617479,0,1,0]
[2175209975:-705512,-1384,-705663,1,-4,1|1000447,-16149,-1074,-1,1,0|787113,22676,-616495,0,7,-1]
[2175214975:-701092,-2363,-710093,0,-1,-1|999957,-15170,-2549,0,2,0|781721,23166,-621412,0,2,0]
[2175219975:-697654,-2853,-714032,-1,1,-3|999957,-15170,-4024,0,0,0|777309,23656,-626330,0,-4,1]
[2175224975:-700110,-2363,-712063,-2,0,-3|1000447,-14681,-3532,0,-1,0|779270,24146,-625346,-1,-5,2]
[2175229975:-704530,-2363,-707632,0,-2,0|1000938,-13702,-1074,0,0,0|785152,24146,-619446,0,0,0]
[2175234975:-706495,-2853,-705663,1,-5,1|1000938,-13212,1876,0,2,0|788583,24146,-615512,1,6,0]
[2175239975:-703057,-3832,-709109,1,-4,1|1000447,-13212,3842,0,3,0|785642,25126,-617970,1,5,0]
[2175244975:-698637,-4812,-713539,0,0,0|1000447,-13212,3351,0,0,0|779760,25616,-623871,0,-1,0]
[2175249975:-698146,-4812,-714032,-1,2,-1|999957,-13212,1876,0,-2,0|776819,26106,-626330,-1,-7,1]
[2175254975:-702075,-4812,-709109,0,0,0|999467,-13212,1876,0,-2,0|780250,25616,-622396,0,-5,0]
[2175259975:-706495,-4812,-703693,0,-4,0|998977,-12723,2367,0,0,0|786132,26106,-615020,1,3,0]
[2175264975:-706495,-5301,-703201,1,-5,0|998486,-12234,2367,0,2,0|786623,26106,-614037,1,7,-1]
[2175269975:-702566,-5791,-707140,1,-3,-1|998486,-12234,1876,0,3,0|783191,26106,-617479,0,3,0]
[2175274975:-699619,-5301,-710586,0,0,-2|998977,-12234,1384,0,2,-1|779270,25616,-621904,-1,-3,2]
[2175279975:-700601,-5301,-709601,-1,0,-2|999467,-12234,2367,-1,0,0|780250,25616,-620921,-1,-5,1]
[2175284975:-703548,-4812,-706155,0,0,0|999467,-12723,4826,0,-1,0|784172,25616,-616987,0,-1,0]
[2175289975:-705512,-3832,-704678,1,-2,1|999467,-12723,7776,0,0,-1|786132,25126,-615020,1,3,0]
[2175294975:-703548,-3343,-706647,1,-2,1|999467,-12723,8267,0,0,0|784662,24636,-617479,0,1,0]
[2175299975:-700601,-3343,-710586,0,1,0|999957,-13212,7284,-1,-1,0|780740,25126,-621412,0,-4,0]
[2175304975:-700110,-3832,-711078,0,2,-1|999957,-13702,5809,-2,-3,0|779760,25616,-622396,0,-8,0]
[2175309975:-702566,-3343,-707632,0,1,0|999957,-13702,4334,-1,-4,0|781721,25126,-619446,0,-5,0]
[2175314975:-705021,-2853,-704678,1,-1,0|999467,-14681,1876,0,-2,0|784662,24146,-616495,1,0,0]
[2175319975:-705021,-2363,-704678,1,-2,0|999467,-15170,400,0,0,0|784662,23166,-616495,1,2,0]
[2175324975:-702075,-2853,-709109,0,-1,-1|1000447,-15660,-1565,0,0,0|782701,23166,-620429,0,0,0]
[2175329975:-700601,-2363,-713047,0,0,-1|1000447,-15660,-1565,0,0,0|780740,23166,-623871,-1,-2,1]
[2175334975:-701092,-1384,-713047,0,1,-1|1001428,-15660,-1565,0,-2,0|781721,22676,-624363,-1,-3,1]
[2175339975:-703057,-894,-710586,0,-1,0|1001428,-15660,-582,0,-1,0|783681,22186,-621904,0,-1,0]
[2175344975:-703548,-894,-709109,0,-2,0|1000938,-16149,-90,0,0,0|784662,21696,-620429,1,1,0]
[2175349975:-701583,-1384,-710093,0,-1,0|999957,-16149,-90,0,0,0|783191,22186,-620921,0,2,0]
[2175354975:-700110,-1873,-711570,0,0,-1|999467,-16149,-90,0,0,0|780740,22676,-622396,0,0,1]
[2175359975:-700110,-2363,-711078,0,0,-2|998977,-16149,400,-1,0,0|780740,22676,-622396,-1,-3,1]
[2175364975:-702075,-1873,-708124,0,0,-2|998486,-16149,1876,-1,0,0|782211,22676,-619446,0,-1,0]
[2175369975:-704530,-1384,-706155,0,-2,-1|998486,-15660,2859,0,0,0|784172,22186,-616987,0,2,0]
[2175374975:-704039,-1384,-706647,0,-3,0|998486,-16149,3351,0,1,0|783191,22186,-617479,0,2,0]
[2175379975:-701583,-1873,-709109,0,-1,-1|999467,-16149,2859,0,0,0|781231,22186,-620429,0,-1,0]
[2175384975:-700601,-1873,-711570,0,0,-1|999957,-16638,2859,0,-1,0|780740,22186,-621904,0,-3,0]
[2175389975:-701583,-894,-710093,0,0,-1|1000447,-16638,3351,0,-1,0|782701,21696,-620429,0,-2,1]
[2175394975:-704530,-404,-707632,0,-1,0|1000447,-17128,3842,-1,-1,0|784662,21206,-617970,0,0,0]
[2175399975:-705021,-404,-706155,0,-2,0|999957,-17128,3842,0,0,0|785152,21206,-616987,1,1,0]
[2175404975:-703548,-894,-707632,0,-1,0|999957,-17128,2859,0,0,0|783191,21696,-618462,0,0,0]
[2175409975:-701583,-894,-709601,-1,0,-1|999957,-17128,1876,0,0,0|781721,21696,-620429,0,-1,1]
[2175414975:-701583,-894,-709601,0,0,-1|999467,-17128,1876,0,-1,0|781721,22186,-620429,-1,-2,1]
[2175419975:-703057,-894,-708124,0,0,-1|999467,-16638,2367,-1,-1,0|782701,22186,-618462,0,-1,0]
[2175424975:-703548,-1384,-707140,0,-2,0|998977,-16149,2859,0,0,0|784172,22676,-616987,0,0,0]
[2175429975:-702566,-1384,-708124,1,-2,0|998977,-16149,2859,0,0,0|783191,22676,-617970,0,1,0]
[2175434975:-701092,-1873,-709601,0,0,0|998977,-16149,2367,0,0,0|780740,22676,-620429,0,0,0]
[2175439975:-700601,-1873,-710586,0,1,-1|998977,-15660,2859,0,-2,0|780250,22676,-621904,0,-3,0]
[2175444975:-701583,-1873,-709601,0,0,-1|999467,-15170,2859,-1,-2,0|781721,22676,-620921,0,-3,0]
[2175449975:-704039,-2363,-707140,0,0,0|999467,-14681,2859,-1,-1,0|783681,23166,-618462,0,0,0]
[2175454975:-704039,-2363,-707140,0,-1,0|999957,-14191,2367,0,0,0|784172,23166,-618462,0,1,0]
[2175459975:-702566,-2853,-708616,0,0,0|1000447,-13702,1876,0,0,0|783191,23656,-619937,0,0,0]
[2175464975:-701092,-3832,-711078,0,1,-1|1000938,-13212,892,0,0,0|781721,24146,-622396,0,-2,0]
[2175469975:-701583,-4322,-711078,0,1,-1|1000938,-13212,400,0,-2,0|781721,24636,-622888,0,-3,0]
[2175474975:-703548,-4322,-709601,0,0,-1|1000938,-12723,400,0,-1,0|783191,24636,-621412,0,-1,0]
[2175479975:-705021,-4322,-708124,0,-2,0|1000938,-12723,892,0,0,0|784172,24636,-619937,0,0,0]
[2175484975:-704530,-4322,-708124,0,-2,0|1000447,-13212,1384,0,0,0|784172,25126,-619937,1,1,0]
[2175489975:-702566,-4812,-709601,0,-1,-1|1000447,-12723,892,0,1,0|782701,25616,-621412,0,0,0]
[2175494975:-701583,-4812,-710586,0,0,-1|999957,-12723,1384,0,0,0|781231,26106,-621904,0,-1,0]
[2175499975:-702075,-4812,-709601,0,-1,0|999957,-12723,2367,0,0,0|781721,26106,-621412,0,-1,0]
[2175504975:-703057,-4812,-708124,0,-2,0|999957,-12723,3351,0,0,0|783191,26106,-619446,0,0,0]
[2175509975:-703548,-4812,-707632,0,-2,0|999467,-13212,3351,0,0,0|783681,26106,-618462,0,0,0]
[2175514975:-702075,-4812,-708616,0,-1,0|999467,-13212,2859,0,0,0|782211,26106,-619446,0,0,0]
[2175519975:-701092,-4812,-709109,0,0,-1|998977,-13702,2367,-1,0,0|781231,25616,-620429,0,-1,0]
[2175524975:-701092,-4812,-708616,0,0,-1|999467,-13702,2367,0,-1,0|781231,25616,-620921,0,-1,0]
[2175529975:-702566,-4322,-707140,0,0,0|998977,-13702,2367,0,-1,0|782701,25126,-619446,0,-1,0]
[2175534975:-703548,-3343,-706155,0,-1,0|998977,-14191,2859,0,-1,0|783681,24636,-617970,0,0,0]
[2175539975:-703548,-3343,-706647,0,-2,0|999467,-14191,2367,-1,0,0|783681,24146,-617970,0,2,0]
[2175544975:-702566,-2853,-708124,0,-1,0|999467,-14681,2367,0,0,0|782701,23656,-618954,0,1,0]
[2175549975:-702075,-2853,-709109,0,0,0|999467,-14681,2367,0,0,0|781721,23656,-619937,0,-1,0]
[2175554975:-702566,-2363,-708616,0,0,0|999467,-15170,2859,0,0,0|781721,23166,-619446,0,-2,0]
[2175559975:-703057,-2363,-707632,0,0,0|999467,-15170,3351,0,-1,0|783191,22186,-618954,0,0,0]
[2175564975:-703548,-1873,-707632,0,-1,0|999957,-15660,3351,0,-1,0|783681,22186,-618462,1,0,0]
[2175569975:-703057,-1873,-708616,0,-1,0|999957,-15660,2859,0,-1,0|783191,22676,-619446,1,0,0]
[2175574975:-701583,-1873,-709601,0,0,0|999957,-16149,1876,0,0,0|782211,22676,-619937,0,-1,0]
[2175579975:-701583,-1384,-709601,0,0,0|999957,-16638,1384,0,-1,0|782211,22186,-620429,0,-1,0]
[2175584975:-702075,-1384,-709109,0,-1,0|999467,-16638,1384,0,0,0|782701,22186,-619937,0,0,0]
[2175589975:-702566,-894,-708616,0,-1,0|999467,-16638,892,0,0,0|783191,21696,-618954,0,0,0]
[2175594975:-702566,-1384,-708616,0,-2,0|999467,-16638,892,0,0,0|783191,21696,-619937,0,1,0]
[2175599975:-701583,-1384,-710093,0,-1,0|999467,-16638,400,0,0,0|782211,21696,-620921,0,0,0]
[2175604975:-701583,-1873,-710093,0,0,0|999957,-16149,400,0,0,0|782701,22186,-621412,0,0,0]
[2175609975:-702075,-1384,-709601,0,0,0|999957,-16149,1384,0,0,0|783191,22186,-620429,0,0,0]
[2175614975:-703057,-1384,-708616,0,0,0|999957,-16149,1876,0,0,0|783191,22186,-619937,0,0,0]
[2175619975:-703057,-1384,-708124,0,-1,0|999957,-16149,2859,-1,0,0|783191,22186,-619937,0,0,0]
[2175624975:-703057,-1384,-708616,0,-1,0|999957,-16149,2859,0,0,0|782701,22186,-620429,0,0,0]
[2175629975:-702566,-1384,-708616,0,0,0|1000447,-16149,2859,0,0,0|782211,22676,-619937,0,0,0]
[2175634975:-702566,-1873,-708124,0,0,0|999957,-15660,3351,0,0,0|782701,22676,-619446,0,0,0]
[2175639975:-703057,-1873,-707632,0,0,0|999467,-15660,3842,0,0,0|783191,22676,-618462,0,0,0]
[2175644975:-703057,-2363,-707140,0,-1,0|998977,-15660,4334,0,0,0|783191,22676,-617970,0,0,0]
[2175649975:-702566,-1873,-707140,0,-2,0|998977,-15660,4334,0,-1,0|782701,22676,-617970,0,0,0]
[2175654975:-702075,-1873,-708124,0,0,0|998977,-15660,4334,0,-1,0|781721,22676,-619446,0,0,0]
[2175659975:-702075,-1873,-708124,0,0,0|999467,-15660,4334,0,-2,0|781721,22676,-619446,0,-2,0]
[2175664975:-702566,-1873,-708124,0,0,0|999467,-15660,3842,0,-1,0|782211,22676,-618954,0,-2,0]
[2175669975:-703057,-2363,-707632,0,0,0|999467,-15170,3351,0,-1,0|782701,22676,-618954,0,-1,0]
[2175674975:-703057,-2363,-707632,0,-1,0|999467,-14681,2367,0,-2,0|782701,22676,-618954,0,0,0]
[2175679975:-702566,-2363,-708616,0,0,0|999467,-14681,1876,0,0,0|782701,22676,-619446,0,-1,0]
[2175684975:-702075,-2363,-709601,0,0,0|999957,-14681,1384,0,-1,0|782701,23166,-619937,0,-2,0]
[2175689975:-702566,-2853,-709601,0,0,0|1000447,-14681,892,0,-1,0|783191,23166,-620429,0,-1,0]
[2175694975:-703057,-2853,-709109,0,0,0|1000447,-14681,892,0,-1,0|783681,23166,-619937,0,0,0]
[2175699975:-703548,-2853,-709109,0,0,0|1000447,-14191,1384,0,0,0|783681,23656,-620429,0,0,0]
[2175704975:-702566,-2853,-710093,0,0,0|1000447,-14191,892,0,0,0|783191,23656,-620429,0,-1,0]
[2175709975:-702075,-3343,-710586,0,0,0|1000447,-14191,892,0,-1,0|782211,24146,-621412,0,-1,0]
[2175714975:-702075,-3343,-710586,0,0,0|1000447,-13702,400,0,0,0|781721,24636,-621412,0,-1,0]
[2175719975:-702075,-3832,-710093,0,-1,0|999957,-13212,-90,0,0,0|782211,24636,-620921,0,0,0]
[2175724975:-702075,-3832,-709109,0,-1,0|999957,-13212,-90,-1,0,0|782211,24636,-619937,0,0,0]
[2175729975:-702075,-4322,-708616,0,-1,0|999957,-12723,-90,0,0,0|782701,25126,-619446,0,1,0]
[2175734975:-702075,-3832,-709109,0,-1,0|999957,-12723,400,0,0,0|782211,25126,-619937,0,1,0]
[2175739975:-702075,-3832,-709601,0,-1,0|1000447,-12723,892,0,0,0|782211,25126,-619937,0,0,0]
[2175744975:-702566,-3832,-709601,0,-1,0|1000447,-12723,1384,0,1,0|782211,25126,-619937,0,0,0]
[2175749975:-703057,-4322,-709109,0,-1,0|1000447,-12723,2367,0,0,0|782701,25126,-619446,0,-1,0]
[2175754975:-703057,-4322,-708616,0,-1,0|1000447,-12723,3351,0,0,0|782701,25126,-618954,0,0,0]
[2175759975:-702566,-4322,-708616,0,-1,0|999957,-13212,3842,0,0,0|782701,24636,-618954,0,0,0]
[2175764975:-702566,-4322,-708616,0,-1,0|999467,-13702,4334,0,0,0|782211,24636,-618954,0,0,0]
[2175769975:-702566,-3832,-708124,0,-1,0|999467,-13702,4826,0,0,0|782701,24146,-619446,0,0,0]
[2175774975:-703057,-3343,-707632,0,0,0|999957,-14191,4334,0,0,0|783191,24146,-618954,0,0,0]
[2175779975:-703057,-2853,-707632,0,0,0|999957,-14191,4334,0,-1,0|783681,23656,-618462,1,0,0]
[2175784975:-703548,-2363,-707632,0,-1,0|999467,-14681,3842,0,-1,0|766035,17776,-607644,0,-1,0]
[2175789975:-702566,-1873,-708616,0,0,0|999467,-14681,2859,0,-1,0|768486,19246,-610103,0,0,0]
[2175794975:-702566,-1873,-709109,0,0,0|999467,-15170,2367,0,-1,0|773388,21206,-614037,0,-1,0]
[2175799975:-702566,-1873,-709109,0,0,0|999467,-15170,1384,0,-1,0|777799,22186,-616495,0,-1,0]
[2175804975:-702566,-2363,-709109,0,-1,0|998977,-15660,400,0,-1,0|781231,23166,-618462,0,0,0]
[2175809975:-702075,-2363,-709109,0,0,0|998977,-15660,-90,0,0,0|783191,23166,-619446,0,0,0]
[2175814975:-702075,-2363,-709601,0,0,0|998977,-16149,-90,0,0,0|783191,23166,-620429,0,0,0]
[2175819975:-702075,-1873,-709601,0,-1,0|999467,-16149,400,-1,0,0|783191,23166,-620921,0,0,0]
[2175824975:-702075,-1873,-710093,0,0,0|999467,-16149,892,0,0,0|783191,22676,-620921,0,0,0]
[2175829975:-702075,-1873,-709601,0,-1,0|999467,-16638,1876,0,0,0|782701,22186,-620921,0,0,0]
[2175834975:-702075,-1873,-709109,0,0,0|999467,-16149,2859,0,-1,0|782701,22186,-620429,0,0,0]
[2175839975:-702075,-1384,-709109,0,-1,0|999467,-16149,2859,0,-1,0|782701,22186,-620429,0,0,0]
[2175844975:-702566,-1384,-708616,0,-1,0|999467,-16149,2859,0,-1,0|782701,21696,-620429,0,0,0]
[2175849975:-702075,-894,-709109,0,0,0|999957,-16149,3351,0,-1,0|783191,21696,-619937,0,-1,0]
[2175854975:-702566,-894,-708616,0,0,0|999957,-16149,3351,0,-1,0|783681,22186,-619937,0,-1,0]
[2175859975:-703057,-894,-708124,0,0,0|1000447,-15660,3351,-1,-1,0|783681,22186,-619937,0,-1,0]
[2175864975:-703057,-894,-708124,0,-1,0|1000447,-15660,2859,0,-1,0|783681,22186,-619937,0,0,0]
[2175869975:-703057,-894,-707632,0,-1,0|1000447,-15660,2859,0,0,0|783191,22186,-619937,0,0,0]
[2175874975:-703057,-894,-708124,0,-1,0|1000447,-15660,2367,0,-1,0|783191,22186,-619937,0,0,0]
[2175879975:-703057,-894,-708616,0,-1,0|1000447,-15660,1876,0,-1,0|783191,22676,-619937,0,-1,0]
[2175884975:-702566,-1384,-709109,0,0,0|999957,-15660,1384,0,0,0|783191,22676,-619937,0,0,0]
[2175889975:-702566,-1873,-709109,0,-1,0|999957,-15170,892,0,0,0|782701,23166,-619937,0,0,0]
[2175894975:-702075,-2363,-709109,0,-1,0|999957,-15170,892,0,0,0|782701,23656,-620429,0,0,0]
[2175899975:-702075,-2363,-709601,0,-1,0|999957,-15170,892,-1,0,0|782211,23656,-620429,0,0,0]
[2175904975:-702075,-2363,-709601,0,-1,0|999957,-14681,1384,0,0,0|782211,24146,-620429,0,0,0]
[2175909975:-702075,-2363,-709601,0,-1,0|999957,-14681,1384,0,0,0|782701,24146,-619937,0,0,0]
[2175914975:-702075,-2853,-709109,0,-1,0|999957,-14681,1876,0,0,0|782701,24146,-619446,0,0,0]
[2175919975:-702075,-2853,-709109,0,-1,0|999957,-14681,1876,0,0,0|782701,24146,-619446,0,0,0]
[2175924975:-702075,-3343,-709109,0,-1,0|999467,-14191,1876,0,0,0|782211,24146,-619937,0,0,0]
[2175929975:-702075,-3343,-709601,0,-1,0|999467,-13702,1876,0,0,0|782701,24146,-619446,0,0,0]
[2175934975:-702566,-3832,-709601,0,0,0|999957,-13702,1876,0,0,0|782701,24636,-619937,0,0,0]
[2175939975:-702566,-3832,-709601,0,0,0|999467,-13702,1876,0,0,0|783191,24636,-619937,0,0,0]
[2175944975:-703057,-3343,-709601,0,-1,0|999467,-13702,1384,0,0,0|783191,24636,-619937,0,0,0]
[2175949975:-703057,-3832,-709109,0,-1,0|999467,-13212,1384,0,0,0|783191,25126,-619937,0,0,0]
[2175954975:-702566,-4322,-709109,0,-1,0|999467,-13212,1876,0,0,0|783191,25126,-619446,0,0,0]
[2175959975:-703057,-4812,-708616,0,-1,0|999467,-13212,1876,0,0,0|782701,25126,-618954,0,0,0]
[2175964975:-703057,-4812,-708124,0,-1,0|999467,-13212,1876,0,0,0|783191,25126,-618462,0,0,0]
[2175969975:-703057,-4322,-708124,0,-1,0|999467,-13212,1876,0,0,0|783191,25126,-618462,1,0,0]
[2175974975:-703057,-4322,-708124,0,-1,0|999467,-13702,2859,0,1,0|782701,25126,-618462,1,0,0]
[2175979975:-702566,-4322,-708616,0,-1,0|998977,-13702,3351,0,0,0|782211,25126,-618954,0,0,0]
[2175984975:-702566,-3832,-708124,0,-1,0|998977,-13702,3351,0,0,0|782211,24636,-618954,0,-1,0]
[2175989975:-702566,-3343,-708124,0,0,0|999467,-14191,3351,0,-1,0|782701,24146,-618954,0,0,0]
[2175994975:-702566,-3343,-708124,0,0,0|999467,-14191,3351,-1,-1,0|782701,24146,-618954,0,0,0]
[2175999975:-702566,-2853,-708616,0,0,0|999467,-14191,2859,-1,-1,0|782701,23656,-618954,0,-1,0]
[2176004975:-702075,-2853,-708616,0,0,0|999957,-14681,2367,0,-1,0|782701,23656,-618954,0,-1,0]
[2176009975:-702566,-2853,-708616,0,0,0|999467,-15170,1876,0,-1,0|782701,23166,-619446,0,0,0]
[2176014975:-702566,-2363,-708616,0,0,0|999467,-15170,1384,0,-1,0|782701,23166,-619937,0,-1,0]
[2176019975:-702566,-2363,-708616,0,0,0|999467,-15660,1384,-1,-1,0|782701,22676,-619937,0,-1,0]
[2176024975:-702075,-1873,-708616,0,0,0|999467,-15660,1384,0,0,0|783191,22676,-619937,0,0,0]
[2176029975:-702566,-1384,-708616,0,0,0|999467,-16149,1384,0,-1,0|783191,22676,-620429,0,0,0]
[2176034975:-702566,-894,-709109,0,0,0|999957,-16638,1384,0,-1,0|783681,22186,-620429,0,0,0]
[2176039975:-703057,-894,-709109,0,0,0|1000447,-16638,1384,0,-1,0|783681,21696,-620429,0,0,0]
[2176044975:-703057,-404,-709109,0,-1,0|1000447,-17128,1384,0,0,0|783681,21696,-620429,0,0,0]
[2176049975:-703057,-404,-709109,0,-1,0|1000447,-17128,1384,0,0,0|783191,21696,-620429,0,0,0]
[2176054975:-703057,-404,-709109,0,-1,0|1000447,-16638,1876,0,0,0|782701,21696,-620429,0,0,0]
[2176059975:-702566,-404,-709109,0,-1,0|1000447,-16638,2367,0,0,0|782701,21696,-620429,0,0,0]
[2176064975:-702566,-404,-709601,0,-1,0|1000447,-16638,2367,0,0,0|782701,21696,-619937,0,0,0]
[2176069975:-702566,-894,-709601,0,-1,0|1000447,-16638,2859,-1,0,0|782701,21696,-619937,0,-1,0]
[2176074975:-702075,-1384,-709601,0,-1,0|999957,-16638,2367,0,0,0|782211,22186,-619937,0,-1,0]
[2176079975:-702075,-1384,-709601,0,-1,0|999467,-16149,2367,0,0,0|782211,22676,-619937,0,0,0]
[2176084975:-702075,-1873,-709109,0,0,0|998977,-16149,2367,0,0,0|782211,22676,-619937,0,0,0]
[2176089975:-702075,-2363,-709109,0,-1,0|998977,-15660,2859,0,0,0|781721,22676,-619937,-1,0,0]
[2176094975:-702566,-2363,-708616,0,-1,0|998977,-15660,2859,0,0,0|782211,22676,-619446,0,0,0]
[2176099975:-702566,-2363,-708124,0,-1,0|999467,-15170,2859,0,-1,0|782211,22676,-619446,0,0,0]
[2176104975:-702566,-2363,-708124,0,-1,0|999467,-14681,2367,0,-1,0|782701,23166,-619446,0,0,0]
[2176109975:-703057,-2363,-708124,0,0,0|999957,-14681,2367,0,0,0|782701,23166,-619446,0,0,0]
[2176114975:-703057,-2853,-708616,0,0,0|999957,-14681,2367,0,0,0|783191,23166,-619446,0,0,0]
[2176119975:-703057,-2853,-708616,0,-1,0|1000447,-14681,2367,0,0,0|783191,23166,-619446,0,-1,0]
[2176124975:-706004,-3832,-703693,2,-5,0|1000938,-14681,2859,0,-1,0|790054,22676,-615020,4,11,0]
[2176129975:-735471,-11178,-648064,7,-150,-16|1003389,-15170,-90,-2,-6,0|823387,19246,-585517,16,174,-14]
[2176134975:-905892,-63579,-425053,115,-787,-45|1012705,-16149,-7465,-2,-23,0|923385,-2805,-506843,72,823,24]
[2176139975:-1458901,-165443,293209,720,-3607,-128|1023982,-12234,-24182,1,-86,0|1232204,18756,-269345,12,2553,118]
[2176144975:-1782062,-22442,762861,391,-6821,-60|1013686,-9787,-14841,19,-106,0|1740529,-9176,168279,-76,5303,198]
[2176149975:-1865063,27509,717077,181,-7969,-109|994564,-12234,21051,23,-12,24|1564061,312294,-84461,31,8891,136]
[2176154975:-1730985,98031,444837,-380,-7724,-211|975442,-11744,31868,-14,101,22|1542983,298083,-82002,87,9025,101]
[2176159975:-1737370,6941,288286,-269,-8606,-126|969558,-11255,-2057,-15,123,-5|1451318,263780,-274754,69,9541,108]
[2176164975:-1659281,-82189,-20876,155,-9967,-56|977403,-17128,-50241,8,43,-19|1261615,172141,-587484,-3,9914,192]
[2176169975:-1526185,-138508,-412253,343,-10580,-175|986719,-17617,-54175,-3,-15,-15|1041030,92263,-850059,-126,9554,288]
[2176174975:-1275220,-104717,-825291,306,-10047,-315|1000447,-10276,-3040,-1,16,-5|969463,36397,-845634,-162,9007,283]
[2176179975:-1046846,-49867,-1072917,155,-8700,-319|1011234,-4892,53994,25,72,3|944463,1114,-764009,-7,8530,186]
[2176184975:-1014922,-10689,-1018272,410,-8360,-142|1017118,-10276,65794,13,47,7|921424,-14077,-746308,48,8033,165]
[2176189975:-989384,89215,-939996,255,-8439,15|1017608,-10276,48093,-17,-43,2|909170,4544,-771877,-9,7746,185]
[2176194975:-997733,66688,-893228,56,-8245,-2|1012215,-12234,40227,-6,-89,3|902307,16305,-722705,-78,7458,207]
[2176199975:-1055195,-17055,-779015,158,-7917,-131|1004370,-18107,44160,-21,-63,1|942012,22186,-520119,-99,7183,212]
[2176204975:-1155876,-79740,-546158,314,-7817,-199|992112,-16149,43177,-34,-16,2|1044952,15325,-316058,-67,7199,231]
[2176209975:-1303705,-86597,-258656,457,-8242,-174|988680,-10765,15643,0,-16,3|1198871,23166,-159693,-31,7656,217]
[2176214975:-1386214,-42031,-131151,340,-8718,-141|986229,-14191,-19266,13,-42,-2|1330731,30517,-47582,-63,8250,220]
[2176219975:-1394563,85,-109982,141,-8801,-126|984758,-17128,-35491,-7,-29,-5|1367986,25616,13389,-75,8637,229]
[2176224975:-1422558,-2363,-34661,110,-8947,-142|988190,-12723,-31558,3,14,0|1328280,15325,22240,-82,8716,236]
[2176229975:-1433854,-25870,9153,205,-9194,-149|995054,-13212,-21724,7,51,2|1243968,1604,-12179,-31,8567,228]
[2176234975:-1375410,-50846,-106044,289,-9126,-157|1003389,-17617,-21724,-3,52,-2|1169460,19246,-79052,-29,8352,228]
[2176239975:-1299776,-45949,-262595,235,-8779,-175|1010253,-18107,-28608,-9,18,-8|1102794,37378,-181328,-81,8087,201]
[2176244975:-1295356,-60641,-286225,269,-8679,-193|1013686,-17128,-29099,10,-17,-3|1030246,38848,-227058,-140,7741,182]
[2176249975:-1270799,-57213,-226165,365,-8731,-216|1014666,-19575,-11890,13,-19,3|900346,8955,-214765,-163,7112,184]
[2176254975:-1123461,-6771,-211396,247,-8274,-229|1013195,-19575,12692,-6,15,4|738584,-9666,-154284,-73,6251,190]
[2176259975:-979070,9879,-218288,142,-7546,-160|1011234,-15660,22034,-17,41,0|564567,-23387,-127732,56,5177,178]
[2176264975:-871022,42691,-271948,116,-6882,-56|1004370,-16149,8267,-18,30,0|407217,-5256,-260494,67,3753,125]
[2176269975:-750205,38284,-390100,18,-6052,-45|995544,-17617,-8940,-7,4,0|303787,12385,-400633,16,2260,63]
[2176274975:-558666,9879,-571758,-11,-4819,-91|988680,-17128,-15332,21,-9,-1|286631,22676,-406042,-8,960,8]
[2176279975:-317522,4492,-762769,9,-3124,-49|986229,-16149,-8449,33,-6,-3|342512,25126,-272787,-1,37,-20]
[2176284975:-209965,85,-779015,36,-1554,16|989170,-19086,1384,10,-3,1|469961,9445,-75118,-5,-485,-22]
[2176289975:-263989,-22932,-615572,74,-570,0|999467,-20064,8267,-7,-6,2|633684,4544,124025,-7,-667,-11]
[2176294975:-377931,-38603,-377792,80,47,-7|1005841,-20554,13676,-6,-12,-3|773878,8955,268589,-3,-711,-11]
[2176299975:-516920,-51826,-148874,140,480,10|1005841,-22511,17118,-7,-13,-5|884660,3564,380700,-11,-681,-17]
[2176304975:-646086,-36644,53952,217,748,50|1001428,-20064,16626,-21,-14,0|977796,-8196,452981,-2,-504,-9]
[2176309975:-760028,-19993,234133,244,843,98|997506,-16149,11709,-6,-15,3|1042991,-8196,493794,-2,-231,-5]
[2176314975:-881827,-34196,402007,208,781,45|995544,-18107,1876,9,-12,2|1049854,624,496744,-12,28,-5]
[2176319975:-985455,-36644,552650,123,545,-37|994074,-21043,-5499,0,-4,-3|1007697,3074,462324,-9,60,0]
[2176324975:-1050775,-12647,676709,20,196,-29|997996,-18596,-6974,1,4,-4|961130,-845,422987,-5,-4,0]
[2176329975:-1056668,574,711662,-41,-96,0|1004370,-16149,-3532,5,16,0|930248,-6726,408236,8,-51,4]
[2176334975:-1013940,-4812,632894,-38,-147,7|1008292,-16149,-90,-4,24,1|923385,-4276,395451,11,-47,2]
[2176339975:-963354,-14606,513758,-19,-82,2|1006331,-14191,-1074,0,13,1|935640,624,360539,3,-9,-3]
[2176344975:-914732,-24891,398561,-6,22,4|1001428,-13702,400,13,-4,2|933189,2584,332512,-3,-10,0]
[2176349975:-897052,-31747,349331,4,80,1|997996,-16149,5809,2,-13,1|917993,6014,336937,-10,-55,1]
[2176354975:-890176,-40072,368038,6,65,-3|997506,-14681,15643,-6,-7,0|905248,8465,362998,-2,-97,-1]
[2176359975:-892141,-41542,414806,10,35,-5|998977,-12234,21543,-4,1,0|913091,6504,392009,7,-78,-3]
[2176364975:-904419,-36644,442375,7,-18,-3|999467,-11744,19576,-9,0,0|928287,2094,395451,12,-31,2]
[2176369975:-907857,-30767,429575,0,-22,0|997996,-11255,9742,-1,-7,0|941032,6504,375291,5,6,3]
[2176374975:-908348,-32237,409391,-7,0,3|995054,-10765,-1074,9,-14,-1|935640,11405,355130,0,-6,0]
[2176379975:-903928,-37624,392653,-2,32,0|993093,-11255,-7465,0,-10,-2|927307,12385,360048,0,-25,-1]
[2176384975:-906383,-38603,403484,4,35,-2|995054,-11744,-9432,-7,-2,-2|926816,9935,374799,-2,-18,-1]
[2176389975:-908348,-38113,425637,4,10,-3|998977,-10765,-8940,-2,6,-2|932208,7485,387584,2,15,1]
[2176394975:-915224,-35665,438437,0,-16,-3|1003389,-10276,-8940,0,9,-1|934169,6504,381191,4,15,1]
[2176399975:-918661,-29298,430068,-7,-26,1|1005841,-10276,-8940,2,6,0|940542,3074,365456,2,4,1]
[2176404975:-916206,-25380,409883,-7,-3,5|1006331,-10276,-6974,6,0,2|940542,2584,355130,-2,-3,1]
[2176409975:-913750,-29788,398561,-2,17,4|1004860,-10765,-2057,0,-3,1|935640,5524,362506,-3,-2,1]
[2176414975:-909330,-37624,404960,6,23,-1|1002409,-11744,3842,-3,0,0|929267,8955,373816,0,0,0]
[2176419975:-909821,-38113,424160,5,6,-2|1000938,-11744,7284,-2,3,-1|927797,7485,381683,1,10,0]
[2176424975:-910312,-34196,430068,1,-17,0|999467,-10765,7284,-5,3,0|926326,4054,377258,3,7,3]
[2176429975:-908839,-30767,422191,-2,-17,2|997996,-10765,4334,-2,0,1|927797,6014,366440,1,1,2]
[2176434975:-904910,-33706,407422,-2,3,2|997015,-11255,1876,4,-3,0|926816,8465,359064,0,-4,0]
[2176439975:-903437,-36154,403484,0,24,0|996035,-11744,892,3,-2,0|924856,8465,364473,0,-8,0]
[2176444975:-903928,-34196,414314,0,15,0|996035,-12234,2367,0,0,0|923875,5524,375782,0,-2,1]
[2176449975:-905401,-32237,430560,-1,-4,0|997506,-13212,4826,0,4,0|924365,4544,385125,1,10,1]
[2176454975:-907366,-32726,435483,-3,-20,0|999467,-13212,7284,-1,6,0|925346,4544,384142,1,10,0]
[2176459975:-907366,-32726,424160,-1,-9,-1|1000938,-13702,7776,0,2,0|929267,3564,373324,3,4,1]
[2176464975:-908348,-29788,411360,0,6,0|1001918,-14191,6792,2,-4,0|931718,2094,362998,1,-4,0]
[2176469975:-909330,-27339,403976,0,17,2|1001918,-15170,6301,0,-7,0|931718,1114,363981,0,-6,0]
[2176474975:-910312,-27829,411360,0,11,1|1001428,-15660,5809,-2,-6,0|928777,1604,370865,0,-3,0]
[2176479975:-908839,-29788,421699,0,0,0|1000447,-16638,4826,-2,-2,0|926816,1114,377749,1,3,1]
[2176484975:-908348,-30278,425145,2,-7,-1|998977,-17617,2367,-3,0,0|925836,624,376274,2,2,2]
[2176489975:-907857,-28809,418745,0,-4,-1|998486,-17617,-1565,-3,0,0|928287,1604,368898,0,0,1]
[2176494975:-906874,-26850,411360,0,7,0|998486,-17617,-4024,0,-1,0|929758,1114,361523,-1,-4,0]
[2176499975:-907366,-25380,410376,-3,11,1|998486,-18107,-3532,3,-2,0|928777,134,364473,-1,-5,0]
[2176504975:-907366,-26850,417268,-2,7,1|998977,-18107,-582,1,0,0|927307,-845,372340,0,-1,1]
[2176509975:-908839,-28319,427114,-1,-4,0|999957,-18596,2859,0,3,0|927797,-845,379224,2,3,2]
[2176514975:-910804,-28319,427114,0,-10,-1|1001918,-19086,4334,-1,3,0|929267,-1335,377749,2,6,1]
[2176519975:-912277,-26360,418745,0,-6,0|1002409,-19086,3351,-2,0,0|932208,-2315,367915,2,0,1]
[2176524975:-911295,-26360,404468,0,4,1|1001918,-18596,1384,0,-4,1|933189,-1825,360048,0,-3,0]
[2176529975:-910312,-27829,410868,0,12,0|1000938,-19086,-582,1,-5,0|931228,-845,361523,0,-5,0]
[2176534975:-910312,-27339,420222,0,7,0|1000447,-18596,-2057,0,-2,-1|930248,-355,368898,1,-3,1]
[2176539975:-910804,-26360,424160,0,-1,0|999957,-18107,-3532,0,2,0|929267,-355,375291,1,3,1]
[2176544975:-909330,-26850,419729,-1,-10,0|999467,-18107,-4515,-1,5,0|929267,134,375782,0,5,1]
[2176549975:-907366,-27339,414806,-1,-6,0|999467,-18107,-4515,0,5,0|929267,1114,371357,0,3,1]
[2176554975:-906383,-26850,413329,-2,2,0|998486,-17617,-2057,2,4,0|928777,1114,367423,0,0,0]
[2176559975:-906383,-26360,418252,-1,7,1|998486,-17128,2367,3,3,0|927797,-355,369390,0,0,0]
[2176564975:-906383,-28319,422683,-2,2,1|998486,-17128,7776,1,1,0|925836,-845,372832,1,0,1]
[2176569975:-907366,-30767,421206,-1,-4,0|998977,-16638,12201,0,0,0|925346,624,376274,3,2,1]
[2176574975:-906874,-31257,414314,0,-5,-1|999467,-17128,13676,-1,-1,0|924856,3074,375291,2,1,0]
[2176579975:-906383,-30278,410376,1,0,-2|999467,-16638,12201,-4,-5,-1|926326,3074,371357,1,-1,0]
[2176584975:-905892,-29788,412345,2,10,-2|998977,-15660,9251,-3,-8,0|926816,3074,367915,0,-5,0]
[2176589975:-905892,-29788,419729,2,11,0|997996,-15170,5809,0,-7,0|926816,2584,369390,1,-5,0]
[2176594975:-906383,-30767,426129,0,4,0|997015,-15170,2859,1,-4,-1|925836,3074,372832,1,-1,0]
[2176599975:-907366,-30767,426129,-2,-3,0|997506,-14681,-90,2,0,0|926326,2584,375782,1,0,1]
[2176604975:-909330,-30767,420714,-2,-5,-1|999467,-14191,-2057,1,2,0|927797,3074,375782,1,1,1]
[2176609975:-910804,-31257,415299,-1,0,0|1001428,-13702,-2549,0,1,0|931718,4544,373324,0,2,0]
[2176614975:-911786,-31257,414314,0,4,0|1002899,-13212,-1565,0,0,0|932699,4544,368898,0,0,0]
[2176619975:-911786,-31747,415791,0,5,0|1002409,-12234,400,0,0,0|932699,4054,367915,1,-1,1]
[2176624975:-911295,-33216,416283,0,0,0|1001918,-11744,2367,0,-1,0|931228,4544,368898,2,0,1]
[2176629975:-909821,-34196,414806,0,-2,0|1000938,-11744,2859,0,-1,0|930738,5524,370374,1,3,0]
[2176634975:-909330,-34685,411360,1,-1,0|1000447,-11255,1876,-1,-1,0|928777,6995,368898,1,0,0]
[2176639975:-908839,-34685,411360,2,3,-1|999467,-11744,-90,-2,-1,0|929267,7975,367423,0,-1,0]
[2176644975:-908348,-34196,414806,0,5,0|998977,-11255,-1074,-1,-2,0|929267,8465,366932,0,0,0]
[2176649975:-907366,-33216,420222,0,3,0|998486,-10765,-1565,0,-1,0|928777,7485,369390,0,1,1]
[2176654975:-908348,-32726,421699,-1,-2,0|998486,-10765,-1565,2,1,0|928287,6014,371357,2,0,2]
[2176659975:-910312,-33706,418745,-2,-5,1|998977,-10765,-1565,1,2,0|929267,6014,371849,1,3,2]
[2176664975:-911295,-34685,413329,-1,-5,0|1000447,-10765,-1074,0,2,0|930738,6995,369882,0,2,0]
[2176669975:-912277,-34196,410868,0,0,0|1001918,-11255,-582,-1,1,0|931718,6504,368407,0,0,0]
[2176674975:-911786,-33216,412837,1,4,0|1002899,-11255,400,-1,0,0|932208,6014,368407,0,0,1]
[2176679975:-910804,-32237,416776,1,3,0|1002409,-11255,892,-1,0,0|931718,5034,369882,0,1,1]
[2176684975:-909821,-32726,419729,0,-1,0|1001428,-11744,1384,0,0,1|929758,5034,370374,1,2,1]
[2176689975:-907857,-32726,418252,-1,-5,1|1000447,-12723,1384,0,1,0|928777,6014,371357,1,0,1]
[2176694975:-906383,-32726,417268,-1,-4,1|999467,-12723,892,0,2,0|927307,6014,372340,0,2,1]
[2176699975:-904910,-32237,418252,0,0,0|998486,-12723,1384,0,2,0|926326,5524,372832,0,3,0]
[2176704975:-904910,-31747,421206,0,3,0|997506,-13212,3842,0,3,0|924856,4544,373324,0,2,0]
[2176709975:-904910,-30767,423175,-1,0,0|997506,-13702,6792,0,2,0|924856,3564,374307,0,1,1]
[2176714975:-905401,-30278,421206,-2,-5,0|997015,-14191,9742,1,1,1|924365,2584,373324,2,1,1]
[2176719975:-905892,-30278,416776,-2,-5,0|997506,-14681,10726,0,0,0|924856,2094,372340,2,0,1]
[2176724975:-906874,-30278,412345,0,0,0|998486,-15660,11217,0,-3,0|925836,2094,370374,1,-2,1]
[2176729975:-908348,-29788,412345,2,6,-1|998977,-15660,10234,-2,-5,0|926816,2094,369390,0,-2,0]
[2176734975:-908839,-28809,415791,3,8,-1|999467,-16149,7776,-2,-6,0|927307,1604,369390,0,-3,0]
[2176739975:-908348,-27829,419237,1,4,-1|999467,-16638,4334,-1,-6,0|927797,624,371357,1,-3,1]
[2176744975:-907857,-27339,419729,0,0,0|998977,-17617,400,0,-3,0|927797,-355,372340,1,-1,1]
[2176749975:-908839,-26850,418252,0,0,0|998977,-18107,-3040,0,-1,0|928287,-355,371849,1,1,1]
[2176754975:-909821,-26360,416776,0,0,0|999467,-19086,-5499,0,0,0|929267,-355,370374,0,0,1]
[2176759975:-911295,-26360,416283,-1,1,0|1000447,-19575,-5990,0,0,0|930248,-355,369882,0,0,0]
[2176764975:-911295,-25870,417268,-1,0,0|1001428,-19575,-4515,0,1,0|931228,-1335,370865,0,1,0]
[2176769975:-910804,-25380,417268,0,0,0|1001918,-19575,-1565,0,2,0|931718,-1825,370865,0,2,0]
[2176774975:-910804,-25380,415299,0,-1,0|1001428,-19575,892,0,1,0|931228,-2315,369390,1,1,1]
[2176779975:-910804,-25870,412345,0,-1,0|1001428,-19575,2367,-1,0,0|931228,-1335,367915,1,0,1]
[2176784975:-909821,-26850,412345,0,0,0|1000938,-19575,2859,-1,-2,0|930248,-845,367423,0,0,0]
[2176789975:-908348,-26850,414806,0,3,0|1000447,-19575,2367,-2,-2,0|929267,-355,368898,0,0,0]
[2176794975:-907366,-26850,418745,1,4,0|999957,-19575,1876,-1,-1,0|928287,-355,371357,0,0,1]
[2176799975:-907366,-26850,421206,0,1,0|999467,-19086,892,0,0,0|927307,-355,372340,1,2,1]
[2176804975:-907366,-27339,420222,-2,-4,0|998977,-19086,400,1,1,0|926816,134,371357,2,1,1]
[2176809975:-907366,-27829,416283,-2,-5,0|998977,-18107,-90,1,1,0|927307,624,370374,1,0,1]
[2176814975:-908348,-28809,414314,-2,-1,0|999467,-17617,400,1,1,0|928287,1604,369882,0,0,0]
[2176819975:-908839,-29298,415299,0,2,0|999957,-17128,1876,0,0,0|928287,2094,370374,0,0,0]
[2176824975:-909821,-29788,417268,0,3,-1|1000447,-16638,3351,0,0,0|928287,2094,371357,0,0,0]
[2176829975:-909330,-29788,418252,0,0,0|1000447,-15660,5317,0,-1,0|928287,2094,371849,1,0,0]
[2176834975:-908348,-30278,417268,0,-2,0|1000447,-15170,5809,0,-1,0|927797,2584,371357,1,0,0]
[2176839975:-906874,-31257,416776,0,0,0|999467,-14191,5317,0,-1,0|926816,3564,371357,1,0,0]
[2176844975:-906874,-32237,416776,1,3,0|998977,-13702,4826,0,-2,0|926816,4054,370865,1,-1,0]
[2176849975:-906874,-32237,419237,1,4,0|998486,-13212,4334,0,-2,0|926326,5034,371849,0,0,0]
[2176854975:-906874,-32726,421699,0,1,0|998486,-13212,4334,0,0,0|925836,5034,373324,0,0,0]
[2176859975:-907366,-32726,421206,0,-1,0|997996,-12234,4826,0,0,0|926326,5034,373816,2,0,0]
[2176864975:-907857,-33216,417760,0,0,0|998977,-11744,4334,0,0,0|927797,5524,372832,2,0,0]
[2176869975:-908839,-33706,414806,0,0,0|999467,-11255,3842,0,-1,0|929267,6504,370865,0,0,0]
[2176874975:-909821,-33706,413822,0,2,0|1000447,-11255,3351,0,-2,0|929758,6504,368898,0,-1,0]
[2176879975:-909821,-34196,414806,0,3,0|1000938,-10765,2367,0,-3,0|930248,6995,369390,0,-2,0]
[2176884975:-909821,-34685,416283,1,0,0|1000447,-10765,1876,0,-2,0|930248,6995,370374,0,0,0]
[2176889975:-909330,-34685,417268,0,-1,0|1000447,-10276,400,-1,-1,0|929758,6504,370865,1,1,0]
[2176894975:-909821,-34685,416283,0,0,0|1000447,-10276,-1074,0,-1,0|929758,6995,369882,0,0,0]
[2176899975:-909821,-34196,415299,0,1,0|999957,-10276,-2549,0,0,0|930248,7485,368898,0,0,0]
[2176904975:-909821,-34196,415791,0,2,0|999957,-10276,-3040,0,0,0|930248,6995,369390,0,0,0]
[2176909975:-909821,-34196,417760,0,1,0|999957,-10276,-2549,0,0,0|929758,6995,370374,0,1,0]
[2176914975:-909821,-33706,418252,0,-1,0|1000447,-10765,-1565,0,1,0|929758,6504,371357,0,1,0]
[2176919975:-909821,-33706,417268,0,-3,0|1000938,-10765,-90,0,2,0|929758,6504,370865,0,2,0]
[2176924975:-909821,-33216,415299,0,-1,0|1000938,-11255,892,0,2,0|929758,5524,369882,1,1,0]
[2176929975:-909330,-32726,413329,0,2,0|1000447,-11744,1876,0,0,0|929267,5524,368898,1,0,0]
[2176934975:-908839,-32726,414314,1,2,0|999957,-12234,2367,0,0,0|929267,5034,369882,1,0,0]
[2176939975:-908348,-32237,417268,1,0,0|999467,-12723,2367,-1,0,0|928777,5034,370865,0,1,0]
[2176944975:-908348,-31747,419729,0,-1,0|999467,-13212,1876,0,0,0|928287,4544,371849,1,2,0]
[2176949975:-907857,-30767,419237,-1,-2,0|998977,-13702,1384,0,0,0|928287,3564,372340,1,1,0]
[2176954975:-907857,-30278,417760,0,0,0|999467,-14681,1384,0,0,0|928287,3074,372340,1,2,0]
[2176959975:-907857,-30278,416283,0,1,0|999467,-15170,1384,0,0,0|928287,2584,371357,0,2,0]
[2176964975:-907857,-29788,416776,0,1,0|999467,-15660,2367,0,0,0|928287,2094,370865,0,0,0]
[2176969975:-907857,-29788,418252,0,0,0|999467,-16149,3842,0,0,0|928287,2094,371849,0,1,0]
[2176974975:-908348,-29298,418252,0,-2,0|999467,-16638,4826,0,0,0|928287,1604,372340,0,1,0]
[2176979975:-907857,-28809,416776,0,0,0|999467,-17128,4826,0,0,0|927797,1114,372340,1,2,0]
[2176984975:-907857,-28319,415299,0,2,0|998977,-17617,4334,0,-1,0|927307,1114,370374,1,0,0]
[2176989975:-907857,-28319,414806,1,3,0|998977,-18107,3842,0,-1,0|927307,1114,369390,1,0,0]
[2176994975:-907366,-27339,416776,0,2,0|998977,-18107,3351,0,-2,0|927797,624,369882,0,0,0]
[2176999975:-907366,-27339,418252,0,0,0|998977,-18107,2859,0,-2,0|927307,-355,370865,0,0,0]
[2177004975:-907857,-27339,418745,0,-1,0|998977,-18596,1384,0,-1,0|927797,-845,371357,1,0,0]
[2177009975:-908348,-27339,417268,0,0,0|999467,-18596,400,0,0,0|928287,-845,371357,1,0,0]
[2177014975:-908839,-26850,416283,0,1,0|999957,-18596,-582,0,0,0|929267,-355,370865,0,0,0]
[2177019975:-909330,-26360,415791,0,2,0|1000447,-19086,-1074,0,0,0|929758,-355,369882,0,-1,0]
[2177024975:-909821,-25870,416776,0,1,0|1000447,-19086,-90,0,0,0|930248,-355,369882,0,0,0]
[2177029975:-909330,-26360,417268,0,0,0|1000447,-19086,400,0,1,0|929758,-355,370865,0,0,0]
[2177034975:-908839,-26850,417760,0,-1,0|999957,-18596,892,0,1,0|929267,-355,371357,0,0,0]
[2177039975:-908839,-26360,416776,0,0,0|1000447,-18596,892,0,1,0|929267,-355,371357,0,0,0]
[2177044975:-908839,-26850,415791,0,0,0|999957,-18107,1384,0,0,0|929267,134,370374,0,0,0]
[2177049975:-907857,-27339,416283,0,1,0|999467,-17617,2367,0,0,0|928777,624,369882,0,-1,0]
[2177054975:-907857,-28319,417268,0,1,0|998977,-17128,3351,0,0,0|927307,1114,370374,1,-3,0]
[2177059975:-907366,-28809,418252,0,0,0|998977,-16638,3842,0,0,0|927797,1604,371357,1,0,0]
[2177064975:-907366,-29298,418252,0,0,0|998977,-16149,3842,0,0,0|927797,2094,371849,0,0,0]
[2177069975:-907366,-29788,418252,0,1,0|999467,-15660,4334,0,0,0|928287,2094,372340,0,1,0]
[2177074975:-907857,-30278,417268,0,1,0|999467,-15660,3842,0,0,0|928287,2584,371357,1,0,0]
[2177079975:-907857,-30767,416776,0,1,0|999467,-15170,4334,0,0,0|928287,3074,371357,1,0,0]
[2177084975:-907857,-30767,417760,0,1,0|999467,-14191,3842,0,0,0|928287,3564,371357,1,0,0]
[2177089975:-907857,-31257,418252,0,0,0|999467,-13702,3351,0,0,0|928287,3074,371849,1,0,0]
[2177094975:-908348,-31257,417760,0,0,0|999467,-13702,1876,0,0,0|928777,3564,371849,1,0,0]
[2177099975:-907857,-32237,417268,0,0,0|999957,-13212,1384,0,0,0|928777,4054,371357,0,0,0]
[2177104975:-908348,-32726,416776,0,2,0|999957,-13212,892,0,-1,0|928777,4544,371357,0,0,0]
[2177109975:-908348,-32726,416776,0,1,0|999957,-12723,892,0,0,0|928287,5034,371357,0,0,0]
[2177114975:-908839,-32726,417760,0,0,0|999957,-12723,1384,0,0,0|928777,5034,371357,0,0,0]
[2177119975:-908839,-33216,418252,0,0,0|999957,-12723,2367,0,0,0|928777,5034,371357,0,0,0]
[2177124975:-909330,-33706,417760,0,0,0|999957,-12234,2367,0,0,0|929267,6014,370865,0,1,0]
[2177129975:-909821,-33706,416776,0,1,0|1000447,-11744,1876,0,0,0|929267,6504,370865,0,0,0]
[2177134975:-909330,-33706,416283,0,1,0|1000447,-11255,1384,0,-1,0|929758,6014,370865,0,0,0]
[2177139975:-909330,-33706,416283,0,1,0|999957,-10765,892,-1,-1,0|929267,6504,370374,0,0,0]
[2177144975:-909330,-34196,416776,0,0,0|999957,-10765,400,-1,-1,0|929267,6995,370374,1,0,0]
[2177149975:-909330,-34685,416776,0,0,0|999957,-10765,-582,0,0,0|929267,6995,370374,1,1,0]
[2177154975:-908839,-34685,416776,0,0,0|1000447,-11255,-1074,0,0,0|929267,6995,369882,1,1,0]
[2177159975:-908839,-34196,416283,0,0,0|1000447,-11255,-1074,0,0,0|929267,6995,369882,0,1,0]
[2177164975:-908839,-33706,416776,-1,0,0|1000447,-11255,-1074,0,1,0|929267,6995,369882,0,2,0]
[2177169975:-908839,-33216,417268,0,0,0|1000447,-11744,-90,0,1,0|929267,6995,370374,0,2,0]
[2177174975:-908839,-33216,417760,0,0,0|1000447,-11744,892,0,2,0|929267,6504,370374,0,2,0]
[2177179975:-908348,-32726,417760,0,0,0|1000447,-12234,1876,0,2,0|929267,5524,370865,0,2,0]
[2177184975:-908839,-32237,417268,0,0,0|1000447,-12723,2859,0,1,0|929267,5034,370865,0,2,0]
[2177189975:-908348,-31747,416776,0,0,0|999957,-13212,3351,0,0,0|929267,4544,370865,0,2,0]
[2177194975:-908348,-31747,417268,0,0,0|999467,-14191,3842,-1,0,0|929267,4054,370374,1,0,0]
[2177199975:-907366,-32237,418252,0,0,0|998977,-14681,4826,0,0,0|928777,4054,371849,2,3,0]
[2177204975:-906874,-31257,419237,0,0,0|998977,-14681,4826,0,0,0|927307,3564,372832,0,2,0]
[2177209975:-906874,-29788,418745,0,0,0|998486,-15660,4334,0,0,0|927307,2584,372832,0,-1,0]
[2177214975:-907366,-29788,418252,0,0,0|998486,-16149,4334,0,0,0|927307,1604,371849,1,0,0]
[2177219975:-906874,-29788,417760,0,1,0|998977,-16638,4334,0,0,0|927307,2094,372340,1,0,0]
[2177224975:-906874,-29298,418252,0,2,0|999467,-16638,3842,0,-1,0|927307,1604,372340,0,2,0]
[2177229975:-907857,-27829,418252,0,1,0|999957,-17128,3351,0,-1,0|927797,624,372340,0,0,0]
[2177234975:-908839,-27339,418252,0,-1,0|1000447,-17617,2859,-1,-1,0|928777,134,371849,0,0,0]
[2177239975:-909330,-27339,417760,0,0,0|1000447,-18107,1876,-1,-1,0|917013,4544,376274,3,6,0]
[2177244975:-908839,-27829,416283,0,2,0|1000447,-18596,892,0,-1,0|919464,4054,374799,2,0,0]
[2177249975:-908839,-26850,415791,0,3,0|1000447,-19086,400,0,-1,0|923385,2094,373324,1,-1,0]
[2177254975:-909330,-26850,416283,0,1,0|999957,-19086,-90,0,0,0|926326,624,371849,0,0,0]
[2177259975:-908839,-26850,417760,0,0,0|999957,-18596,-582,0,0,0|928287,-355,370865,0,2,0]
[2177264975:-908839,-27339,417268,0,0,0|999467,-18596,-582,0,0,0|928287,-845,369882,0,0,0]
[2177269975:-908839,-27339,416283,0,0,0|999467,-18596,-582,0,0,0|929758,-845,369882,1,0,0]
[2177274975:-908348,-27829,415791,0,1,0|999467,-18107,-90,0,0,0|929758,-355,369390,0,1,0]
[2177279975:-908839,-27339,416283,0,1,0|999957,-18107,892,0,0,0|929758,134,368898,0,0,0]
[2177284975:-908839,-26850,416776,0,0,0|999957,-18107,1384,0,1,0|929267,134,368898,1,-1,0]
[2177289975:-908839,-27339,417268,0,-1,0|999957,-18107,2367,0,1,0|929267,624,369882,0,0,0]
[2177294975:-908348,-28319,417760,0,0,0|999957,-17617,2859,0,0,0|928287,624,370865,0,0,0]
[2177299975:-907857,-28319,417760,0,0,0|999957,-17128,3351,0,0,0|927797,624,370865,0,0,0]
[2177304975:-907857,-28319,416776,0,0,0|999957,-16638,2859,0,-1,0|928287,624,370865,0,0,0]
[2177309975:-907857,-28809,416776,0,0,0|999957,-16638,3351,0,-1,0|928777,624,371357,0,1,0]
[2177314975:-908348,-29298,417760,0,1,0|999957,-16149,3351,0,0,0|928777,1604,371849,1,1,0]
[2177319975:-908348,-29788,418745,0,1,0|1000447,-16149,3842,0,0,0|928287,2094,372832,1,0,0]
[2177324975:-908348,-29788,418745,0,0,0|1000447,-15660,3842,0,0,0|928777,2094,373324,0,1,0]
[2177329975:-908348,-29788,418252,0,-1,0|1000938,-15170,4334,0,0,0|928777,2584,373324,0,0,0]
[2177334975:-905892,-29298,418745,-3,3,0|1000447,-14681,3842,0,0,0|928287,3074,372832,0,0,0]
[2177339975:-906383,-29298,418745,-1,2,0|999957,-14191,3351,0,-1,0|928287,3564,372340,0,0,0]
[2177344975:-907366,-29298,419237,0,1,0|999467,-14191,2859,0,-1,0|928287,4054,371357,0,0,0]
[2177349975:-907857,-30278,418745,0,0,0|999467,-13212,1876,0,0,0|928287,4544,371357,1,0,0]
[2177354975:-908348,-31257,418252,0,0,0|999467,-12723,1384,0,0,0|928287,5524,371357,0,0,0]
[2177359975:-908348,-32726,416776,0,1,0|999467,-12723,1384,0,0,0|928777,6014,371849,1,0,0]
[2177364975:-907857,-33706,416283,0,1,0|999957,-12234,1384,0,0,0|928287,6014,370865,0,0,0]
[2177369975:-908348,-33706,416283,0,1,0|999957,-11744,892,0,0,0|928777,6014,370374,1,0,0]
[2177374975:-909330,-34196,415791,0,1,0|999957,-11744,1384,0,0,0|929267,6504,369882,1,0,0]
[2177379975:-909330,-34196,416283,0,0,0|1000447,-11255,1876,0,0,0|929267,6504,370865,0,1,0]
[2177384975:-908839,-34196,416776,0,0,0|1000447,-11255,2367,0,0,0|929267,6504,370865,1,0,0]
[2177389975:-909330,-34196,416776,0,0,0|1000447,-11255,2367,0,0,0|929267,6504,370865,1,0,0]
[2177394975:-909330,-34196,416283,0,0,0|1000447,-10765,2367,0,0,0|929267,6504,370865,0,1,0]
[2177399975:-909330,-34196,416776,0,0,0|1000447,-11255,2367,0,0,0|929267,6504,370865,1,1,0]
[2177404975:-908839,-33706,416776,0,0,0|999957,-11744,1876,0,0,0|928777,6504,370865,0,0,0]
[2177409975:-908348,-34196,417268,0,0,0|999957,-11744,1876,0,0,0|928777,6504,371357,0,0,0]
[2177414975:-908348,-33706,417268,0,0,0|999957,-12234,1384,0,0,0|928777,6504,371357,0,0,0]
[2177419975:-908348,-33706,417268,0,0,0|999957,-12723,1384,0,0,0|928777,6014,371357,0,1,0]
[2177424975:-908348,-32726,416776,0,0,0|999957,-12723,1876,0,0,0|928287,5524,370865,1,0,0]
[2177429975:-908348,-32726,416776,0,0,0|999467,-13212,2367,0,0,0|927797,5034,370865,1,2,0]
[2177434975:-908348,-32237,417268,0,0,0|999467,-13702,2859,0,0,0|927797,4544,370865,1,0,0]
[2177439975:-908348,-31257,417268,0,0,0|999467,-14191,3351,0,0,0|927797,4054,371357,0,1,0]
[2177444975:-907857,-30767,417268,0,0,0|999957,-14681,3351,0,0,0|928287,3564,371849,0,0,0]
[2177449975:-907857,-30278,417268,0,0,0|999957,-15170,3351,0,0,0|928287,3074,371849,0,0,0]
[2177454975:-907857,-29788,417268,0,0,0|999957,-15660,3351,-1,0,0|928287,2584,371357,0,0,0]
[2177459975:-907857,-29298,417268,0,0,0|999467,-16149,3351,0,0,0|928777,2094,371357,1,0,0]
[2177464975:-908348,-28809,417760,0,2,0|999467,-16638,3351,0,0,0|928287,1604,371357,0,0,0]
[2177469975:-908348,-28319,417760,0,1,0|999467,-17128,2859,0,0,0|927797,1114,371357,1,0,0]
[2177474975:-908348,-27829,417268,0,1,0|999467,-17617,2859,0,0,0|928287,134,371357,1,-1,0]
[2177479975:-908348,-27829,416776,0,0,0|999467,-18107,2367,0,-1,0|928287,134,370865,0,0,0]
[2177484975:-908348,-27829,416776,0,1,0|999957,-18596,1876,0,-1,0|928287,134,370865,0,0,0]
[2177489975:-908839,-27339,416776,0,1,0|999957,-18596,892,0,0,0|928287,-355,370374,1,-1,0]
[2177494975:-909330,-26850,416776,0,0,0|999957,-18596,400,0,0,0|928777,-355,370374,1,0,0]
[2177499975:-909330,-26850,417268,0,0,0|999957,-18596,400,-1,0,0|929267,-355,370865,0,1,0]
[2177504975:-908839,-26850,417268,0,0,0|999957,-18596,400,0,0,0|930248,-845,370865,1,0,0]
[2177509975:-908839,-26850,416776,0,0,0|1000447,-18107,892,0,0,0|930248,-845,370865,1,0,0]
[2177514975:-909330,-26850,416776,0,0,0|1000447,-18107,892,0,0,0|930248,-845,370865,1,0,0]
[2177519975:-909330,-26850,417268,0,0,0|1000447,-18107,1876,0,0,0|929267,-845,370865,0,0,0]
[2177524975:-908839,-27339,417760,0,0,0|1000447,-17617,1876,0,0,0|928777,-355,370865,1,0,0]
[2177529975:-908348,-27829,417268,0,0,0|999957,-17128,1876,0,0,0|928287,134,370865,0,0,0]
[2177534975:-908348,-28319,416776,0,0,0|999467,-16638,2367,0,0,0|928287,1114,370865,0,0,0]
[2177539975:-907857,-28809,416776,0,0,0|999467,-16149,2859,0,0,0|927797,1604,370865,0,0,0]
[2177544975:-907857,-29298,417268,0,0,0|998977,-15660,3351,0,0,0|927797,2094,370865,0,0,0]
[2177549975:-907857,-29298,417268,0,0,0|998977,-15660,3842,0,0,0|927797,2094,371357,0,0,0]
[2177554975:-907857,-29788,417268,0,1,0|999467,-15660,3842,0,0,0|927307,2094,371357,1,0,0]
[2177559975:-907857,-30278,417268,0,1,0|999467,-14681,3351,0,-1,0|927307,2584,371357,1,0,0]
[2177564975:-907857,-30278,417268,0,1,0|999467,-14681,3351,0,0,0|927797,2584,370865,0,0,0]
[2177569975:-908348,-30278,417760,0,1,0|999957,-14681,3351,0,0,0|928287,2584,370865,0,0,0]
[2177574975:-908348,-30767,418252,0,1,0|999957,-14681,2859,0,-1,0|928287,3074,371357,1,0,0]
[2177579975:-908348,-31257,418252,0,1,0|999957,-14681,2859,0,0,0|928777,3564,371849,1,0,0]
[2177584975:-908839,-31257,417760,0,1,0|999957,-14191,2367,0,0,0|928777,3564,371849,1,1,0]
[2177589975:-909330,-31257,417760,0,0,0|1000447,-13702,1384,0,0,0|928777,4054,371357,1,0,0]
[2177594975:-909330,-31747,417268,0,0,0|999957,-13702,892,0,-1,0|928287,4544,370865,1,0,0]
[2177599975:-909330,-32237,416776,0,0,0|999957,-13212,892,0,0,0|928777,4544,370865,0,0,0]
[2177604975:-909330,-32237,416776,0,0,0|999957,-12723,892,0,0,0|928777,5034,371357,0,3,0]
[2177609975:-908839,-32726,417268,0,1,0|1000447,-12723,1384,0,0,0|928777,5034,371357,0,0,0]
[2177614975:-908839,-32726,416776,0,0,0|1000447,-12723,1384,0,0,0|929267,5524,370865,0,0,0]
[2177619975:-908839,-33216,416283,0,0,0|1000447,-12234,1876,0,0,0|928777,6014,370865,0,0,0]
[2177624975:-908348,-33706,416283,0,0,0|1000447,-12234,1876,0,0,0|928777,6014,370865,0,1,0]
[2177629975:-902945,-34685,413822,1,7,0|1000447,-12723,1384,0,-1,0|927307,8465,367423,-3,-6,0]
[2177634975:-883300,-31747,378869,1,87,0|1001428,-11744,1876,2,1,0|887601,8465,350213,-13,-109,-14]
[2177639975:-563577,31427,67736,-244,980,-15|1003880,-13702,14659,-9,27,0|682703,-9176,291208,34,-751,13]
[2177644975:31177,102928,-616557,-852,4171,2|1007802,-9297,37768,-14,109,0|216044,4054,-70201,19,-2894,-41]
[2177649975:204545,90685,-1164977,-439,6782,360|996525,-7829,16626,-2,127,-8|-169733,43748,-577158,69,-6116,-171]
[2177654975:-200143,-18524,-1239314,-232,7817,405|981816,-13702,-29099,-17,-1,-14|-73657,54039,-919391,91,-8287,-260]
[2177659975:-683903,-166423,-1072917,313,7534,239|982797,-22511,-28608,0,-136,-5|271435,49139,-990690,28,-9073,-294]
[2177664975:-881827,-270735,-843998,411,8144,-237|992603,-23001,22034,22,-138,8|589567,22186,-781219,-83,-9539,-289]
[2177669975:-797353,-106186,-657417,-6,9644,-409|1008292,-18107,71202,0,-52,1|965051,-1335,-267378,-25,-9409,-260]
[2177674975:-910804,67667,-415207,-386,10680,46|1018098,-13212,72677,-44,5,-10|1287105,-12606,144185,173,-8634,-234]
[2177679975:-1325806,95582,-24322,-138,9816,318|1015157,-14191,11709,-47,-15,9|1433181,6014,249412,138,-8095,-226]
[2177684975:-1612133,40732,225764,-26,8377,156|1006821,-11255,-36474,-52,-61,15|1524356,5034,195815,-83,-7602,-199]
[2177689975:-833205,484428,-172504,-297,8657,40|996525,-16149,-58108,0,-57,-2|1480239,38848,146644,-69,-6985,-187]
[2177694975:-970721,330163,-81429,-226,8601,37|983287,-16149,-44833,31,20,-16|1342986,24636,90097,23,-6886,-191]
[2177699975:-1145562,223402,17522,-343,8381,71|976423,-10276,-40408,9,79,0|1133186,14345,-64301,77,-7317,-188]
[2177704975:-1306652,135250,21953,-372,7922,244|995054,-10276,-47783,4,81,8|979757,-2805,-323926,66,-8003,-207]
[2177709975:-1358220,26530,-134105,-199,7507,358|1015647,-16149,-52700,35,36,0|919954,11895,-558965,81,-8451,-224]
[2177714975:-1199586,-20483,-491021,-429,8133,165|1025453,-16149,-33033,13,5,-3|929267,9935,-678451,128,-8687,-225]
[2177719975:-1112165,-40072,-679079,-664,9101,87|1022511,-16149,6301,-7,10,-1|1026815,32477,-616987,62,-8928,-235]
[2177724975:-1198113,-93453,-620003,-56,8778,313|1005841,-16149,39243,16,19,4|1137107,23166,-499467,70,-8783,-237]
[2177729975:-1204989,-107655,-652494,118,8631,229|992603,-16638,44160,7,0,8|1216518,11895,-438495,55,-8446,-210]
[2177734975:-1176503,-108145,-742093,-116,9066,31|991622,-18596,33343,-5,-20,2|1245929,27577,-422268,42,-8082,-196]
[2177739975:-1240841,-103737,-692863,-88,9093,-3|999467,-21043,24001,-8,-26,-9|1219459,40318,-459639,23,-7873,-188]
[2177744975:-1272764,-22442,-588496,-33,8739,57|1001918,-16149,21051,-25,-20,-7|1199851,30517,-485699,40,-7755,-199]
[2177749975:-1232492,71095,-556496,-255,8748,163|996525,-9297,19084,-15,-5,4|1209655,18266,-475865,78,-7460,-215]
[2177754975:-1198113,87746,-571758,-385,8812,199|987700,-9297,6792,25,9,7|1194459,13365,-463081,52,-7064,-198]
[2177759975:-1187308,83828,-560435,-839,8755,51|988190,-15170,-15332,22,-5,2|1193969,7975,-441937,51,-6473,-146]
[2177764975:-1405368,-11178,-278840,-570,7400,142|994564,-15660,-27624,22,-27,-4|1269948,13855,-374572,20,-5422,-98]
[2177769975:-1537972,-62600,-32199,-158,5749,198|1008783,-14191,-22707,19,-34,3|1441024,6504,-185754,-2,-3915,-50]
[2177774975:-1568913,-93943,79552,14,4622,195|1015157,-14191,5317,-14,1,7|1611609,11895,30108,-8,-2270,-36]
[2177779975:-1495244,-115981,53460,93,3967,142|1011234,-17128,24001,-18,50,3|1633668,26106,121566,-28,-941,-23]
[2177784975:-1365096,-115981,-10538,58,3337,31|1004370,-17128,15151,-5,57,-4|1482199,38848,17323,-21,-71,-30]
[2177789975:-1215793,-93453,-83398,0,2491,-105|994564,-18596,-7957,-2,11,-2|1234655,16305,-195588,0,522,-18]
[2177794975:-1123461,-71905,-120320,104,1519,-113|988680,-16638,-15824,3,-30,-1|1004266,13855,-391290,6,821,27]
[2177799975:-1068946,-31747,-157735,135,853,-73|985248,-14681,3351,1,-16,-4|870445,18756,-507826,-30,849,62]
[2177804975:-1052739,6941,-174473,85,405,-25|987700,-11255,31376,4,27,-2|814563,26106,-560932,-6,753,9]
[2177809975:-1006573,46609,-219272,8,-67,29|993583,-13212,38751,1,40,0|752309,19736,-632230,11,539,-10]
[2177814975:-905892,74034,-332009,-118,-483,68|1003389,-14681,24001,-7,8,0|677801,21206,-723689,13,328,-3]
[2177819975:-791460,77462,-473790,-248,-724,86|1008783,-13702,8267,-4,-36,-1|626331,27577,-789579,-10,170,15]
[2177824975:-718773,39753,-620495,-232,-704,72|1002409,-12723,11217,1,-40,1|639076,22676,-774335,-13,17,14]
[2177829975:-679974,-19504,-751939,-101,-425,17|993583,-14191,22034,2,-7,5|716526,13855,-680910,16,-48,-5]
[2177834975:-651980,-52316,-829229,20,-172,14|990641,-15170,18101,12,17,1|788093,23656,-595843,35,13,-24]
[2177839975:-625459,-60151,-867136,33,-84,0|998486,-16149,-2549,5,2,-6|806720,36397,-585026,12,119,-13]
[2177844975:-608760,-38603,-874521,7,-61,-22|1007802,-17617,-18774,-13,-21,-6|790054,34927,-619937,-19,170,9]
[2177849975:-632335,-11668,-830706,-2,-26,-13|1011234,-15660,-19266,-16,-21,0|766035,23166,-655341,-30,75,24]
[2177854975:-693234,-1384,-741600,2,-44,-2|1005841,-13702,-9432,-8,0,2|769466,17776,-647473,-8,-48,10]
[2177859975:-734980,-1873,-675632,18,-121,0|999957,-13702,-5007,5,13,1|784662,18756,-620921,17,-57,-13]
[2177864975:-725649,-2853,-672186,13,-168,-11|996525,-14191,-11399,11,7,0|786132,23166,-614528,15,9,-14]
[2177869975:-688814,2043,-709109,0,-145,-18|996525,-14681,-19757,3,-5,0|771427,22676,-630263,-5,58,3]
[2177874975:-668187,1554,-743570,-8,-63,-14|999467,-15660,-18282,-6,-4,0|755251,23656,-648948,-12,0,12]
[2177879975:-680465,-1384,-742093,-1,-2,-4|1002899,-15660,-6974,-5,4,-2|768486,26106,-636164,-11,-59,14]
[2177884975:-703548,-1873,-720924,7,-5,4|1004370,-14191,3842,-1,12,-2|798877,26596,-607153,0,-18,-2]
[2177889975:-710424,2533,-707632,5,-15,4|1003389,-12723,8759,6,11,1|810642,23166,-597318,4,48,-9]
[2177894975:-698146,5472,-712063,-4,-12,0|999957,-14191,5809,9,3,4|788583,17776,-618462,7,46,-9]
[2177899975:-682430,-894,-725355,-10,0,-7|997015,-15660,2859,4,-6,1|760152,19736,-642064,3,-17,2]
[2177904975:-683412,-9219,-726339,-4,11,-8|997015,-16638,4826,-4,-10,-2|758192,26596,-638622,-5,-52,11]
[2177909975:-703057,-9709,-710586,5,5,0|999957,-16149,10726,-9,-2,-4|785152,31497,-611086,-8,-15,6]
[2177914975:-722702,-1873,-690894,10,-7,9|1002409,-14191,13184,-7,6,0|808191,27577,-592893,-3,29,-5]
[2177919975:-720737,4002,-690401,4,-13,8|1001918,-13212,8267,0,8,4|803289,18756,-602236,5,28,-8]
[2177924975:-701583,574,-707140,-6,-1,-2|998977,-14681,1876,6,1,3|778780,17776,-626330,7,0,-1]
[2177929975:-688323,-6281,-720432,-8,13,-10|996035,-16149,-1074,6,-7,0|761623,23166,-637639,-1,-26,9]
[2177934975:-697654,-8240,-711078,-2,11,-8|995544,-15660,3842,-1,-5,-3|772897,28067,-622396,-5,-23,7]
[2177939975:-716317,-2853,-691878,4,-3,2|996035,-14681,12692,-6,4,-1|796426,25616,-598302,-4,4,0]
[2177944975:-721720,574,-685478,6,-16,7|997015,-14681,17609,-4,9,0|805740,21696,-590926,2,27,-6]
[2177949975:-706004,-1384,-702709,2,-10,2|998486,-14681,14659,0,1,0|788583,21696,-611086,5,21,-5]
[2177954975:-686359,-2853,-725847,-3,7,-5|1000938,-15660,7776,2,-13,0|764074,23656,-640098,2,-15,0]
[2177959975:-683412,-894,-731754,-4,18,-5|1002409,-16149,3351,-1,-20,-1|760152,24146,-646982,-3,-37,4]
[2177964975:-699619,574,-714524,0,13,1|1001918,-15660,2367,-6,-12,0|778780,23166,-627805,-3,-27,2]
[2177969975:-716808,-1873,-694340,5,-2,7|999957,-15660,1384,-4,0,0|799858,23656,-602236,0,6,-2]
[2177974975:-716808,-4322,-692371,7,-12,5|997996,-16149,-4024,0,6,0|799858,24636,-598302,2,28,-5]
[2177979975:-701092,-4322,-708616,2,-4,-2|997996,-16149,-10907,2,3,-1|781721,24636,-617970,2,11,-1]
[2177984975:-688814,-1384,-722893,-5,7,-8|1000447,-15660,-15332,2,-3,0|766525,22676,-638622,0,-14,3]
[2177989975:-694708,85,-721416,-7,7,-7|1002409,-15660,-11890,3,-3,0|769956,21696,-640098,-3,-22,5]
[2177994975:-708950,-404,-707140,-1,-4,-2|1002899,-15660,-4515,2,3,0|787603,21696,-621412,0,-1,1]
[2177999975:-714353,-1384,-700247,5,-14,3|1001918,-15170,1876,0,9,0|797897,22186,-608136,2,18,-2]
[2178004975:-704530,-1873,-708616,4,-12,3|1001918,-15170,2367,-3,6,0|791524,23166,-613545,2,18,-2]
[2178009975:-689305,-1873,-724370,0,0,0|1001918,-15170,-90,-4,-3,0|774368,24146,-631738,-2,0,1]
[2178014975:-686359,-2853,-726339,-5,10,-4|1001428,-14191,-582,-1,-8,0|765054,24636,-641573,-5,-20,5]
[2178019975:-697654,-2853,-712555,-3,8,-3|999467,-14191,2859,2,-4,0|773388,23656,-630263,-3,-17,3]
[2178024975:-713862,-3343,-693847,0,-4,0|997506,-14681,7284,2,4,0|790054,22676,-609611,2,0,0]
[2178029975:-717300,-3832,-689417,3,-12,2|997506,-14191,8267,0,9,0|798387,23166,-597810,4,17,-3]
[2178034975:-707477,-4812,-700247,1,-7,0|997996,-14191,6301,-1,5,0|790544,24636,-606169,0,16,-1]
[2178039975:-696181,-5301,-713539,-2,3,-4|998977,-14681,5809,-1,-1,0|776819,25616,-621904,-3,-2,2]
[2178044975:-695199,-4322,-714524,-2,7,-4|999467,-14191,7776,0,-7,-1|771917,24636,-628788,-2,-16,3]
[2178049975:-703548,-1873,-706155,0,1,-1|999957,-14191,10726,1,-5,0|780250,23166,-621904,1,-12,0]
[2178054975:-709441,85,-700740,1,-4,3|1000447,-14191,10726,0,0,0|791034,21696,-612070,3,5,-4]
[2178059975:-706495,-894,-705170,2,-4,3|1000938,-14191,7284,-1,0,0|791034,22186,-612070,2,11,-3]
[2178064975:-699128,-2853,-714524,1,1,0|1000938,-14681,1876,-3,-3,0|782701,24146,-621412,-1,-1,0]
[2178069975:-696181,-4322,-717970,0,6,-2|1000938,-15170,-2057,-3,-6,-1|775348,25616,-628296,-2,-14,4]
[2178074975:-701583,-3343,-710586,-2,3,-2|999957,-14681,-3040,0,-3,0|780250,24146,-622888,-1,-8,2]
[2178079975:-708950,-1873,-699755,-1,-3,0|998486,-14681,-2057,3,2,0|787113,22186,-614037,2,5,-1]
[2178084975:-709441,-2363,-698770,0,-8,0|997996,-15170,-1565,4,5,0|787603,22186,-612070,4,10,-2]
[2178089975:-702075,-4322,-708616,0,-4,0|998977,-15660,-2057,1,4,0|781721,24146,-618462,1,4,0]
[2178094975:-694708,-4812,-718955,0,1,-3|1000938,-14681,-1565,-2,-1,0|776329,25616,-627313,-2,-4,3]
[2178099975:-695199,-3343,-719939,-1,3,-2|1002409,-14191,892,-3,-4,0|777799,25126,-628788,-4,-7,2]
[2178104975:-701583,-1873,-712063,0,0,1|1001428,-13702,3842,-2,-3,0|782701,23656,-623379,-1,-3,0]
[2178109975:-705512,-1873,-705170,1,-3,2|999467,-13212,4334,0,0,0|785152,22676,-618462,3,2,-1]
[2178114975:-703057,-3343,-707140,1,-3,0|998486,-13702,892,1,0,0|782701,23656,-618954,3,4,-1]
[2178119975:-698146,-4322,-713047,0,0,-1|998977,-14191,-3040,-1,-1,0|778289,24636,-623379,0,0,1]
[2178124975:-698637,-4322,-714032,-1,1,-2|999957,-14191,-4515,-2,-1,0|778289,24636,-624363,-3,-7,3]
[2178129975:-704039,-3832,-708616,-1,-1,-2|1000447,-14191,-2549,-1,1,0|783681,24146,-620429,-1,-3,2]
[2178134975:-708459,-3343,-703201,0,-6,0|1000447,-14191,400,1,4,0|789074,23656,-614528,1,7,0]
[2178139975:-707477,-2363,-703693,0,-7,0|999957,-13702,2367,2,6,0|787603,23166,-615512,3,11,-1]
[2178144975:-701092,-1873,-710093,-1,-3,-1|999957,-14191,2859,1,2,0|780740,22676,-621904,2,2,0]
[2178149975:-696672,-2363,-715509,-2,1,-2|1000447,-14681,3842,-1,-1,0|776819,23656,-625838,0,-7,2]
[2178154975:-698637,-3343,-713539,0,2,-1|999957,-14681,6301,-3,-2,0|779760,24636,-621904,-3,-7,3]
[2178159975:-705512,-3832,-706155,2,-1,0|999467,-14681,9251,-2,-1,0|786132,24636,-614037,-1,0,1]
[2178164975:-708459,-2853,-701232,2,-4,1|997996,-14191,10234,-1,1,0|788093,23656,-610103,1,5,-1]
[2178169975:-705512,-2363,-703693,1,-2,0|997506,-14681,8759,0,0,0|783681,22676,-614037,3,2,-1]
[2178174975:-700110,-2853,-709109,-1,2,-2|997015,-14681,6301,0,-2,0|777799,23166,-619937,0,-4,0]
[2178179975:-699128,-3343,-710586,-2,4,-3|997506,-15170,4826,0,-4,-1|777309,24146,-620921,-2,-8,2]
[2178184975:-704039,-2853,-706155,0,1,-1|997996,-15660,5809,-1,-2,-1|783191,23656,-616004,-1,-5,1]
[2178189975:-707968,-1384,-702217,1,-2,1|998977,-16149,7284,0,0,-1|788583,22186,-611578,0,2,-1]
[2178194975:-706495,-404,-704186,2,-3,1|999467,-16149,6792,0,0,0|787113,21696,-614037,1,6,-2]
[2178199975:-700110,-404,-711570,0,1,0|1000447,-16638,4334,0,-3,0|780740,21696,-622888,0,0,0]
[2178204975:-695690,-404,-716986,0,5,-1|1001428,-16638,1384,0,-6,0|775839,21696,-629280,0,-10,0]
[2178209975:-698146,85,-715509,0,5,-1|1001918,-17128,-90,-1,-6,0|778289,21696,-627805,-1,-11,1]
[2178214975:-704039,85,-709109,0,0,0|1001918,-17128,-582,-2,-3,0|785642,21206,-619937,0,-2,0]
[2178219975:-707477,-404,-705170,1,-3,2|1001428,-17128,-1565,-1,0,0|788583,21206,-615512,0,7,0]
[2178224975:-705021,-1384,-706647,1,-4,0|1000447,-17128,-4024,-1,2,0|785152,21696,-618462,0,6,0]
[2178229975:-699619,-1873,-711570,0,0,-2|1000447,-16638,-5499,0,1,0|779270,22186,-625346,0,-1,1]
[2178234975:-698146,-1873,-713539,-2,1,-3|1000447,-16638,-5007,1,0,0|777309,22676,-627805,-1,-5,2]
[2178239975:-701583,-1873,-710093,-1,0,-3|999957,-15660,-2549,1,0,0|781231,22676,-623379,0,-2,1]
[2178244975:-705512,-1873,-706155,0,-3,0|999957,-15660,1384,0,1,0|786132,22676,-617479,1,4,0]
[2178249975:-705512,-2363,-706155,1,-5,1|1000447,-15170,3351,0,2,0|786132,23656,-616495,1,8,0]
[2178254975:-700601,-3343,-711078,0,-2,0|1000447,-14191,3842,0,1,0|781231,24146,-621412,0,3,0]
[2178259975:-697163,-3343,-714524,0,1,-1|1000447,-13702,2859,0,-2,0|776819,24636,-626330,0,-4,1]
[2178264975:-698637,-2853,-712555,-1,2,-1|999957,-13212,2859,0,-3,0|777799,24146,-625346,0,-8,1]
[2178269975:-703548,-3343,-706647,0,0,0|999467,-13212,3351,0,-2,0|783191,24636,-618954,0,-3,0]
[2178274975:-706986,-3832,-702709,0,-3,0|998977,-13212,3842,0,1,0|787603,24636,-613545,0,4,0]
[2178279975:-705512,-4322,-704186,0,-4,0|998977,-13702,2859,0,2,0|786623,24636,-614037,0,5,0]
[2178284975:-702075,-4322,-708616,0,-1,-1|999467,-13702,2367,0,1,0|783191,25126,-618462,-1,0,1]
[2178289975:-700601,-4322,-710586,-1,1,-2|999957,-13702,2859,0,-1,0|780740,24636,-621904,0,-4,2]
[2178294975:-702566,-3832,-709109,0,0,-1|999957,-13702,4334,0,0,0|782701,24636,-619937,0,-3,1]
[2178299975:-705512,-3343,-705663,0,-1,0|999957,-13702,5809,0,0,0|785642,24146,-616004,0,1,0]
[2178304975:-706004,-2363,-705663,0,-2,0|999957,-14191,6792,0,0,0|786132,23656,-615512,1,2,0]
[2178309975:-703057,-2853,-708124,0,0,0|999957,-14191,5809,0,-1,0|783191,24146,-617970,0,0,0]
[2178314975:-700601,-3343,-711078,0,1,-1|999467,-14191,4334,-2,-3,0|779760,24636,-621412,0,-3,1]
[2178319975:-701092,-3343,-710093,0,2,-1|998977,-13702,3842,0,-4,0|779270,24636,-621412,-1,-5,0]
[2178324975:-703548,-2853,-706647,0,0,0|998486,-13702,3842,0,-3,-1|781721,23656,-618462,0,-3,0]
[2178329975:-705021,-2853,-705170,0,-2,0|998486,-14191,2367,0,0,0|784172,23166,-616004,1,0,-1]
[2178334975:-703548,-2853,-707140,0,-1,0|999467,-14681,400,0,0,0|783681,23166,-616987,1,1,0]
[2178339975:-700601,-3343,-711078,0,0,-1|1000447,-14681,-1074,-1,0,0|781231,23656,-620921,0,0,0]
[2178344975:-699619,-3343,-713539,0,1,-1|1000938,-14681,-1565,-1,-1,0|780250,23656,-623871,0,-3,1]
[2178349975:-701092,-2853,-712063,0,0,-1|1000938,-14681,-1074,-1,-1,0|781721,23166,-623379,0,-3,0]
[2178354975:-703057,-1873,-710093,0,-2,0|1000938,-14681,-90,0,0,0|783681,22676,-620921,0,0,0]
[2178359975:-703057,-2363,-709109,0,-2,0|1000938,-15170,400,0,0,0|784172,22676,-619937,0,2,0]
[2178364975:-701583,-2853,-710586,0,0,0|1000447,-15170,400,0,0,0|782211,23166,-621904,0,0,0]
[2178369975:-700601,-2853,-711570,0,0,-1|1000447,-14681,400,-1,0,0|781231,23656,-622888,-1,-2,1]
[2178374975:-701583,-2853,-710093,0,0,-1|1000447,-14191,892,-1,0,0|782211,23656,-621412,0,-2,1]
[2178379975:-704039,-2853,-706647,0,-1,-1|999957,-14191,2367,0,0,0|784172,23656,-618954,0,1,0]
[2178384975:-705021,-2853,-705170,0,-3,0|999957,-14191,2859,0,1,0|784662,23166,-617479,1,2,0]
[2178389975:-703057,-2853,-706647,0,-2,0|999467,-14191,2859,0,1,0|783681,23656,-618954,1,1,0]
[2178394975:-701092,-2853,-709109,0,0,0|999957,-14681,2859,0,0,0|781721,24146,-621412,0,-1,0]
[2178399975:-701092,-2853,-710093,0,0,-1|1000447,-14681,2859,0,0,0|781721,24146,-621904,0,-2,0]
[2178404975:-703057,-2363,-708124,0,0,0|1000447,-15170,3351,0,0,0|783681,23656,-619937,0,-1,0]
[2178409975:-705021,-1873,-706647,0,-2,0|1000447,-15170,3842,0,0,0|785152,23166,-617479,0,0,0]
[2178414975:-704530,-1873,-707140,0,-2,0|999957,-15170,3842,0,0,0|784662,23166,-617479,0,2,0]
[2178419975:-702075,-1873,-709109,0,0,-1|999467,-15170,2859,0,0,0|782211,23166,-619446,0,0,0]
[2178424975:-700601,-1873,-710586,0,0,-1|999467,-15660,1876,0,0,0|780250,23166,-620921,0,-2,1]
[2178429975:-701092,-1873,-709601,0,0,-1|999467,-16149,2367,-1,0,0|781231,22676,-619937,-1,-1,1]
[2178434975:-702566,-1384,-708124,0,-1,0|999467,-16149,2859,0,0,0|783191,22186,-617479,0,0,0]
[2178439975:-701583,-894,-708616,1,-1,0|999467,-16638,3351,0,0,0|783191,21696,-617970,0,2,0]
[2178444975:-700601,-894,-710586,0,0,0|999467,-16638,3351,0,0,0|781721,21206,-620429,1,0,0]
[2178449975:-700601,-894,-710586,-1,1,0|999467,-16638,2367,0,-2,0|780250,21696,-622396,0,-2,0]
[2178454975:-703057,-1384,-709109,-1,1,-1|999957,-16638,1876,-1,-3,0|780740,22186,-621904,0,-3,0]
[2178459975:-704530,-1384,-707140,0,0,-1|999957,-16638,1876,0,-2,0|783191,22676,-619937,0,-1,0]
[2178464975:-704039,-1873,-708124,0,-1,0|999957,-16149,1876,0,0,0|784172,22676,-618462,0,0,0]
[2178469975:-702075,-2363,-709601,0,-1,0|999957,-16149,892,0,0,0|783681,22676,-618954,0,1,-1]
[2178474975:-701092,-2853,-711570,0,0,-1|999957,-15660,400,0,0,0|781721,23166,-621412,0,0,0]
[2178479975:-702075,-3343,-711078,0,0,-1|999957,-15170,-90,0,-1,0|781231,23166,-622396,-1,-2,0]
[2178484975:-704039,-3343,-708616,0,0,-1|1000447,-14681,400,0,-1,0|782701,23166,-620921,0,-1,0]
[2178489975:-705021,-3343,-707632,0,-1,0|1000447,-14681,1384,0,0,0|784172,23166,-619446,0,0,0]
[2178494975:-703548,-3343,-708616,0,-2,0|1000938,-14191,1876,0,0,0|784662,23656,-617970,0,1,0]
[2178499975:-701583,-3343,-710093,0,-1,0|1000938,-14191,2367,0,0,0|783681,23656,-619446,0,0,0]
[2178504975:-701583,-3832,-710093,0,0,0|1000447,-13702,2859,0,0,0|782211,24146,-620921,0,-2,0]
[2178509975:-702566,-4322,-708616,0,0,0|999957,-13702,3351,0,-1,0|781721,24146,-620921,0,-2,0]
[2178514975:-703548,-4322,-707140,0,0,0|999957,-13212,3842,0,-1,0|782701,24636,-619446,0,-2,0]
[2178519975:-703057,-4812,-707140,0,0,0|999467,-12723,4334,0,-1,0|783191,24636,-617970,0,0,0]
[2178524975:-701583,-4812,-708616,0,-1,0|998977,-13212,3842,-1,0,0|782701,24636,-617970,0,0,0]
[2178529975:-701092,-4812,-710093,0,0,0|998977,-13212,2859,-1,-1,0|781721,25126,-619446,0,-1,0]
[2178534975:-701583,-4322,-709109,0,0,0|999467,-13212,1384,-1,-1,0|780740,25616,-620921,-1,-3,0]
[2178539975:-702566,-3832,-708616,0,0,0|999957,-13212,892,0,-1,0|781231,25126,-620429,0,-3,0]
[2178544975:-703057,-2853,-708124,0,0,0|1000447,-13702,-90,0,-1,0|782701,24636,-619446,0,-1,0]
[2178549975:-702566,-2853,-708616,0,-1,0|1000938,-14191,-90,0,0,0|783681,24146,-618954,0,0,0]
[2178554975:-702075,-2363,-710586,0,-1,0|1000938,-14681,-90,0,0,0|783191,24146,-619937,0,0,0]
[2178559975:-702075,-2363,-711078,0,-1,0|1000938,-14681,400,0,0,0|782211,24146,-621412,0,0,0]
[2178564975:-702566,-1873,-710093,0,0,0|1000938,-15170,1384,0,-1,0|782211,23656,-621904,0,-1,0]
[2178569975:-703057,-1873,-708616,0,0,0|1000447,-15170,1876,-1,0,0|782701,23656,-620921,0,0,0]
[2178574975:-702566,-1873,-708124,0,-1,0|1000447,-15170,1876,-1,0,0|783681,23656,-619937,0,0,0]
[2178579975:-702075,-2363,-708616,0,-1,0|999957,-15170,1876,0,0,0|783191,23656,-619446,0,0,0]
[2178584975:-701583,-2853,-709109,0,0,0|999467,-15170,1876,0,0,0|781721,24146,-620429,0,0,0]
[2178589975:-701583,-2853,-708616,0,0,0|999467,-15170,2367,-1,-1,0|781231,24146,-620921,0,-1,0]
[2178594975:-702566,-2853,-707632,0,0,0|999467,-15170,2859,0,-1,0|782211,24146,-620429,0,-1,0]
[2178599975:-703057,-2853,-707632,0,-1,0|998977,-15170,2859,0,-1,0|783191,24146,-618954,0,0,0]
[2178604975:-702075,-2853,-708124,0,-1,0|998977,-14681,2367,0,0,0|783191,24146,-618954,0,0,0]
[2178609975:-701583,-2853,-709109,0,-2,0|999467,-14681,1876,0,0,0|782701,24146,-619446,0,0,0]
[2178614975:-701583,-2853,-709109,0,0,0|999957,-14191,1876,0,0,0|781721,24146,-620429,0,-1,0]
[2178619975:-702566,-2853,-708616,0,0,0|999957,-14191,1876,-1,-1,0|782211,24146,-619937,0,-1,0]
[2178624975:-703548,-2363,-708124,0,-1,0|999957,-14681,2367,0,0,0|782701,23656,-619446,0,0,0]
[2178629975:-703548,-2853,-708124,0,-1,0|999957,-14681,2367,0,0,0|783681,23656,-619446,0,0,0]
[2178634975:-702566,-2853,-708616,0,-2,0|999467,-14681,1876,0,0,0|783191,23656,-619446,0,0,0]
[2178639975:-702075,-2853,-708616,0,-1,0|999467,-14681,1876,0,0,0|782701,23656,-619937,0,0,0]
[2178644975:-702075,-2853,-708124,0,0,0|999467,-14681,2367,0,0,0|782701,23166,-620429,0,0,0]
[2178649975:-702566,-2853,-707632,0,0,0|999467,-14681,2859,0,0,0|783681,23166,-619446,0,0,0]
[2178654975:-702566,-2853,-707632,0,-1,0|999467,-15170,2859,0,0,0|784172,23166,-618954,0,0,0]
[2178659975:-702075,-2363,-708124,0,-1,0|999467,-15170,2859,0,0,0|783681,23166,-618954,0,0,0]
[2178664975:-701583,-2363,-708616,0,-1,0|999467,-15170,2367,0,0,0|782211,23656,-619446,0,0,0]
[2178669975:-701583,-1873,-709109,0,0,0|999467,-15170,2367,-1,0,0|781721,23166,-620429,0,-1,0]
[2178674975:-702566,-1873,-708616,0,0,0|999957,-15170,2367,-1,0,0|781721,23656,-619937,-1,-1,0]
[2178679975:-703057,-1873,-708124,0,0,0|999467,-15170,2367,-1,0,0|782211,23166,-619446,0,0,0]
[2178684975:-703057,-1384,-708124,0,0,0|999467,-15660,2367,0,-1,0|782701,22676,-619446,0,0,0]
[2178689975:-702566,-894,-709109,0,0,0|999957,-16149,2859,0,-1,0|782701,22186,-619937,1,0,0]
[2178694975:-702075,-1384,-709601,0,0,0|1000447,-16149,2367,0,-1,0|782701,22186,-620921,1,-1,0]
[2178699975:-702566,-1384,-709109,0,-1,0|1000938,-16149,2367,0,-1,0|783191,22186,-620921,0,-1,0]
[2178704975:-703057,-1384,-708616,0,-1,0|1000938,-16149,2367,0,0,0|783681,22186,-620429,0,0,0]
[2178709975:-703057,-1384,-708616,0,-1,0|1000447,-16149,1876,0,0,0|783681,22676,-619937,0,0,0]
[2178714975:-702566,-1873,-709109,0,-1,0|999957,-15660,1876,0,0,0|783191,22676,-619937,0,0,0]
[2178719975:-701583,-2363,-709601,0,-1,0|999467,-15170,1384,0,0,0|782701,23166,-620429,0,0,0]
[2178724975:-701583,-2363,-709109,0,-1,0|999467,-14681,1384,0,-1,0|781721,23656,-620429,0,0,0]
[2178729975:-702075,-2853,-708616,0,0,0|999467,-14681,1384,0,0,0|781721,23656,-620429,0,-2,0]
[2178734975:-702566,-2853,-708124,0,-1,0|999467,-14681,1384,0,0,0|782701,23656,-619446,0,-1,0]
[2178739975:-702566,-2853,-708124,0,-1,0|999467,-14681,1876,0,0,0|783191,24146,-618954,0,0,0]
[2178744975:-702566,-2853,-708616,0,-1,0|999467,-14191,1876,0,0,0|783191,24146,-619446,0,0,0]
[2178749975:-702075,-2853,-709109,0,-1,0|999957,-14191,2859,-1,0,0|782701,24146,-619937,0,0,0]
[2178754975:-702566,-3343,-708616,0,0,0|1000447,-14191,3351,-1,0,0|782211,24146,-620429,0,-1,0]
[2178759975:-703057,-2853,-708124,0,0,0|1000938,-14191,3842,0,0,0|782211,24146,-619937,0,-1,0]
[2178764975:-703548,-3343,-708124,0,-1,0|1000938,-14191,3842,0,0,0|782701,24146,-619937,0,0,0]
[2178769975:-703057,-3343,-708616,0,-1,0|1000447,-14681,3842,-1,0,0|783191,24146,-619446,0,0,0]
[2178774975:-702566,-3832,-709109,0,-1,0|1000447,-14191,3351,-1,-1,0|782701,24146,-619937,0,-1,0]
[2178779975:-702566,-3343,-709109,0,0,0|999957,-14681,2367,0,-1,0|782701,24146,-619937,0,-1,0]
[2178784975:-702566,-2853,-708616,0,0,0|999957,-14681,1384,0,0,0|782211,24146,-619937,0,0,0]
[2178789975:-703057,-2853,-708616,0,0,0|999467,-14681,892,0,0,0|782701,23656,-619937,0,0,0]
[2178794975:-702566,-2853,-708616,0,0,0|999467,-14681,892,-1,0,0|782701,23656,-619937,0,0,0]
[2178799975:-702566,-2853,-709109,0,-1,0|999957,-15170,892,-1,0,0|763584,23166,-628296,0,1,0]
[2178804975:-702075,-2853,-709601,0,-1,0|999957,-15170,892,0,0,0|767505,23656,-627805,1,0,0]
[2178809975:-702566,-2853,-709109,0,-1,0|999957,-14681,892,0,0,0|773388,24146,-625838,1,-1,0]
[2178814975:-702566,-2853,-709109,0,-1,0|999957,-14191,892,0,0,0|778289,24146,-622888,0,0,0]
[2178819975:-703057,-2853,-708616,0,-1,0|999957,-14191,892,0,0,0|781721,24146,-621412,0,0,0]
[2178824975:-703057,-2853,-708616,0,-2,0|999957,-14191,1384,0,0,0|783191,23656,-619937,0,0,0]
[2178829975:-703057,-2853,-708616,0,-2,0|999957,-14681,1876,0,0,0|783681,23656,-619937,0,0,0]
[2178834975:-703057,-2853,-708124,0,-1,0|999957,-14681,2367,0,0,0|783681,23656,-619937,0,0,0]
[2178839975:-703057,-2853,-708124,0,-1,0|999957,-14681,2859,-1,0,0|783681,23656,-619937,0,0,0]
[2178844975:-702566,-2853,-708616,0,-1,0|999957,-14681,2859,-1,0,0|783191,23656,-619446,0,0,0]
[2178849975:-702566,-2853,-708616,0,-2,0|999467,-14191,2367,-1,0,0|783191,23656,-619446,0,0,0]
[2178854975:-702566,-2853,-709109,0,-1,0|999467,-14681,1876,0,0,0|782701,23656,-619446,0,0,0]
[2178859975:-702075,-2853,-709109,0,0,0|999957,-14681,1384,0,0,0|782701,23656,-619937,0,0,0]
[2178864975:-702075,-2853,-709109,0,0,0|999957,-14681,1384,0,0,0|782701,23656,-619937,0,0,0]
[2178869975:-702566,-2853,-708616,0,-1,0|999957,-14681,1384,0,0,0|782701,24146,-619446,0,0,0]
[2178874975:-702566,-3343,-708616,0,-1,0|999467,-14681,1384,0,0,0|782701,24146,-619937,0,0,0]
[2178879975:-702566,-3343,-709109,0,-1,0|999467,-14681,1384,0,0,0|782211,24146,-619937,0,0,0]
[2178884975:-702566,-3343,-709601,0,-1,0|999467,-14681,1876,0,0,0|781721,23656,-620429,0,0,0]
[2178889975:-702566,-3343,-709601,0,-1,0|999467,-14681,1876,-1,0,0|781721,23656,-620429,0,0,0]
[2178894975:-702566,-2853,-709109,0,-1,0|999467,-14681,1876,-1,0,0|781721,23656,-620429,0,-1,0]
[2178899975:-702566,-2363,-709109,0,-2,0|999467,-14681,1876,-1,0,0|782211,23166,-619937,0,-1,0]
[2178904975:-703057,-2363,-708616,0,-1,0|999467,-15170,1876,0,0,0|782701,23166,-619937,0,0,0]
[2178909975:-702566,-2363,-709109,0,-1,0|999957,-15170,1876,0,0,0|782701,23166,-620429,0,0,0]
[2178914975:-702566,-2363,-708616,0,-1,0|999467,-15660,1876,0,0,0|782701,23166,-620429,0,0,0]
[2178919975:-702566,-2363,-708616,0,-1,0|999467,-15660,2367,0,0,0|782701,23166,-619937,0,0,0]
[2178924975:-702566,-1873,-708124,0,-1,0|999467,-16149,2859,0,0,0|782701,22676,-619446,0,0,0]
[2178929975:-702566,-1873,-708616,0,-1,0|999467,-16149,2859,0,0,0|783191,22186,-619446,0,0,0]
[2178934975:-702075,-1873,-709109,0,-1,0|999957,-16149,2859,-1,0,0|783191,22186,-619937,0,0,0]
[2178939975:-702566,-1873,-709109,0,0,0|999957,-16149,3351,0,-1,0|783681,21696,-619937,0,0,0]
[2178944975:-702566,-1873,-708616,0,0,0|999467,-16149,3351,0,-1,0|783191,22186,-619937,0,0,0]
[2178949975:-702566,-1873,-708124,0,0,0|999467,-16149,3351,0,-1,0|782701,22186,-619446,0,-2,0]
[2178954975:-703057,-1873,-708124,0,-1,0|999467,-16149,3351,0,0,0|783191,22186,-618462,0,-1,0]
[2178959975:-703057,-1873,-708124,0,-1,0|999467,-16149,2859,0,0,0|782701,22186,-618954,0,0,0]
[2178964975:-702566,-2363,-707632,0,0,0|999467,-15660,2859,0,0,0|782701,22186,-619446,0,0,0]
[2178969975:-702566,-2363,-707632,0,0,0|999467,-15660,2859,0,0,0|783191,22676,-619937,0,0,0]
[2178974975:-702566,-2363,-707632,0,-1,0|999957,-15170,2859,0,0,0|783681,23166,-619937,0,0,0]
[2178979975:-703057,-2363,-708124,0,0,0|999957,-15170,2859,0,-1,0|783681,23166,-620429,0,0,0]
[2178984975:-702566,-2853,-708616,0,0,0|1000447,-14681,2859,0,-1,0|783191,23656,-620429,0,0,0]
[2178989975:-702566,-3343,-708616,0,0,0|999957,-14191,2859,0,0,0|782701,23656,-620921,0,0,0]
[2178994975:-702075,-3343,-708616,0,0,0|999957,-14191,2367,0,-1,0|782701,23656,-620921,0,0,0]
[2178999975:-702075,-3343,-708616,0,0,0|999957,-13702,1876,0,0,0|782701,24146,-620921,0,-1,0]
[2179004975:-702075,-3832,-708616,0,0,0|999467,-13702,892,0,0,0|782701,24146,-620429,0,-1,0]
[2179009975:-702075,-3832,-708616,0,0,0|999957,-13212,400,0,0,0|782211,24636,-620429,0,0,0]
[2179014975:-702566,-3832,-709109,1,0,0|999957,-13212,-90,0,0,0|782211,25126,-620429,0,0,0]
[2179019975:-702566,-3343,-709109,0,-1,0|999957,-13702,-90,0,0,0|782211,25126,-620429,0,0,0]
[2179024975:-702566,-3343,-709109,0,-1,0|999957,-13702,400,0,0,0|782211,24636,-620429,0,0,0]
[2179029975:-702566,-3343,-709109,0,-1,0|999957,-14191,892,0,0,0|782211,24146,-620429,0,0,0]
[2179034975:-702566,-3343,-709601,0,-1,0|999467,-14191,1384,0,0,0|782701,24146,-620429,0,0,0]
[2179039975:-703057,-2853,-709601,0,-1,0|999957,-14681,1384,0,0,0|782701,24146,-620429,0,0,0]
[2179044975:-703057,-2853,-709601,0,-1,0|999957,-14681,1384,0,0,0|782701,23656,-620429,0,0,0]
[2179049975:-703057,-2363,-709601,0,-1,0|999957,-14681,1384,0,0,0|782701,23656,-619937,0,0,0]
[2179054975:-703057,-2363,-709601,0,-1,0|1000447,-14681,1384,0,0,0|782701,23656,-619937,0,0,0]
[2179059975:-703057,-2853,-709109,0,-2,0|999957,-15170,1384,0,0,0|782701,23656,-619446,0,0,0]
[2179064975:-702566,-2853,-709109,0,-1,0|999467,-15170,1384,0,0,0|782211,23656,-619937,0,0,0]
[2179069975:-702566,-2853,-708616,0,-1,0|999467,-15170,1384,0,0,0|782211,23166,-619937,0,0,0]
[2179074975:-702566,-3343,-708616,0,-1,0|999467,-14681,1876,0,0,0|782211,23166,-619446,0,0,0]
[2179079975:-702566,-3343,-708616,0,-2,0|999467,-14681,2367,0,0,0|782211,23166,-619446,0,0,0]
[2179084975:-702566,-3343,-709109,0,-1,0|999957,-15170,2859,0,0,0|782211,23166,-619937,0,0,0]
[2179089975:-702566,-3343,-709109,0,0,0|999467,-15170,2859,0,0,0|782211,23166,-619937,0,0,0]
[2179094975:-702566,-2853,-709109,0,0,0|999467,-15170,2859,-1,-1,0|782211,23166,-619937,0,0,0]
[2179099975:-703057,-2853,-709109,0,-1,0|999467,-15170,2859,0,-1,0|782701,23166,-619446,0,0,0]
[2179104975:-702566,-2853,-709109,0,0,0|999957,-14681,2859,0,-2,0|782701,23166,-619446,0,-1,0]
[2179109975:-702566,-2853,-708616,0,0,0|999957,-14191,2859,0,-1,0|782701,23166,-619937,0,-1,0]
[2179114975:-702566,-3343,-708616,0,-1,0|999957,-14191,2367,0,-1,0|782701,23656,-620429,0,0,0]
[2179119975:-702566,-3343,-709109,0,-1,0|1000447,-14681,1876,0,-1,0|783191,23656,-620921,0,0,0]
[2179124975:-713371,-5791,-687940,3,-39,0|1000938,-15170,1876,0,0,0|802309,26106,-612562,0,0,0]
[2179129975:-774761,-18524,-603265,17,-297,-27|1003880,-16149,-1074,-2,-5,0|861621,6014,-560932,7,46,0]
[2179134975:-1109710,-124306,-169550,309,-1608,-77|1012215,-17128,-7957,-3,-21,0|1082696,-1335,-387848,53,438,0]
[2179139975:-1594943,-71905,522127,684,-5215,-99|1023982,-12723,-25166,1,-85,0|1082696,-1335,-387848,68,1658,64]
[2179144975:-1878323,-9219,809629,292,-7564,-62|1013195,-10276,-15824,19,-107,0|2379244,203504,36500,-72,4041,184]
[2179149975:-1814477,74034,605326,-21,-7914,-151|995054,-12723,20068,23,-14,25|2248364,218695,65019,16,8443,221]
[2179154975:-1737370,66688,386745,-485,-7868,-207|975442,-12234,31376,-13,99,23|1953270,220655,-71185,58,8686,168]
[2179159975:-1709376,-34685,179488,-68,-9219,-82|969558,-11744,-2549,-14,124,-4|1584649,176551,-382931,97,9253,97]
[2179164975:-1623920,-107165,-166596,260,-10383,-82|977894,-18107,-51225,9,44,-19|1194949,106964,-745816,15,9851,157]
[2179169975:-1433362,-131162,-591450,365,-10559,-233|985738,-18596,-55650,-3,-14,-15|977306,54529,-864319,-63,9791,248]
[2179174975:-1142124,-65538,-984303,189,-9429,-332|998486,-11255,-4515,-2,18,-4|924365,13365,-791545,-170,9222,299]
[2179179975:-1032112,-62600,-1075871,260,-8388,-278|1010253,-6850,53502,23,75,4|883680,-10646,-757617,-63,8736,222]
[2179184975:-1006573,28979,-983811,438,-8430,-80|1017118,-12723,65794,12,49,6|877307,624,-782203,25,8195,173]
[2179189975:-985946,101459,-918828,126,-8408,33|1018589,-11744,49077,-16,-45,0|887111,10425,-766468,12,7829,175]
[2179194975:-1005591,43181,-863690,67,-8087,-41|1012215,-13212,42193,-4,-91,4|913091,18266,-612070,-45,7596,199]
[2179199975:-1081716,-37134,-700247,207,-7792,-165|1003389,-19575,47110,-21,-63,4|992502,17776,-388832,-100,7293,213]
[2179204975:-1223651,-97861,-414222,405,-7941,-199|991622,-18596,46127,-35,-15,1|1140538,17776,-204931,-77,7148,217]
[2179209975:-1366078,-78761,-169058,446,-8520,-168|988680,-12723,17118,-1,-17,2|1288575,31007,-84461,-35,7466,218]
[2179214975:-1390143,-16565,-124259,246,-8800,-139|985738,-16638,-17299,12,-44,-2|1366515,24146,-8245,-53,8050,216]
[2179219975:-1399475,3513,-87336,119,-8829,-132|983777,-19575,-34016,-10,-28,-4|1355241,18756,25682,-74,8542,226]
[2179224975:-1431889,-4812,4722,146,-9055,-141|987700,-14191,-31066,1,14,0|1278281,5034,-1361,-86,8736,241]
[2179229975:-1413717,-32237,-20876,232,-9211,-145|994564,-14191,-21724,9,50,2|1192989,9445,-53975,-52,8658,230]
[2179234975:-1339557,-46929,-177919,272,-8996,-157|1003880,-19086,-22216,-6,46,-3|1127794,29537,-139041,-21,8456,230]
[2179239975:-1295847,-52805,-282286,222,-8706,-188|1010253,-18596,-28608,-10,9,-8|1074363,32477,-209356,-52,8240,214]
[2179244975:-1300267,-65538,-255210,333,-8759,-205|1013686,-18107,-26149,12,-20,-3|967992,22676,-221649,-106,7938,191]
[2179249975:-1220705,-41052,-211396,349,-8621,-232|1014666,-20554,-6974,10,-15,3|812112,-3786,-180345,-185,7433,182]
[2179254975:-1054704,5472,-223211,167,-7951,-216|1013195,-19575,13676,-10,19,3|643488,-20447,-131665,-111,6657,189]
[2179259975:-927502,26530,-245856,150,-7282,-106|1009763,-15660,18593,-17,39,0|463098,-13586,-201489,-2,5695,185]
[2179264975:-820927,50037,-323640,69,-6541,-33|1003389,-16638,3351,-16,24,0|331238,4054,-358345,85,4384,150]
[2179269975:-670642,26040,-467883,-12,-5552,-70|995054,-18107,-12382,-2,2,0|275356,19246,-432594,38,2866,88]
[2179274975:-444724,4492,-671694,-2,-4091,-82|988190,-16149,-16316,25,-8,-1|306238,28067,-346544,-3,1417,27]
[2179279975:-247782,4002,-804122,16,-2354,-10|985738,-16149,-9432,31,-7,-2|409178,20716,-166577,2,347,-11]
[2179284975:-228628,-14606,-720432,56,-1063,12|990151,-18596,400,6,-5,1|568489,6995,47318,-8,-338,-28]
[2179289975:-315558,-32237,-503821,78,-290,-11|1000447,-19086,7776,-8,-7,1|721428,7485,219909,-13,-628,-17]
[2179294975:-438831,-47418,-265056,95,246,-2|1005841,-19086,15151,-5,-8,-3|839073,8955,345788,-5,-703,-11]
[2179299975:-576346,-49867,-52383,180,607,24|1004860,-20554,18101,-11,-10,-5|940052,-4766,429379,-8,-721,-16]
[2179304975:-703057,-28809,142073,233,792,75|1000938,-16638,16134,-21,-15,-1|1018972,-7216,473633,-4,-611,-12]
[2179309975:-814052,-24891,306009,229,825,88|997506,-13702,9742,0,-17,2|1060638,-2315,497727,0,-382,-7]
[2179314975:-930449,-40072,466498,172,687,6|995054,-16149,892,9,-13,0|1040050,2584,488877,-7,-104,-7]
[2179319975:-1015414,-28319,611726,78,395,-39|993583,-18596,-4515,-2,-3,-4|992011,4054,454948,-11,51,-4]
[2179324975:-1058633,-7260,712154,-13,36,-13|998486,-16149,-4515,2,8,-3|950345,-2805,423970,-10,51,0]
[2179329975:-1038988,-2363,688524,-46,-152,6|1003880,-14681,-1565,6,19,-1|927307,-4766,409219,2,-9,4]
[2179334975:-993313,-11668,581203,-31,-131,4|1008292,-15170,400,-4,24,1|928777,134,381191,11,-37,5]
[2179339975:-939780,-18524,454190,-17,-41,5|1006821,-13212,-582,0,11,1|936130,1114,343329,5,-23,0]
[2179344975:-900490,-28809,363607,1,64,2|1001428,-12234,1876,13,-6,2|924365,3564,329070,0,2,-2]
[2179349975:-890176,-36154,351300,6,85,-1|997015,-14191,7776,4,-12,1|906719,7485,345788,-6,-30,1]
[2179354975:-886247,-43500,387730,9,61,-6|995544,-13702,17118,-6,-6,-1|904758,9445,377258,-6,-80,0]
[2179359975:-897052,-40562,432529,11,15,-5|997996,-10765,22526,-5,2,-2|918973,5034,397910,1,-97,-3]
[2179364975:-906874,-33706,439914,4,-24,-2|999467,-10765,20068,-10,0,0|935150,3564,389550,9,-54,-2]
[2179369975:-909821,-30767,422683,-3,-10,2|998486,-10276,10726,-2,-8,1|939561,8955,364473,8,-11,3]
[2179374975:-907366,-35175,403976,-7,13,3|995544,-9297,400,9,-14,0|929267,11405,352672,0,0,2]
[2179379975:-905401,-38603,396591,0,37,-1|993583,-10276,-6974,0,-10,-2|919464,11405,361031,1,-28,-1]
[2179384975:-907857,-38603,414806,4,22,-3|996035,-11255,-9924,-7,-2,-2|926816,8465,377258,0,-55,-3]
[2179389975:-911295,-37624,430560,2,0,-3|999467,-10765,-10415,-2,5,-2|936130,7975,386600,1,-38,-1]
[2179394975:-918661,-33706,434006,-3,-21,-1|1004370,-10276,-10907,0,8,-1|942502,6504,380700,4,8,2]
[2179399975:-917679,-27829,420222,-7,-14,3|1007312,-10276,-10415,2,5,0|946424,1604,367423,0,16,0]
[2179404975:-914732,-26360,406930,-3,7,5|1007312,-10276,-7465,5,1,2|941032,3564,360048,1,16,2]
[2179409975:-912768,-32726,402499,0,16,2|1005350,-11255,-3532,1,0,2|934169,6995,366440,-1,1,2]
[2179414975:-910804,-37624,412345,3,12,-1|1002409,-12723,1876,-3,0,0|927307,8955,373324,-2,1,1]
[2179419975:-909821,-36644,426129,1,-7,-1|1000447,-12723,5809,-1,3,-1|925836,5524,377258,0,3,0]
[2179424975:-907857,-32237,424652,0,-13,0|998486,-12234,6301,-2,3,0|924856,3564,371849,2,7,1]
[2179429975:-906383,-31747,415791,-1,-5,1|997506,-12234,4334,-3,1,1|926816,6504,363490,3,3,3]
[2179434975:-903437,-34685,407422,-1,13,0|996525,-13212,2859,2,-2,0|925346,7485,359556,-1,1,0]
[2179439975:-904419,-33706,410868,0,16,0|996525,-13212,2859,3,-3,-1|924365,5034,368407,0,-4,0]
[2179444975:-903437,-31257,421206,-1,5,0|996525,-14191,4826,0,0,0|923385,2584,379224,0,-5,0]
[2179449975:-904910,-30767,433514,-2,-8,0|997015,-14681,7284,0,4,0|924365,2584,385617,0,0,0]
[2179454975:-905892,-31747,432037,-2,-13,0|998977,-15170,9251,0,5,-1|925346,2094,380700,1,11,0]
[2179459975:-907857,-29788,421206,0,-2,-1|1000938,-15170,9251,0,0,0|929758,624,369882,2,7,0]
[2179464975:-909330,-26360,410376,-1,6,1|1001918,-15660,7776,1,-5,1|931718,-355,363490,2,0,1]
[2179469975:-909821,-26360,407914,1,13,1|1002409,-16149,6792,1,-8,1|930738,134,366932,0,-4,1]
[2179474975:-909821,-28319,415791,1,7,0|1001428,-17128,5317,-1,-5,1|928777,624,373324,1,-6,1]
[2179479975:-909330,-29788,421699,2,0,-1|999957,-18107,3351,-2,-2,0|927307,624,376274,1,-3,0]
[2179484975:-909821,-28809,422191,0,-8,-1|998486,-18596,-90,-3,0,0|927307,1604,371357,2,5,2]
[2179489975:-907857,-27829,415299,0,0,0|997996,-18107,-3532,-3,0,0|928777,1604,364965,1,2,1]
[2179494975:-906874,-26850,411360,-1,9,1|997506,-18596,-5007,0,0,0|929267,1114,362998,0,-2,0]
[2179499975:-906874,-26850,412345,-2,10,1|997506,-19086,-4024,2,0,0|927797,134,368407,-1,-3,0]
[2179504975:-907366,-27339,420222,-2,2,0|997996,-18596,-582,1,1,0|927307,-845,374799,0,0,0]
[2179509975:-908839,-28319,425637,-1,-8,-1|999467,-18596,2367,0,3,-1|928777,-355,377749,2,1,2]
[2179514975:-910804,-27339,422191,0,-7,0|1001428,-19086,3842,-2,2,-1|931228,-845,372832,2,3,1]
[2179519975:-911295,-25870,412837,0,-1,0|1001918,-18107,3351,-3,-1,0|932208,-1335,364965,0,4,0]
[2179524975:-910312,-26360,405945,0,9,0|1001428,-18107,1876,0,-4,0|931718,-355,361523,0,0,0]
[2179529975:-910804,-27339,407914,0,9,0|1000938,-18596,400,0,-5,0|930248,134,365948,0,-4,1]
[2179534975:-910312,-27339,415791,0,3,0|1000938,-18107,-582,0,-2,0|929758,134,372832,1,-4,1]
[2179539975:-910312,-26360,423668,0,-5,0|1000938,-17617,-2057,0,1,0|929267,-355,376274,1,1,1]
[2179544975:-909821,-26850,424160,0,-7,0|1000938,-18107,-3532,0,4,0|928777,1114,374799,0,2,1]
[2179549975:-908839,-27829,420222,0,-2,0|1000938,-18107,-3040,0,5,0|929267,2094,370374,0,3,1]
[2179554975:-907366,-27829,416776,-1,3,0|999957,-17128,-582,2,3,0|927797,1604,368898,-1,1,0]
[2179559975:-906383,-26850,417268,-1,3,1|999467,-16638,3842,2,2,0|926816,624,370865,-1,0,0]
[2179564975:-905892,-27829,420714,-2,-2,1|998486,-16149,8759,0,0,0|924856,1604,373324,0,0,1]
[2179569975:-906383,-30767,421699,0,-4,0|998486,-15660,11709,0,0,0|924856,3564,374307,2,0,2]
[2179574975:-907366,-33216,417760,0,-3,-1|998977,-15660,13184,-1,-2,0|924856,4054,371357,2,2,1]
[2179579975:-907366,-32726,412837,2,4,-1|998977,-15660,11709,-4,-5,-1|926816,4544,368407,1,-1,0]
[2179584975:-906874,-31257,411360,2,9,0|998977,-14681,7776,-3,-6,-1|926326,4544,367423,0,-3,0]
[2179589975:-905892,-31257,414806,1,8,0|997996,-13702,4334,-1,-6,0|926816,4544,369882,0,-5,0]
[2179594975:-906383,-31747,421206,0,2,0|997506,-13212,892,0,-4,-1|926326,4544,372832,1,-3,0]
[2179599975:-906874,-31747,424652,-2,-4,0|998486,-12723,-1565,1,0,0|928777,5034,375291,2,-2,1]
[2179604975:-909330,-31747,422683,-1,-5,0|999957,-11744,-3040,0,2,0|930738,5524,373816,2,1,1]
[2179609975:-910804,-31747,417760,0,0,0|1001918,-11744,-3532,0,2,0|932699,5524,370865,0,2,0]
[2179614975:-911786,-32237,414314,0,4,0|1003389,-11744,-3040,0,2,0|932699,5524,368407,0,2,0]
[2179619975:-912277,-31747,414314,0,1,0|1003389,-11255,-1074,0,0,0|932208,5524,368407,0,0,0]
[2179624975:-911786,-32237,415791,0,-2,1|1002409,-11255,400,0,0,0|930738,6014,369390,1,0,1]
[2179629975:-910312,-33706,415791,0,-3,1|1000938,-11255,892,0,0,1|929267,7485,370374,1,0,1]
[2179634975:-908839,-35665,413822,1,0,0|999957,-11255,892,0,0,0|928287,8465,369390,0,0,0]
[2179639975:-907857,-36154,412345,1,4,-1|998977,-11255,400,-2,0,0|927797,8955,367915,0,0,0]
[2179644975:-907857,-35665,414314,0,3,0|997996,-11255,-90,-1,0,0|927307,7975,368898,-1,0,0]
[2179649975:-907366,-34196,418252,-1,0,0|997996,-10765,-90,0,1,0|927307,6995,371357,0,0,0]
[2179654975:-906874,-33216,421206,-2,-4,0|997996,-10765,892,2,1,0|926816,6014,372832,1,1,1]
[2179659975:-907366,-33706,420714,-2,-5,0|998486,-11255,1876,2,3,0|927307,6504,371849,2,3,1]
[2179664975:-908839,-34196,417268,-1,-2,0|999467,-11744,2859,0,1,0|928287,6995,369882,1,3,1]
[2179669975:-909821,-33706,413329,0,1,-1|1000938,-12234,3842,-1,0,0|929758,6014,368407,0,0,0]
[2179674975:-910804,-32237,412837,1,3,0|1001428,-12723,4334,-2,-1,-1|930738,4544,369390,0,-1,0]
[2179679975:-910312,-30767,414806,1,2,0|1001428,-13212,3842,-1,-2,0|930248,3074,370374,0,0,0]
[2179684975:-909821,-30767,418252,0,0,0|1000938,-13702,3351,-1,-1,1|929267,3074,371357,1,0,1]
[2179689975:-908839,-30767,419729,0,-1,0|999957,-14191,1876,0,0,0|928287,3564,371849,1,0,2]
[2179694975:-908348,-30278,419237,0,-1,0|998977,-14681,400,0,1,0|927797,3564,373324,0,0,1]
[2179699975:-906383,-29788,418745,0,1,0|998486,-15170,400,0,1,0|926816,3074,374307,0,1,0]
[2179704975:-905401,-29788,419729,0,1,0|997996,-16149,1876,0,2,0|926326,2584,374799,-1,0,0]
[2179709975:-905401,-29788,421206,-1,0,0|997996,-16638,4334,0,2,0|926326,1604,374307,0,1,0]
[2179714975:-906383,-28809,421206,-1,-3,0|998486,-16638,7284,0,0,0|926816,1114,372340,1,2,1]
[2179719975:-907366,-28319,418252,-1,-3,0|998977,-17128,8759,0,-1,0|927307,624,370865,1,0,1]
[2179724975:-908348,-28319,414314,0,2,0|999467,-18107,8759,0,-3,0|928287,624,369882,1,-1,1]
[2179729975:-908839,-28319,411853,1,6,0|999957,-18107,7284,-2,-5,0|928777,1114,369390,2,-2,0]
[2179734975:-909330,-27829,413329,2,6,-1|999957,-18596,4826,-2,-6,0|928777,134,369390,1,-2,0]
[2179739975:-909330,-26850,417268,0,2,0|999957,-18596,1876,-1,-4,0|929267,-355,370865,1,-2,0]
[2179744975:-909330,-26360,419729,0,-1,0|998977,-18107,-1565,0,-1,0|929267,-845,371357,2,-1,0]
[2179749975:-908839,-25870,420222,-1,-1,0|998977,-18596,-4024,1,0,0|929758,-355,371357,2,0,1]
[2179754975:-909330,-26850,418252,-1,0,0|998977,-19086,-5499,1,2,0|929758,134,370374,1,0,0]
[2179759975:-909821,-27339,417268,0,1,0|999957,-19086,-5007,0,2,0|930248,134,370374,0,0,0]
[2179764975:-910804,-27339,416776,0,0,0|1000447,-18596,-3040,0,3,0|930738,-355,370374,-1,0,0]
[2179769975:-910804,-26360,417268,0,-2,0|1000938,-18596,-90,0,2,0|930248,-845,370374,0,2,0]
[2179774975:-910312,-26360,416776,0,-2,0|1000938,-18107,2859,0,0,0|929758,-845,369390,1,1,0]
[2179779975:-909821,-27339,415299,0,0,0|1000938,-17617,4826,0,0,0|929267,624,368898,1,0,1]
[2179784975:-909330,-28319,413822,0,2,0|1000447,-17617,5317,-1,-2,0|928287,1114,368898,0,0,0]
[2179789975:-907857,-28809,415299,0,3,0|999467,-17617,4826,-1,-2,0|927307,1114,370865,0,-2,0]
[2179794975:-906874,-28809,418252,0,1,0|998486,-17128,3842,-1,-1,0|926816,1114,372832,0,0,0]
[2179799975:-906383,-28809,420714,0,0,0|997996,-16149,3351,0,0,0|926816,1604,373324,0,0,0]
[2179804975:-906874,-29298,421699,-1,-1,0|997996,-16149,2859,0,0,0|927307,2584,371849,1,1,0]
[2179809975:-907366,-29298,419237,-2,-1,0|998486,-15660,2367,1,0,0|928287,3074,370374,1,0,1]
[2179814975:-908348,-29298,416283,-1,0,0|999467,-15170,1876,1,0,0|929267,3074,369882,1,-1,1]
[2179819975:-909330,-29788,414806,0,2,0|1000447,-15170,1384,0,0,0|929758,3564,370374,0,0,0]
[2179824975:-909821,-30767,415791,0,1,0|1000447,-14681,2367,-1,0,0|929267,3564,370865,0,0,0]
[2179829975:-909821,-31257,416776,0,0,-1|1000447,-14191,2859,-1,-1,0|928287,3564,370374,1,0,0]
[2179834975:-909330,-31257,416776,0,-1,0|999957,-14191,3351,-1,-1,0|927797,3564,369882,1,0,0]
[2179839975:-908348,-31257,416283,0,0,0|999467,-13702,2367,0,-1,0|927797,4544,369390,1,0,0]
[2179844975:-907366,-32237,415791,0,2,0|998977,-13212,1876,0,0,0|927797,5524,369882,1,-1,0]
[2179849975:-907366,-32726,416776,0,3,0|998486,-13212,1384,0,0,0|928287,6014,370865,0,0,0]
[2179854975:-907366,-33216,419237,0,1,0|998977,-12723,1876,0,0,0|928287,6014,371849,0,0,0]
[2179859975:-907857,-32726,420222,0,0,0|999467,-11744,2367,0,0,0|928777,6014,371357,1,1,0]
[2179864975:-908348,-32726,419237,-1,-1,0|999957,-11255,2859,0,0,0|929758,6014,370374,1,0,0]
[2179869975:-908839,-33216,416776,0,0,0|1000447,-11255,2859,0,0,0|929758,6014,369390,0,0,0]
[2179874975:-909330,-33706,414806,0,2,0|1000447,-11255,2859,0,-1,0|929758,6504,369390,0,-1,0]
[2179879975:-909821,-33706,415299,0,2,0|1000938,-11744,2367,0,-2,0|930248,6504,370865,0,-2,0]
[2179884975:-909821,-33706,416776,0,1,0|1000938,-11744,1876,-1,0,0|929758,6504,371357,0,0,0]
[2179889975:-909330,-33706,418745,0,0,0|1000447,-11744,892,0,0,0|929267,6504,370865,0,1,0]
[2179894975:-908839,-33706,418252,0,0,0|1000447,-11744,-582,0,0,0|929267,6504,369882,1,1,0]
[2179899975:-908839,-33706,416776,0,0,0|1000447,-11744,-1074,0,0,0|929267,6504,368898,1,0,0]
[2179904975:-908348,-33216,416283,0,0,0|1000447,-11744,-1565,0,0,0|929267,6014,369882,0,1,0]
[2179909975:-908348,-33216,416776,0,0,0|999957,-11744,-582,0,1,0|928287,5524,371357,0,2,0]
[2179914975:-908348,-33216,417760,0,0,0|999957,-11744,1384,0,2,0|928287,5524,371357,0,1,0]
[2179919975:-908348,-33216,417760,0,-2,0|999957,-11744,2859,0,0,0|928287,5524,370374,1,2,0]
[2179924975:-908348,-32726,416283,0,-1,0|1000447,-12234,3351,0,0,0|928287,5034,369390,1,1,0]
[2179929975:-907857,-32237,414806,0,1,0|1000447,-13212,3842,0,-1,0|927797,4054,368898,1,1,0]
[2179934975:-907857,-31747,414806,0,3,0|999957,-13702,3351,0,-2,0|927797,3564,369882,1,0,0]
[2179939975:-908348,-31257,416776,0,2,0|999467,-14191,2859,-1,-1,0|927797,3074,370865,1,0,0]
[2179944975:-908348,-30767,418745,0,0,0|999467,-15170,2367,0,0,0|927307,2094,371357,0,0,0]
[2179949975:-908348,-29788,419729,0,-1,0|999467,-16149,1384,0,1,0|927797,1604,371357,0,0,0]
[2179954975:-908348,-29298,419237,0,-1,0|999467,-16638,892,0,0,0|928287,1114,370865,1,1,0]
[2179959975:-908839,-28809,417760,0,0,0|999467,-17128,400,0,1,0|928287,624,370865,0,1,0]
[2179964975:-909330,-28319,417268,0,1,0|999957,-17617,400,0,1,0|928287,624,370865,0,1,0]
[2179969975:-909821,-27829,417760,0,0,0|999957,-17617,1384,0,1,0|928287,134,371849,0,0,0]
[2179974975:-909330,-27339,418252,0,-1,0|999957,-18107,2367,0,0,0|928777,-355,371849,0,0,0]
[2179979975:-908839,-27339,418252,0,-1,0|999957,-18107,3351,0,0,0|928287,-355,371357,0,0,0]
[2179984975:-908348,-27339,417268,0,0,0|999467,-18596,4334,0,0,0|928287,-355,369882,0,0,0]
[2179989975:-908348,-27339,416283,0,1,0|998977,-18596,3842,0,-1,0|928287,134,369390,0,-3,0]
[2179994975:-907857,-26850,416283,0,2,0|998977,-18596,3351,0,-2,0|928287,134,369882,0,-5,0]
[2179999975:-907857,-26850,417268,0,1,0|998486,-18596,2859,0,-1,0|928287,-355,370865,0,-4,0]
[2180004975:-907857,-26850,418252,0,0,0|998486,-18596,1876,0,-1,0|928287,-355,371357,0,-2,0]
[2180009975:-908348,-27339,418745,-1,0,0|998977,-18107,892,0,0,0|928777,-355,370865,1,0,0]
[2180014975:-909330,-27339,417268,0,0,0|999957,-18107,-90,0,0,0|928777,134,370374,0,0,0]
[2180019975:-909821,-27339,416283,-1,0,0|1000447,-18107,-90,0,-1,0|929758,134,369882,0,-1,0]
[2180024975:-909821,-27829,416283,0,1,0|1000938,-17617,-90,0,0,0|929758,134,370865,0,-1,0]
[2180029975:-909330,-27829,417268,0,0,0|1000447,-17128,400,0,0,0|929267,624,371357,0,-1,0]
[2180034975:-909330,-28319,418252,0,0,0|999957,-17128,892,0,0,0|929267,1114,371357,0,0,0]
[2180039975:-908839,-28809,418252,0,0,0|999957,-16638,1384,0,0,0|929267,1604,370865,0,1,0]
[2180044975:-908348,-29298,417760,0,0,0|999957,-16149,1384,0,0,0|928777,2094,370374,0,2,0]
[2180049975:-907857,-29298,416776,0,1,0|999467,-16149,1876,0,0,0|928287,2094,370865,0,1,0]
[2180054975:-907857,-29788,417268,0,2,0|999467,-15660,2367,-1,0,0|927797,2584,370865,0,1,0]
[2180059975:-907857,-29788,418252,0,0,0|999467,-15170,3351,0,0,0|927797,2584,371849,0,0,0]
[2180064975:-907366,-30278,418745,0,0,0|999467,-15170,3842,0,0,0|927307,3074,372340,1,0,0]
[2180069975:-906874,-30767,418252,0,0,0|999467,-15170,3842,-1,0,0|926816,3564,371849,1,1,0]
[2180074975:-906874,-31257,417760,0,1,0|999467,-14681,3842,0,0,0|927307,3564,371357,0,0,0]
[2180079975:-907366,-31747,417268,0,2,0|999467,-13212,3351,0,-1,0|927797,4054,370865,1,1,0]
[2180084975:-908348,-31747,416776,0,1,0|999467,-13212,3351,0,0,0|927797,5034,370374,1,0,0]
[2180089975:-908839,-32237,417268,0,1,0|999957,-12723,2859,0,-1,0|928287,5034,370374,0,0,0]
[2180094975:-908839,-32237,417268,0,1,0|999957,-12723,1876,0,-1,0|928777,5034,370374,1,0,0]
[2180099975:-908839,-32726,417268,0,0,0|999957,-12723,400,-1,-1,0|929267,5524,370374,1,0,0]
[2180104975:-909330,-33216,416776,0,0,0|999957,-12234,-90,0,0,0|929267,6014,370374,0,0,0]
[2180109975:-909821,-33216,416776,0,0,0|999957,-12234,-90,0,0,0|929758,6014,370865,0,0,0]
[2180114975:-909821,-33216,417268,0,0,0|999957,-11744,400,0,0,0|929758,6014,371357,1,0,0]
[2180119975:-909330,-32726,417760,0,1,0|999957,-11255,1384,0,0,0|929758,6014,371357,0,2,0]
[2180124975:-909330,-33216,418252,0,0,0|999957,-11255,1876,0,0,0|929267,6014,370865,0,2,0]
[2180129975:-909330,-33706,417760,0,0,0|999957,-10765,1876,0,0,0|929267,6504,370374,0,0,0]
[2180134975:-909330,-33706,416776,0,0,0|999957,-10765,1876,0,0,0|929267,6504,370374,1,0,0]
[2180139975:-908839,-34196,416283,0,1,0|999467,-11255,1876,0,0,0|928777,6504,370374,0,0,0]
[2180144975:-908348,-34685,416283,0,1,0|999467,-11744,1384,-1,0,0|928287,6014,370374,0,0,0]
[2180149975:-908348,-34196,417268,0,0,0|999467,-11744,892,0,0,0|928777,6014,370865,1,0,0]
[2180154975:-908348,-33216,417268,-1,0,0|999467,-12234,400,0,0,0|928287,6014,370865,1,0,0]
[2180159975:-907857,-33216,417268,0,0,0|999957,-12723,400,0,0,0|928287,5524,370865,1,2,0]
[2180164975:-907857,-33216,417268,0,0,0|1000447,-13212,892,0,0,0|928777,5034,371357,0,0,0]
[2180169975:-908348,-32237,417268,0,1,0|1000447,-13702,1384,0,0,0|928777,4544,371849,0,0,0]
[2180174975:-908839,-31747,418252,0,0,0|1000447,-14191,1876,0,0,0|929267,4054,371849,0,1,0]
[2180179975:-908839,-31257,418745,0,-1,0|1000447,-15170,2367,0,0,0|928777,3074,371357,1,2,0]
[2180184975:-908839,-30767,418252,0,0,0|999957,-15660,2859,0,0,0|929267,2584,370865,1,0,0]
[2180189975:-908839,-29788,416776,0,0,0|999467,-16149,3351,0,0,0|928777,2584,370865,1,1,0]
[2180194975:-908839,-30278,416776,0,1,0|998977,-16149,3842,0,-1,0|927797,2584,371357,3,3,0]
[2180199975:-908348,-30278,417268,0,1,0|998486,-16149,3842,0,0,0|927307,2094,370865,1,1,0]
[2180204975:-907857,-29298,418252,0,-1,0|998977,-16638,3351,0,0,0|928287,1604,370865,0,-2,0]
[2180209975:-907857,-28319,417760,0,-1,0|998977,-16638,2367,0,0,0|928287,1114,370865,1,0,0]
[2180214975:-907857,-28319,417760,0,0,0|999467,-17128,2367,0,0,0|928777,1114,370865,1,0,0]
[2180219975:-908348,-28319,417760,0,2,0|999957,-17617,1876,0,0,0|928777,134,370374,0,0,0]
[2180224975:-909330,-27829,417268,0,0,0|1000447,-18107,1384,0,0,0|929267,-355,370374,0,0,0]
[2180229975:-909821,-26850,417268,0,0,0|1000447,-18107,892,-1,0,0|929758,134,370865,0,0,0]
[2180234975:-909330,-27339,417268,0,0,0|999957,-18107,892,-1,0,0|925346,5524,362014,0,0,0]
[2180239975:-909330,-27339,416776,0,0,0|999957,-18596,400,0,0,0|925836,4054,365456,3,7,0]
[2180244975:-909330,-27339,416283,0,0,0|999957,-18107,400,0,0,0|926326,3074,368407,0,1,0]
[2180249975:-909330,-27339,416283,0,0,0|999467,-18107,400,0,0,0|927307,2094,370374,0,0,0]
[2180254975:-908839,-27339,416776,0,0,0|999467,-17617,892,0,0,0|927797,1604,371357,0,1,0]
[2180259975:-908839,-27829,417268,0,0,0|999467,-17617,1876,0,0,0|927797,624,371849,0,1,0]
[2180264975:-908348,-27829,417268,0,0,0|999467,-17128,2367,0,0,0|927797,624,371357,1,0,0]
[2180269975:-908348,-28319,417760,0,0,0|999467,-17128,2859,0,0,0|927797,1114,370865,1,0,0]
[2180274975:-908348,-28319,417268,0,0,0|999467,-17128,3842,0,0,0|928287,1114,370374,1,0,0]
[2180279975:-908348,-28319,416776,0,0,0|998977,-16638,4334,0,-1,0|928287,1114,370374,0,0,0]
[2180284975:-907857,-28319,417268,0,0,0|998977,-16638,4826,0,-1,0|928287,1604,370865,1,0,0]
[2180289975:-907366,-28809,417760,0,1,0|998977,-16638,4334,0,0,0|928287,2094,370865,1,0,0]
[2180294975:-907857,-29298,418252,0,1,0|999467,-16149,3842,0,0,0|928777,2094,371357,0,2,0]
[2180299975:-907857,-29298,418252,0,0,0|999467,-16149,2367,0,-1,0|928777,2094,371357,0,0,0]
[2180304975:-907857,-29298,417760,0,0,0|999467,-15660,892,0,-1,0|928777,2584,371357,1,0,0]
[2180309975:-907857,-29788,417268,0,0,0|999957,-15170,400,0,0,0|928777,3074,371357,1,0,0]
[2180314975:-908348,-30278,417268,0,1,0|1000447,-14681,400,0,0,0|929267,3074,371357,1,1,0]
[2180319975:-908839,-30278,417760,0,0,0|1000938,-14191,400,0,0,0|929267,3074,371357,1,0,0]
[2180324975:-908839,-30278,417760,0,0,0|1000938,-14191,892,0,0,0|929267,3564,371357,0,0,0]
[2180329975:-908839,-31257,417760,0,0,0|1000447,-14191,892,0,0,0|929758,4544,371357,0,1,0]
[2180334975:-908839,-31747,416776,0,0,0|1000447,-13702,892,0,0,0|929267,4544,370865,0,0,0]
[2180339975:-911295,-30278,411853,2,1,0|999957,-13702,892,0,0,0|928777,4544,370374,0,0,0]
[2180344975:-910804,-31257,412837,0,2,0|999957,-13212,892,0,0,0|929267,5034,370865,0,0,0]
[2180349975:-909821,-32237,414806,0,0,0|999467,-12723,1384,0,0,0|928777,6014,370865,0,1,0]
[2180354975:-908839,-33216,416283,0,0,0|999467,-12234,1384,0,0,0|928287,6504,370865,0,2,0]
[2180359975:-908839,-33706,417268,0,0,0|999467,-11744,1876,0,1,0|928287,6014,370865,0,1,0]
[2180364975:-908348,-33706,417268,0,0,0|999957,-11744,1876,0,0,0|928287,6504,370865,0,0,0]
[2180369975:-908348,-33706,417268,0,0,0|999957,-12234,1876,0,0,0|928287,6504,370865,0,0,0]
[2180374975:-908348,-33706,417268,0,0,0|999957,-12234,2367,0,0,0|928287,6014,371357,1,0,0]
[2180379975:-908348,-33216,417760,0,1,0|999957,-12234,2859,0,0,0|928287,6014,371357,1,0,0]
[2180384975:-907857,-32726,417760,0,0,0|999957,-12234,3351,0,0,0|928777,6014,371849,0,1,0]
[2180389975:-907857,-32726,418252,0,0,0|999957,-12234,3842,0,0,0|927797,5524,371357,1,0,0]
[2180394975:-907857,-32726,417760,0,0,0|999957,-12234,3351,0,0,0|927797,5524,370865,0,0,0]
[2180399975:-907857,-32726,417760,0,0,0|999957,-12234,3351,0,0,0|927797,5524,370865,0,0,0]
[2180404975:-907857,-32726,418252,0,0,0|999467,-12723,2367,0,0,0|927797,5034,371357,0,0,0]
[2180409975:-907857,-32237,417760,0,0,0|999467,-13212,1876,0,0,0|927797,4544,371849,0,0,0]
[2180414975:-908348,-32237,417760,0,0,0|999467,-13702,1876,-1,0,0|928287,4054,371849,0,0,0]
[2180419975:-908348,-31747,417760,0,0,0|999467,-14191,1384,0,0,0|928287,4054,370865,0,0,0]
[2180424975:-908348,-31257,417268,0,0,0|999467,-14681,1384,0,0,0|928777,3564,370865,0,0,0]
[2180429975:-908839,-30278,416776,0,0,0|999467,-15170,1384,0,0,0|928777,2584,370374,0,0,0]
[2180434975:-908839,-29788,417268,0,1,0|999467,-15660,1384,0,0,0|929267,2094,370374,0,0,0]
[2180439975:-908839,-29298,417268,-1,0,0|999957,-16149,1384,0,-1,0|928777,1604,370374,0,0,0]
[2180444975:-908839,-28809,417268,0,0,0|999467,-16638,1876,0,0,0|928777,1114,370374,0,0,0]
[2180449975:-908839,-28319,416776,0,0,0|999467,-17128,1876,0,0,0|928777,1114,370374,0,0,0]
[2180454975:-908839,-27829,416776,0,1,0|999957,-17617,1384,0,0,0|929267,624,370374,0,1,0]
[2180459975:-908348,-27829,417268,0,1,0|999957,-17617,1384,0,0,0|928777,134,370374,0,0,0]
[2180464975:-908348,-27829,417760,0,1,0|1000447,-18107,1384,0,0,0|928287,134,370865,1,0,0]
[2180469975:-908348,-27829,417760,0,0,0|1000447,-18107,1384,0,0,0|928287,624,370865,0,0,0]
[2180474975:-908348,-27339,417760,0,0,0|1000447,-18107,1384,0,0,0|928287,134,370865,0,1,0]
[2180479975:-908348,-27339,417268,0,0,0|1000447,-18107,1876,0,0,0|928777,-355,371357,1,1,0]
[2180484975:-908348,-26850,417268,0,0,0|999957,-18107,1876,0,0,0|928777,-355,371357,0,0,0]
[2180489975:-908348,-27339,417760,0,1,0|999957,-18596,2367,0,0,0|928777,-355,371357,1,0,0]
[2180494975:-908348,-27339,418252,0,0,0|999957,-18596,2367,0,0,0|928777,134,371357,1,0,0]
[2180499975:-908348,-27339,418252,0,0,0|999957,-18107,2367,0,0,0|928777,134,371357,1,0,0]
[2180504975:-908348,-27829,418252,0,0,0|999467,-18107,2367,0,0,0|929267,624,371357,0,0,0]
[2180509975:-908348,-28319,417760,0,0,0|999467,-17617,1876,0,0,0|928777,1114,370865,0,0,0]
[2180514975:-908348,-28809,417760,0,0,0|999467,-17128,1876,0,0,0|928777,1604,370865,0,0,0]
[2180519975:-908348,-28809,417760,0,0,0|999467,-16638,1384,0,0,0|928777,2094,370865,1,0,0]
[2180524975:-908348,-29298,417760,0,0,0|999467,-16149,1384,0,0,0|928777,2584,370865,0,0,0]
[2180529975:-907857,-29788,417760,0,0,0|998977,-15660,1876,0,0,0|928287,2584,370865,1,0,0]
[2180534975:-907857,-30278,417760,0,1,0|998977,-15170,1876,0,0,0|928777,3074,370865,1,0,0]
[2180539975:-907857,-30767,417268,0,0,0|998977,-14681,2367,0,0,0|928777,3564,370374,1,0,0]
[2180544975:-907857,-31257,416776,0,0,0|999467,-14191,2367,0,0,0|928287,3564,370374,1,0,0]
[2180549975:-907857,-31257,416776,0,0,0|999467,-14191,2367,0,0,0|928777,3564,371357,0,1,0]
[2180554975:-907857,-31257,417268,0,1,0|999957,-14191,2859,0,0,0|928777,3564,371357,0,0,0]
[2180559975:-908348,-31257,417760,0,0,0|999957,-13702,3351,0,0,0|928287,4054,371357,0,0,0]
[2180564975:-907857,-31747,417760,0,0,0|999957,-13702,3351,0,0,0|928287,4054,371357,0,0,0]
[2180569975:-907857,-31747,417760,0,0,0|999957,-13212,2859,0,0,0|928287,4544,371357,0,0,0]
[2180574975:-907857,-31747,418252,0,0,0|999957,-13212,2859,-1,0,0|928287,4544,371849,0,0,0]
[2180579975:-908348,-31747,418745,0,1,0|999957,-12723,2859,0,0,0|927797,4544,371357,0,0,0]
[2180584975:-908348,-32237,418745,0,1,0|999957,-12723,2859,0,0,0|928287,5034,371357,1,0,0]
[2180589975:-908348,-32237,417760,0,0,0|999957,-12723,2859,0,0,0|928287,5034,371357,1,0,0]
[2180594975:-908348,-32726,417268,0,0,0|999957,-12723,2367,0,0,0|928777,5034,371357,0,0,0]
[2180599975:-908348,-32726,417268,0,1,0|999957,-12723,2367,0,0,0|929267,5034,370865,1,0,0]
[2180604975:-908839,-32726,417268,0,1,0|999957,-12723,1876,0,0,0|929758,5524,370865,1,0,0]
[2180609975:-908839,-32726,417268,0,0,0|999957,-12723,1876,0,0,0|929267,5524,370865,1,0,0]
[2180614975:-908839,-32726,416776,0,0,0|999957,-12723,1876,0,0,0|928777,5524,370865,1,0,0]
[2180619975:-908839,-32726,416283,0,0,0|999957,-12723,1384,0,0,0|929267,5524,370865,0,0,0]
[2180624975:-895087,-36154,403484,0,0,0|1000447,-12723,892,0,0,0|925346,10915,360048,-10,-38,-11]
[2180629975:-785075,-13627,276471,1,30,-6|1001428,-12234,1384,2,2,0|797897,-5746,343329,5,-352,7]
[2180634975:-212912,110274,-311332,-57,312,0|1003880,-13702,14659,-7,28,0|441040,-3786,126975,28,-1755,-4]
[2180639975:177533,86767,-929166,-650,2483,-49|1008783,-10765,36293,-11,111,0|-46206,24636,-358345,52,-4727,-110]
[2180644975:62118,56893,-1252113,-601,5620,209|996525,-9787,13676,-5,126,-7|-166302,45218,-814164,74,-7579,-230]
[2180649975:-477138,-102758,-1153654,-368,7621,411|981816,-15660,-31066,-20,-4,-13|118006,53549,-1007900,54,-8846,-289]
[2180654975:-819945,-224701,-969042,62,7652,351|983287,-24469,-28608,1,-137,-5|446432,39338,-918899,-40,-9383,-299]
[2180659975:-858253,-231557,-735201,417,7724,16|993093,-24959,24001,22,-136,7|790544,10915,-498484,-70,-9596,-276]
[2180664975:-813560,5472,-573235,331,8798,-438|1007312,-20064,71694,-1,-52,-1|1167989,-6236,18306,105,-8995,-244]
[2180669975:-1092029,106356,-225672,-329,10408,-199|1016137,-14191,72186,-43,2,-9|1389554,-17017,237611,215,-8270,-225]
[2180674975:-1532079,55424,159304,-296,10480,254|1012705,-15170,10234,-45,-20,12|1653275,-984861,-67251,56,-7111,-165]
[2180679975:-733507,2830726,1040517,13,8973,282|1005350,-13702,-44341,-43,-66,13|1618472,-756989,-8737,10,-6939,-180]
[2180684975:-1779116,569151,118443,-583,8526,-50|994564,-20064,-55158,11,-43,-9|1457690,-449729,33550,-19,-6860,-192]
[2180689975:-1661736,535360,91367,361,8249,98|981816,-15170,-41883,26,37,-17|1251811,-226267,7489,88,-7046,-189]
[2180694975:-1550742,428109,77582,-135,8405,69|979365,-9787,-40408,0,85,2|1042991,-74842,-191163,48,-7687,-196]
[2180699975:-1482966,248378,-26292,-428,8227,160|1000447,-11255,-48766,15,77,7|922895,24636,-454230,67,-8280,-215]
[2180704975:-1318930,67667,-312317,-302,7700,364|1016627,-17128,-50733,35,29,-1|908679,50609,-636164,111,-8597,-229]
[2180709975:-1087118,-3832,-659387,-212,7625,295|1024472,-17128,-25658,6,4,-2|937601,76091,-670584,89,-8880,-226]
[2180714975:-1101361,-70436,-688924,-631,8704,34|1021530,-17128,15151,-3,10,-2|1058187,66780,-578142,70,-8958,-245]
[2180719975:-1173556,-103737,-627387,-431,9082,167|1004860,-16638,41210,19,14,4|1171420,35907,-476357,66,-8719,-231]
[2180724975:-1161769,-106186,-696801,108,8601,329|993093,-16149,43177,0,-6,9|1234655,18266,-431611,58,-8337,-202]
[2180729975:-1188290,-116960,-732739,27,8779,160|992603,-18107,34326,-6,-18,6|1251811,30027,-426694,33,-8005,-188]
[2180734975:-1269326,-97371,-641172,-129,9134,2|999467,-21043,24493,-5,-25,-8|1225341,40318,-459639,24,-7806,-192]
[2180739975:-1244770,23592,-580619,-23,8913,2|1001428,-16149,20068,-22,-22,-10|1212596,24636,-470948,59,-7614,-203]
[2180744975:-1212847,80400,-570281,-175,8760,79|995054,-9297,17118,-15,-5,2|1213576,15815,-461605,74,-7264,-214]
[2180749975:-1187799,100479,-579634,-328,8817,185|986719,-9297,3842,20,10,8|1194459,5034,-447837,51,-6813,-175]
[2180754975:-1329244,50037,-379761,-613,8835,127|989170,-14191,-17299,22,-3,1|1205243,18756,-431611,32,-6098,-119]
[2180759975:-1484931,-42031,-140997,-795,8121,126|995054,-14191,-27624,28,-23,-4|1327790,7485,-307699,17,-4838,-87]
[2180764975:-1550742,-84148,15060,-305,6430,210|1007802,-12723,-20741,16,-31,3|1510630,5524,-98229,-13,-3255,-33]
[2180769975:-1532079,-121368,50506,-48,5153,188|1015157,-14191,5317,-13,3,8|1633668,18266,81737,-11,-1694,-38]
[2180774975:-1443676,-130183,23430,82,4338,151|1014176,-17128,22526,-17,45,1|1579257,39828,86163,-33,-563,-22]
[2180779975:-1290936,-100799,-44999,131,3628,82|1007312,-17128,13184,-8,47,-6|1382201,31007,-73151,-26,178,-26]
[2180784975:-1186326,-78271,-78475,2,2901,-70|995544,-16638,-5990,-4,8,-1|1139558,7485,-275246,12,662,-3]
[2180789975:-1092029,-49867,-135582,175,1113,-78|986229,-15170,-12382,5,-22,0|941032,13365,-439970,-2,810,45]
[2180794975:-1036532,-1873,-180873,97,642,-51|983287,-13212,3351,0,-11,-3|842504,26596,-530445,-20,779,36]
[2180799975:-1018851,37304,-198596,2,197,15|986719,-10765,25476,9,24,-3|779270,26596,-598302,-2,618,-3]
[2180804975:-958443,66688,-265548,-71,-308,55|994074,-11744,32851,2,34,1|710643,17286,-680910,12,387,-6]
[2180809975:-868567,78931,-376315,-194,-672,88|1003389,-13212,21543,-11,6,1|648390,22676,-758601,4,193,5]
[2180814975:-788513,61791,-494467,-266,-881,100|1008783,-11744,10234,-1,-32,0|628782,30027,-785153,-15,52,15]
[2180819975:-723684,1554,-657910,-197,-747,42|1001918,-12234,14659,3,-37,0|678291,18266,-727131,0,-39,2]
[2180824975:-655909,-43990,-817414,-20,-353,6|992603,-13212,24001,1,-4,5|762603,16795,-626330,31,-25,-18]
[2180829975:-611707,-61620,-891751,46,-71,14|990641,-15170,17609,13,17,2|805740,30517,-579125,26,64,-20]
[2180834975:-596482,-56233,-901597,20,-47,-17|998977,-16149,-4515,3,0,-5|796917,39828,-601744,-5,157,-1]
[2180839975:-607287,-26850,-871567,1,-47,-23|1007802,-17128,-19757,-9,-25,-6|774368,31987,-640589,-29,144,20]
[2180844975:-662293,-4812,-789353,1,-25,-6|1010253,-15660,-16807,-14,-20,-1|767505,20716,-650424,-20,17,19]
[2180849975:-723684,574,-698770,15,-78,3|1005350,-14191,-6974,-10,3,2|785152,17286,-624854,8,-45,-2]
[2180854975:-738418,-2853,-665294,18,-146,-5|999957,-13702,-4515,6,16,1|789074,21206,-612562,22,-6,-18]
[2180859975:-706495,-404,-689909,6,-161,-20|997015,-14191,-13366,12,6,0|774858,24146,-624854,3,48,-6]
[2180864975:-673098,3513,-730278,-6,-103,-19|997506,-15170,-21724,0,-6,-1|752800,23166,-649932,-10,26,9]
[2180869975:-672116,2533,-745539,-6,-16,-10|1000447,-15660,-17791,-6,-5,-1|753780,23166,-650915,-12,-51,17]
[2180874975:-697654,-404,-725847,3,0,1|1003880,-15660,-5990,-4,6,-2|787603,26106,-618462,-5,-42,5]
[2180879975:-713371,1554,-708124,8,-12,6|1005350,-14191,5809,-1,15,-1|813583,24636,-593876,2,31,-7]
[2180884975:-708459,5472,-705663,0,-18,2|1003880,-13212,9251,7,13,1|798387,18266,-610595,8,58,-10]
[2180889975:-687341,3513,-721416,-9,-7,-5|999957,-13702,4826,9,2,3|765054,17776,-640098,7,0,0]
[2180894975:-678009,-4322,-731262,-9,11,-9|997015,-15170,2367,2,-7,0|752800,23166,-646490,-1,-56,10]
[2180899975:-693234,-8730,-718462,-1,9,-5|997015,-16149,5317,-2,-10,-2|774858,29047,-621904,-8,-31,9]
[2180904975:-716808,-5301,-696801,8,-3,4|998977,-15660,11709,-6,-1,-2|802799,28067,-595352,-3,19,-3]
[2180909975:-724175,1554,-687448,9,-15,11|1000938,-14681,12692,-6,8,0|808191,20716,-594368,4,33,-9]
[2180914975:-710424,3023,-699263,0,-7,3|1001428,-14681,6792,0,8,3|786132,17776,-618954,7,12,-4]
[2180919975:-690288,-2363,-718955,-8,6,-8|998977,-16149,-1565,7,-1,1|763584,21206,-638622,0,-19,7]
[2180924975:-690288,-6771,-718955,-6,14,-10|996525,-16638,-2057,4,-7,-2|766035,25616,-631247,-5,-27,10]
[2180929975:-707968,-3832,-699263,0,4,-3|995544,-16149,5809,-1,-1,-2|789074,25126,-605678,-4,-5,3]
[2180934975:-722702,85,-682525,5,-13,6|996525,-15170,15151,-3,8,0|806230,22186,-589451,1,25,-4]
[2180939975:-714844,574,-691386,4,-15,6|997506,-15170,17609,-2,8,0|796426,20716,-602236,5,26,-6]
[2180944975:-693725,-1384,-715016,-1,0,-1|999467,-15660,12692,0,-2,0|770937,21696,-631738,3,-4,0]
[2180949975:-681447,-1384,-731262,-5,15,-6|1001428,-16149,6792,0,-15,-1|758192,22676,-647965,-2,-35,4]
[2180954975:-690779,574,-722893,-3,18,-1|1001918,-16638,4826,-4,-18,-1|771917,22186,-634689,-4,-35,3]
[2180959975:-711406,85,-700740,3,4,5|1000938,-16149,5317,-6,-8,0|795446,21696,-608136,-1,-1,-1]
[2180964975:-720246,-2363,-689417,7,-10,7|998977,-16149,4334,-3,1,0|802799,22186,-596827,2,26,-6]
[2180969975:-709441,-3832,-699755,4,-9,1|997506,-16638,-1565,0,6,0|788093,23166,-611578,3,17,-3]
[2180974975:-694217,-2853,-717478,-2,2,-5|998486,-16638,-9924,1,1,-1|769956,22676,-634689,0,-9,2]
[2180979975:-691761,-404,-722893,-7,9,-8|1000938,-15660,-13857,2,-4,0|767995,21696,-641081,-3,-22,5]
[2180984975:-704039,1064,-712063,-5,2,-4|1002899,-15660,-10907,3,-2,0|783191,20716,-626330,-2,-7,3]
[2180989975:-714844,574,-699755,1,-10,1|1002899,-15660,-4024,2,5,0|796917,20716,-609611,2,14,-1]
[2180994975:-710424,-1384,-702217,5,-14,3|1001918,-15660,892,0,11,0|793485,21696,-610595,3,21,-2]
[2180999975:-694708,-2363,-718955,2,-6,0|1000938,-15660,-90,-3,6,0|777309,23656,-626821,-1,5,0]
[2181004975:-684885,-2853,-728308,-3,7,-4|1000938,-15660,-2549,-4,-4,0|764564,25126,-640589,-6,-15,4]
[2181009975:-691761,-3343,-720432,-4,9,-4|999957,-14681,-1565,-2,-9,0|768976,24146,-634689,-4,-20,3]
[2181014975:-707968,-3343,-700740,0,1,0|997996,-14191,2859,0,-4,0|785152,23166,-614528,1,-5,0]
[2181019975:-717791,-3832,-689417,2,-10,2|996525,-13702,6792,1,4,0|796426,24146,-599777,4,15,-2]
[2181024975:-712388,-4812,-695324,2,-11,1|996525,-13702,7284,1,8,0|792015,25126,-604202,1,18,-1]
[2181029975:-699619,-5791,-709601,0,-1,-3|997506,-13702,5809,0,3,0|778780,26106,-618954,-3,0,2]
[2181034975:-694217,-5301,-716001,-3,5,-4|998486,-13702,5317,-1,-3,-1|771917,26106,-628296,-3,-17,4]
[2181039975:-700601,-3343,-709601,-1,4,-2|999467,-13702,8267,0,-6,-2|778289,24636,-623379,0,-14,0]
[2181044975:-708950,-1384,-700740,1,-2,1|999957,-13702,11709,1,-3,0|789564,23166,-612562,3,3,-3]
[2181049975:-709441,-894,-700740,2,-5,3|1000447,-13702,11217,0,0,0|792015,22186,-611086,3,11,-4]
[2181054975:-702566,-2363,-710093,1,0,1|1001428,-14681,6792,-3,-1,0|784172,23166,-619937,0,0,0]
[2181059975:-696672,-4322,-717970,0,5,-2|1001918,-14681,892,-3,-4,0|776819,25126,-628296,-2,-13,3]
[2181064975:-699128,-4812,-714524,-1,6,-3|1000938,-14681,-2057,-2,-6,-1|778289,25126,-626330,-3,-13,3]
[2181069975:-707968,-3343,-703201,-1,0,-1|999957,-14191,-2057,0,-2,0|786623,23166,-616495,0,0,0]
[2181074975:-712388,-1873,-696309,0,-7,0|998486,-13702,-1074,3,3,1|791034,21696,-610595,4,10,-2]
[2181079975:-706986,-2853,-702709,0,-6,0|997996,-14191,-582,3,6,1|786623,23166,-615020,3,8,-1]
[2181084975:-698146,-4322,-714524,0,-1,-2|999467,-14681,-1565,1,2,0|778289,25616,-624363,-1,0,2]
[2181089975:-694708,-3832,-719939,-1,3,-2|1001428,-14681,-1074,-2,-3,0|775348,26106,-629772,-4,-9,4]
[2181094975:-699128,-2363,-714524,-1,3,0|1001918,-14191,1384,-3,-5,0|779760,25126,-625346,-1,-8,1]
[2181099975:-705021,-1873,-705663,2,-1,2|1000938,-13702,3842,-1,-3,0|784662,23166,-618462,2,0,-2]
[2181104975:-705021,-3343,-703693,2,-4,2|998977,-13702,3351,0,0,0|784662,23656,-616495,3,6,-3]
[2181109975:-699619,-4812,-710093,0,-1,0|998486,-14191,-90,1,0,0|779270,24636,-621904,1,1,0]
[2181114975:-696672,-4812,-714524,-1,2,-3|998977,-14191,-4024,-1,-1,0|775839,25126,-626821,-2,-6,3]
[2181119975:-700601,-4322,-712063,-1,1,-3|999957,-14191,-5007,-2,-1,-1|779760,24636,-624363,-2,-6,3]
[2181124975:-707477,-3343,-705170,0,-4,-1|1000447,-13702,-3532,0,1,0|786623,23656,-617479,0,1,0]
[2181129975:-709441,-2363,-702709,0,-8,0|1000447,-13702,-582,1,5,0|789564,22676,-614528,2,11,-2]
[2181134975:-704039,-1873,-708124,0,-5,0|1000938,-14191,400,2,6,0|784662,22186,-619937,2,8,-1]
[2181139975:-697654,-1873,-715016,-1,0,-1|1001428,-14681,-90,1,1,0|778289,22676,-626821,0,-3,1]
[2181144975:-697163,-2363,-716493,-2,2,-2|1001918,-15170,892,-1,-2,0|777799,23166,-627313,-1,-8,4]
[2181149975:-703057,-2363,-709109,0,0,0|1001428,-15170,4334,-1,-1,0|783681,23166,-619937,-2,-4,3]
[2181154975:-708950,-1873,-701724,2,-4,1|1000447,-15170,7284,0,1,0|788583,22676,-612070,0,4,0]
[2181159975:-708459,-1384,-700740,1,-5,1|998977,-15170,8759,0,2,0|787113,22186,-612070,2,7,-2]
[2181164975:-703057,-1873,-705663,0,-1,-1|997996,-15660,7284,0,0,0|780740,22676,-617479,1,1,0]
[2181169975:-699619,-2853,-709601,-1,2,-3|997506,-15660,5317,0,-1,0|776329,23166,-621904,-1,-6,2]
[2181174975:-702075,-2363,-707140,-1,2,-3|997506,-16149,5317,0,-3,0|779270,23166,-618954,-1,-7,2]
[2181179975:-707477,-1384,-701232,0,-1,0|997506,-16149,7284,0,-2,0|785642,22676,-612562,0,0,0]
[2181184975:-708459,-404,-700247,1,-4,1|997996,-16149,8267,0,0,0|788093,21696,-610595,1,6,-2]
[2181189975:-703548,-404,-706155,1,-1,0|998977,-16149,6792,0,0,0|783681,21696,-616495,1,4,-1]
[2181194975:-697654,-404,-713539,0,3,-1|999957,-16638,4334,0,-3,0|777309,21696,-625346,0,-6,0]
[2181199975:-696672,-404,-715509,-1,5,-1|1000447,-16638,2367,0,-7,0|776329,21696,-628296,-1,-13,1]
[2181204975:-701583,85,-711078,0,3,0|1000938,-17128,1876,-2,-6,0|782211,21206,-622888,-1,-7,1]
[2181209975:-706986,574,-705170,1,-1,1|1000938,-17128,1876,-3,-2,0|788583,21206,-616495,0,2,0]
[2181214975:-706986,-404,-704186,2,-3,1|1000447,-16638,892,-2,0,0|787603,21206,-616004,0,5,-1]
[2181219975:-702075,-1384,-709601,0,0,-1|999957,-16149,-1565,-1,0,0|781721,21696,-622396,0,0,0]
[2181224975:-699128,-1873,-713539,-1,2,-3|999957,-16149,-4024,0,0,0|777799,22186,-626821,0,-7,2]
[2181229975:-701092,-1384,-712555,-1,0,-3|1000447,-15660,-5007,0,-2,0|780740,22186,-624363,-1,-5,2]
[2181234975:-706004,-894,-707632,0,-2,-1|1000938,-15170,-2549,0,0,0|786623,21696,-618462,0,1,0]
[2181239975:-707477,-894,-705663,1,-4,0|1000938,-14681,400,1,2,0|788093,21696,-616495,1,6,-1]
[2181244975:-704039,-1873,-709109,1,-3,0|1001428,-14681,1876,0,2,0|783681,22676,-620921,1,3,0]
[2181249975:-698637,-2363,-714524,0,0,-1|1001428,-14681,892,0,0,0|778289,23656,-626821,0,-3,1]
[2181254975:-697654,-2853,-715016,-1,2,-2|1000938,-14191,-90,0,-3,0|777309,24636,-627313,-1,-7,1]
[2181259975:-701583,-3343,-710093,0,0,-1|1000447,-13702,-90,0,-2,0|781721,24146,-621904,0,-3,1]
[2181264975:-706004,-3343,-704678,0,-2,0|999957,-13702,400,0,0,0|786132,24146,-616004,0,2,0]
[2181269975:-706495,-4322,-703693,0,-6,0|999467,-13702,400,0,2,0|785642,24636,-615512,0,7,0]
[2181274975:-702566,-4812,-707632,0,-3,0|998977,-13212,-582,0,4,0|782211,25616,-619446,0,3,0]
[2181279975:-700110,-4812,-711078,0,0,-2|998977,-13212,-1074,0,2,0|779760,25616,-622396,-1,-2,2]
[2181284975:-701092,-4812,-710093,-1,0,-2|999467,-12723,892,0,0,-1|781231,25616,-621412,-1,-4,1]
[2181289975:-705021,-4322,-706155,0,-1,-1|999467,-13212,3842,0,0,0|785152,25126,-616987,0,0,0]
[2181294975:-706495,-3832,-704186,1,-3,0|999467,-13702,6792,0,1,0|786623,24636,-614528,1,4,0]
[2181299975:-704530,-3832,-706155,1,-2,0|999467,-13702,8267,0,1,0|784172,25126,-616987,0,1,0]
[2181304975:-701583,-3832,-709601,0,0,0|999467,-14191,7776,0,-1,0|780250,25126,-620921,0,-5,0]
[2181309975:-700601,-3832,-709601,0,2,-1|999467,-14191,6792,-1,-3,0|779760,25616,-621412,-1,-7,0]
[2181314975:-703548,-3832,-706155,0,0,-1|999467,-14191,6301,0,-3,0|782701,25126,-617970,0,-3,0]
[2181319975:-706004,-3343,-702709,0,-1,0|998977,-13702,5809,0,-2,0|785152,24636,-615020,1,0,0]
[2181324975:-705512,-3832,-703201,0,-3,0|998486,-14191,3842,0,-1,0|785152,24146,-615512,1,2,-1]
[2181329975:-702566,-3832,-707632,0,0,0|998977,-14191,1876,0,0,0|782211,24146,-619446,0,0,0]
[2181334975:-700110,-3343,-711570,0,1,-1|999957,-14681,-90,0,-1,0|779760,24146,-622888,-1,-3,1]
[2181339975:-701092,-2853,-711078,0,0,-2|1000447,-14681,-582,0,-1,0|780740,23656,-622888,-1,-4,1]
[2181344975:-703057,-1873,-708616,0,0,0|1000447,-14681,400,0,0,0|783681,23166,-620429,0,-1,0]
[2181349975:-704039,-1873,-707632,0,-2,1|1000447,-14681,892,0,0,0|784172,22676,-619446,1,2,0]
[2181354975:-702566,-2363,-709109,1,-1,0|1000447,-15170,400,0,0,0|782701,23166,-620921,0,1,0]
[2181359975:-700110,-2853,-711570,0,0,0|1000447,-15170,-90,0,0,0|780250,23656,-623379,0,-3,1]
[2181364975:-700601,-2853,-711078,0,0,-1|1000938,-15170,-90,-1,-1,0|780250,23656,-622888,0,-4,1]
[2181369975:-702566,-2853,-709109,0,0,-1|1000447,-14681,892,-1,-1,0|782701,23656,-620429,0,-1,0]
[2181374975:-704530,-2853,-706647,0,-2,0|999957,-14681,1876,0,0,0|784172,23656,-617970,0,2,0]
[2181379975:-704039,-2363,-707140,0,-2,0|999957,-14681,1876,0,0,0|783191,23656,-618954,1,2,0]
[2181384975:-702075,-2363,-709601,0,-1,-1|999467,-15170,1384,0,0,0|780740,23656,-621904,0,0,0]
[2181389975:-701092,-2363,-711078,0,0,-1|999957,-15170,892,0,-1,0|780250,23656,-623379,-1,-2,1]
[2181394975:-702566,-1873,-710093,0,0,-1|1000447,-15170,892,-1,-1,0|782211,23166,-621904,0,-1,1]
[2181399975:-704530,-1384,-707632,0,-1,0|1000447,-15660,1384,0,0,0|784662,22186,-619446,0,0,0]
[2181404975:-705021,-1384,-706155,0,-3,0|1000447,-15660,1876,0,0,0|784662,21696,-617970,0,2,-1]
[2181409975:-703548,-1873,-707632,0,-2,0|1000447,-16149,2367,0,1,0|782701,21696,-619446,0,1,0]
[2181414975:-701583,-1873,-709109,0,-1,-1|999957,-16149,1876,0,0,0|781231,22186,-620921,0,0,1]
[2181419975:-701583,-1873,-708616,-1,0,-1|999957,-16638,2367,0,0,0|781231,22186,-620921,0,-2,1]
[2181424975:-703057,-1384,-707140,0,-1,-1|999467,-16638,3351,-1,0,0|782701,22186,-618462,0,0,0]
[2181429975:-704530,-1384,-705663,0,-1,0|998977,-16638,4826,0,0,0|784172,21696,-616495,0,2,0]
[2181434975:-703548,-894,-706647,0,-1,0|998977,-16638,5809,0,0,0|783191,21696,-617479,0,1,0]
[2181439975:-701583,-894,-708616,0,0,0|998977,-16638,5809,0,0,0|781231,21696,-619937,0,-2,0]
[2181444975:-700601,-894,-709601,0,0,-1|998977,-16638,5317,0,-1,0|780740,21206,-620921,0,-4,0]
[2181449975:-702075,-894,-708124,0,0,-1|998977,-16149,4826,0,-3,0|782211,21696,-619446,0,-3,0]
[2181454975:-703548,-894,-706647,0,0,0|998977,-16149,4826,-1,-2,0|783681,22186,-617479,0,-1,0]
[2181459975:-704530,-894,-705663,0,-1,0|998977,-15660,4826,-1,-1,0|784172,22186,-617479,0,0,0]
[2181464975:-703057,-894,-707632,0,0,0|999467,-15660,3351,0,0,0|782701,22186,-619446,0,0,0]
[2181469975:-701583,-1384,-709601,0,0,-1|999467,-15660,1876,0,-1,0|780740,22676,-621904,0,-1,0]
[2181474975:-702075,-1873,-710093,0,0,-1|999957,-15660,892,0,-1,0|781231,23166,-621904,0,-2,0]
[2181479975:-703548,-2363,-708616,0,0,0|999957,-15170,400,0,0,0|783681,23166,-620429,0,-1,0]
[2181484975:-704530,-2363,-707140,0,-1,0|1000447,-14681,400,0,0,0|784662,23166,-618954,0,1,0]
[2181489975:-704039,-2363,-708124,0,-2,0|1000447,-14191,892,0,0,0|784172,23166,-619446,0,1,0]
[2181494975:-702566,-3343,-709601,0,-1,0|1000447,-14191,892,0,0,0|782211,24146,-620921,0,0,0]
[2181499975:-701583,-4322,-710586,0,0,0|1000447,-14191,1384,0,0,0|781231,25126,-621904,0,-3,0]
[2181504975:-702566,-4322,-709109,0,0,0|999957,-13702,1876,0,0,0|782211,25126,-620921,0,-2,0]
[2181509975:-703548,-4322,-707140,0,-2,0|999467,-13702,2859,0,0,0|783191,25126,-618954,0,0,0]
[2181514975:-703548,-4322,-706647,0,-2,0|999467,-13702,3351,0,0,0|783681,25126,-618954,1,1,0]
[2181519975:-702566,-4322,-708124,0,-1,0|999467,-13702,3351,0,0,0|782211,25616,-619937,0,0,0]
[2181524975:-701583,-4322,-709601,0,0,0|999467,-13212,2859,0,-1,0|781231,26106,-621412,0,-2,0]
[2181529975:-702075,-4322,-709601,0,0,0|999957,-13212,2367,-1,-1,0|781231,26106,-621412,0,-3,0]
[2181534975:-703057,-4322,-708124,0,-1,0|999957,-13212,2367,0,-1,0|782701,25616,-619446,0,-1,0]
[2181539975:-704039,-3832,-707140,0,-1,0|999957,-13212,2367,0,0,0|783681,25126,-617970,0,0,0]
[2181544975:-703548,-3832,-707140,0,-2,0|999467,-13212,2367,0,0,0|783191,24636,-618462,0,0,0]
[2181549975:-702566,-3832,-708616,0,-1,0|999957,-13702,1384,0,0,0|782211,24636,-619937,0,0,0]
[2181554975:-702075,-3343,-709109,0,0,0|999957,-14191,400,0,0,0|781721,24146,-621412,0,-1,0]
[2181559975:-703057,-2853,-708616,0,0,0|999957,-14191,892,0,0,0|782701,23656,-620921,0,0,0]
[2181564975:-703548,-2853,-707632,0,-1,0|999957,-14191,1384,0,0,0|783681,23656,-619446,0,0,0]
[2181569975:-703548,-3343,-707140,0,-1,0|999957,-14191,2859,0,0,0|783681,23656,-618954,0,0,0]
[2181574975:-703057,-3343,-707632,0,0,0|999957,-14191,2859,0,0,0|782701,23166,-619446,0,0,0]
[2181579975:-702566,-2853,-708616,0,0,0|999957,-14191,3351,0,-1,0|781231,23166,-620921,0,-2,0]
[2181584975:-702566,-2363,-709109,0,0,0|999957,-14681,3351,0,-1,0|781721,23166,-620429,0,-2,0]
[2181589975:-703548,-1873,-708124,0,0,0|999957,-15170,3351,0,-1,0|782701,23656,-619446,0,0,0]
[2181594975:-704039,-2363,-706647,0,0,0|999957,-15170,2859,0,-1,0|782701,23656,-618954,0,0,0]
[2181599975:-703548,-1873,-707140,0,-1,0|999467,-15170,2367,0,-1,0|782211,23656,-619446,0,0,0]
[2181604975:-702566,-2363,-708124,0,0,0|999467,-15170,1384,0,-1,0|781721,23656,-620921,0,-1,0]
[2181609975:-702075,-1873,-709601,0,0,0|999957,-15660,892,0,-2,0|782211,23656,-621412,0,-2,0]
[2181614975:-702566,-1873,-709601,0,-1,0|1000447,-15660,400,0,-1,0|783191,23656,-620429,0,-1,0]
[2181619975:-703548,-1873,-709109,0,-1,0|1000447,-15660,892,0,0,0|783681,23656,-619937,0,0,0]
[2181624975:-704039,-1873,-708616,0,-1,0|1000447,-15660,892,0,0,0|783191,23166,-619937,0,0,0]
[2181629975:-703057,-1873,-708616,0,-1,0|1000447,-15660,400,-1,1,0|782701,23166,-620921,0,0,0]
[2181634975:-702566,-1873,-709109,0,0,0|1000447,-15660,400,0,0,0|782211,22676,-620921,0,0,0]
[2181639975:-702566,-1873,-709109,0,-1,0|1000447,-15660,1384,0,0,0|782701,22676,-620429,0,-1,0]
[2181644975:-703548,-1873,-708124,0,-1,0|999957,-15660,2859,0,0,0|783191,22186,-619446,0,0,0]
[2181649975:-704039,-1384,-707140,0,-1,0|999467,-15660,3351,0,1,0|783191,22186,-618954,0,1,0]
[2181654975:-703548,-1384,-707632,0,-1,0|999467,-15660,3842,0,1,0|782701,22186,-619446,0,0,0]
[2181659975:-703057,-1384,-708616,0,-1,0|999467,-16149,3351,0,0,0|781721,22186,-619937,0,-1,0]
[2181664975:-702566,-1873,-709109,0,-1,0|998977,-16149,2859,0,-1,0|781721,22186,-620429,0,-1,0]
[2181669975:-702566,-1384,-709109,0,0,0|998977,-16149,2859,0,-2,0|782701,21696,-619937,1,0,0]
[2181674975:-703057,-1384,-707632,0,-1,0|998977,-16149,1876,0,-1,0|783191,21696,-619446,0,0,0]
[2181679975:-703057,-1384,-707632,0,-1,0|999467,-16149,1384,0,0,0|783191,21696,-619446,0,0,0]
[2181684975:-702566,-1384,-708124,0,-1,0|999467,-16149,892,0,0,0|782701,21696,-619937,0,0,0]
[2181689975:-707968,-3343,-704678,0,-5,0|999467,-15660,892,0,0,0|781721,21696,-620429,0,-1,0]
[2181694975:-705021,-3343,-703693,0,-2,0|998977,-15660,892,0,-1,0|782211,21696,-620429,0,-1,0]
[2181699975:-705021,-2853,-704678,0,-1,0|999467,-15660,1384,0,0,0|782701,21696,-619937,0,0,0]
[2181704975:-704530,-2363,-705663,0,-1,0|999957,-15170,1876,0,0,0|783191,22186,-620429,0,0,0]
[2181709975:-703548,-1873,-707632,0,-1,0|1000447,-15170,1876,0,0,0|782701,23166,-620921,0,0,0]
[2181714975:-703057,-2363,-709109,0,-1,0|1000447,-14681,1876,0,-1,0|782211,23656,-621412,0,0,0]
[2181719975:-702566,-2853,-709601,0,0,0|1000447,-14681,1384,0,-1,0|782211,23656,-621412,0,-1,0]
[2181724975:-702566,-2853,-708616,0,0,0|999957,-14191,1384,0,-1,0|782701,23656,-620429,0,0,0]
[2181729975:-703548,-3343,-708124,0,-1,0|999957,-13702,892,0,0,0|783191,24146,-619937,0,0,0]
[2181734975:-703057,-3832,-707632,0,-1,0|999957,-13212,892,0,0,0|783191,24146,-619937,0,1,0]
[2181739975:-703057,-4322,-708124,0,-2,0|999957,-13212,892,0,0,0|782211,24146,-620429,0,0,0]
[2181744975:-702075,-4812,-709109,0,-1,0|999957,-13212,892,0,0,0|781721,24636,-620429,0,0,0]
[2181749975:-702075,-4322,-709109,0,-1,0|999467,-13212,1384,0,0,0|782211,24636,-620429,0,0,0]
[2181754975:-702566,-4322,-708124,0,-1,0|999467,-13702,2367,0,0,0|782211,25126,-619446,0,0,0]
[2181759975:-703057,-3832,-707632,0,0,0|999467,-13702,2859,0,1,0|782211,25126,-619446,0,1,0]
[2181764975:-703057,-3832,-707140,0,-1,0|999467,-14191,3351,0,0,0|781721,25126,-619937,-1,0,0]
[2181769975:-702566,-3343,-707632,0,0,0|999467,-14191,3351,0,0,0|781231,24636,-620429,0,-1,0]
[2181774975:-702566,-3343,-707632,0,0,0|999467,-14191,3842,0,-1,0|781721,24636,-619937,0,-2,0]
[2181779975:-703548,-3343,-707140,0,0,0|999957,-14191,3842,0,-1,0|782701,24636,-618954,0,-1,0]
[2181784975:-703548,-3343,-707140,0,0,0|999957,-14191,3842,0,0,0|783191,24636,-618462,0,0,0]
[2181789975:-704039,-2853,-707140,1,-1,0|999957,-14191,3842,0,0,0|794956,35417,-631738,0,3,0]
[2181794975:-703548,-2853,-708124,0,0,0|999957,-14681,3842,0,0,0|792015,32477,-630263,0,0,0]
[2181799975:-703548,-2363,-708616,0,0,0|1000447,-15170,3351,0,-1,0|788093,28557,-627313,0,-1,0]
[2181804975:-703548,-1873,-709109,0,0,0|999957,-15170,2859,0,-1,0|785152,25616,-623871,0,-2,0]
[2181809975:-704039,-1384,-709109,0,0,0|999957,-15660,2367,0,-1,0|784172,23166,-621412,0,-1,0]
[2181814975:-704039,-1384,-708616,0,-1,0|999957,-15660,1876,0,-1,0|783681,22186,-619937,0,0,0]
[2181819975:-704039,-1384,-708616,0,-1,0|999957,-15660,892,0,-1,0|783191,21696,-619937,0,0,0]
[2181824975:-703548,-1384,-708616,0,-1,0|999957,-15660,400,-1,-1,0|782211,21696,-620429,0,-1,0]
[2181829975:-703057,-1384,-709109,0,-1,0|999957,-15170,400,0,0,0|781721,21696,-620429,0,-1,0]
[2181834975:-702566,-1873,-709109,0,-1,0|999467,-15170,892,0,0,0|781721,22676,-619937,0,0,0]
[2181839975:-702566,-1873,-708616,0,0,0|999467,-15170,1384,0,0,0|781721,22676,-619937,0,0,0]
[2181844975:-702566,-2363,-708616,0,0,0|999467,-15170,1384,0,0,0|781721,22676,-619937,0,0,0]
[2181849975:-702075,-2363,-708616,0,-1,0|999467,-14681,1384,0,0,0|781721,22676,-620429,0,0,0]
[2181854975:-702075,-2363,-709109,0,0,0|999467,-14681,1384,0,0,0|781721,23166,-620921,0,0,0]
[2181859975:-702075,-2363,-709109,0,0,0|999957,-14681,1384,0,-1,0|781721,23166,-620921,1,0,0]
[2181864975:-702566,-2853,-708616,0,0,0|999467,-15170,1384,0,0,0|782211,23166,-620429,0,0,0]
[2181869975:-702566,-2363,-708616,0,-1,0|999467,-15170,1384,0,0,0|782701,22676,-619937,0,0,0]
[2181874975:-702566,-2363,-708616,0,-1,0|999957,-15170,892,0,0,0|782701,23166,-619937,0,0,0]
[2181879975:-702566,-2363,-709109,0,-1,0|999957,-15170,1384,0,0,0|782211,23166,-619937,0,0,0]
[2181884975:-702566,-2853,-709109,0,-1,0|999957,-15170,1384,0,0,0|782211,23656,-620429,0,0,0]
[2181889975:-703057,-2853,-709109,0,-1,0|999957,-15170,1384,0,0,0|782211,23166,-620429,0,0,0]
[2181894975:-703548,-2363,-708616,0,-2,0|1000447,-15170,1876,0,0,0|782701,23166,-620429,0,0,0]
[2181899975:-703548,-2853,-708616,0,-2,0|1000447,-14681,2367,0,1,0|782701,23166,-620429,0,1,0]
[2181904975:-702566,-2853,-708124,0,-2,0|999957,-15170,2859,0,0,0|782701,23166,-619937,0,1,0]
[2181909975:-702566,-2853,-708124,0,-2,0|999957,-15170,2859,0,0,0|782211,23166,-619937,0,0,0]
[2181914975:-703057,-2363,-707632,0,-1,0|999467,-15170,3351,0,0,0|782211,23166,-619937,0,0,0]
[2181919975:-703548,-2363,-707632,0,-1,0|999467,-15170,3842,0,0,0|782211,23166,-619446,0,0,0]
[2181924975:-703548,-2363,-707632,0,-1,0|998977,-15170,4334,0,0,0|782211,23166,-618954,0,0,0]
[2181929975:-703548,-2363,-707140,0,-1,0|998977,-15170,3842,-1,0,0|781721,23656,-618954,0,0,0]
[2181934975:-703057,-2853,-707140,0,-1,0|998486,-15170,3351,0,-1,0|780740,23656,-618954,0,0,0]
[2181939975:-702566,-2853,-707140,0,0,0|998486,-14681,3351,0,-1,0|780740,23656,-618954,0,-1,0]
[2181944975:-702566,-3343,-707632,0,0,0|998486,-15170,3842,0,-1,0|781231,23656,-618954,0,-1,0]
[2181949975:-702566,-2853,-707632,0,0,0|998486,-15170,3842,0,-1,0|781721,23656,-618462,0,-1,0]
[2181954975:-703057,-2853,-707632,0,0,0|998977,-15170,4334,-1,-1,0|782211,23166,-618462,0,-1,0]
[2181959975:-703057,-2853,-707632,0,0,0|999467,-15170,3842,-1,-1,0|782701,23166,-618462,0,-1,0]
[2181964975:-703057,-2363,-707140,0,-1,0|999467,-15170,3351,-1,-1,0|783191,23166,-618954,0,-2,0]
[2181969975:-703548,-1873,-707140,0,0,0|999957,-14681,3351,0,-1,0|783681,23166,-619446,0,-1,0]
[2181974975:-703548,-1873,-707632,0,0,0|1000447,-14191,2859,-1,-1,0|783191,23166,-619937,0,-1,0]
[2181979975:-703548,-1873,-708124,0,0,0|1000938,-14191,2367,-1,0,0|783191,23166,-620429,0,-1,0]
[2181984975:-703548,-1384,-708616,0,0,0|1000447,-14681,1876,-1,-1,0|783191,23656,-620921,0,-2,0]
[2181989975:-703548,-1873,-709109,0,0,0|1000447,-15170,1384,0,-1,0|783191,23656,-620921,0,-1,0]
[2181994975:-703548,-2363,-709109,0,0,0|1000447,-15170,892,-1,0,0|783191,23166,-621412,0,-1,0]
[2181999975:-703057,-2853,-709109,0,-1,0|1000447,-15170,400,-1,-1,0|782701,23166,-621412,0,-1,0]
[2182004975:-703057,-2853,-709109,0,-1,0|999957,-14681,-582,0,0,0|782211,23166,-621412,0,-1,0]
[2182009975:-702566,-2363,-709601,0,0,0|999957,-14681,-1074,0,0,0|782211,23166,-621412,0,0,0]
[2182014975:-702075,-2363,-709601,0,-1,0|999957,-14681,-1074,0,0,0|782211,23166,-621412,0,0,0]
[2182019975:-702566,-2363,-709109,0,-2,0|999957,-14681,-582,0,0,0|781721,23656,-621412,0,0,0]
[2182024975:-702566,-2853,-709601,0,0,0|999957,-15170,400,0,0,0|781721,23656,-621412,0,0,0]
[2182029975:-702566,-2853,-709109,0,-1,0|999957,-15170,892,0,0,0|782211,23656,-620921,0,0,0]
[2182034975:-702566,-2853,-709109,0,-1,0|999957,-14681,1876,0,0,0|782211,23656,-620429,0,0,0]
[2182039975:-702566,-2363,-709109,0,-1,0|1000447,-15170,2367,0,0,0|782211,23656,-620429,0,0,0]
[2182044975:-702566,-2363,-708616,0,-1,0|1000447,-14681,2859,0,0,0|782701,23656,-619937,0,0,0]
[2182049975:-703057,-2363,-708124,0,-1,0|1000447,-14681,3351,0,0,0|783191,23656,-619446,0,0,0]
[2182054975:-703057,-2363,-707632,0,-2,0|1000447,-14191,3842,0,0,0|783191,23166,-619446,0,0,0]
[2182059975:-703057,-1873,-707632,0,-2,0|1000447,-14191,4334,0,0,0|783191,22676,-619446,0,0,0]
[2182064975:-703057,-1873,-707140,0,-1,0|1000447,-14191,4334,0,0,0|783191,22676,-619446,0,-1,0]
[2182069975:-703057,-1873,-707632,0,-1,0|999957,-14191,3842,0,-1,0|782701,23166,-619446,0,-1,0]
[2182074975:-703057,-2363,-707632,0,-1,0|999957,-14191,3842,0,-1,0|782701,23656,-619446,0,-1,0]
[2182079975:-703057,-2853,-707632,0,0,0|999957,-14191,3351,0,0,0|783191,23656,-618954,0,-1,0]
[2182084975:-703057,-2853,-707632,0,-1,0|999957,-14681,2859,0,0,0|783191,24146,-618954,0,0,0]
[2182089975:-703057,-3343,-707632,0,-2,0|999957,-14681,2367,-1,0,0|783191,24146,-618954,0,0,0]
[2182094975:-702566,-3343,-707632,0,-1,0|999957,-14681,2367,-1,-1,0|782211,24636,-618954,0,0,0]
[2182099975:-702566,-3832,-708124,0,-1,0|999467,-14681,1876,-1,-1,0|782211,24636,-619446,0,0,0]
[2182104975:-702075,-3343,-708124,0,0,0|999467,-14191,1876,0,0,0|782211,24636,-619937,0,0,0]
[2182109975:-702566,-3343,-708124,0,0,0|999957,-14191,1876,0,-1,0|782211,24146,-620429,0,0,0]
[2182114975:-702566,-3343,-708124,0,0,0|1000447,-14191,1876,0,-1,0|782211,24146,-620429,0,0,0]
[2182119975:-703057,-3343,-708616,0,0,0|999957,-14191,1876,0,-1,0|781721,24146,-620921,0,0,0]
[2182124975:-703057,-3343,-708616,0,0,0|999957,-13702,1876,0,-1,0|781721,24146,-620921,0,0,0]
[2182129975:-703057,-2853,-709109,0,0,0|999957,-14191,1384,0,-1,0|782211,24146,-621412,0,0,0]
[2182134975:-704530,-3343,-706647,1,-2,0|1000938,-14191,1384,-1,-1,0|790544,23166,-615512,6,14,0]
[2182139975:-726140,-11178,-660371,7,-111,-14|1003880,-15170,-2057,-2,-6,0|824367,17776,-584534,17,184,-13]
[2182144975:-855797,-46929,-491513,72,-592,-42|1013195,-16149,-9432,-2,-23,0|931228,-4766,-498976,73,855,26]
[2182149975:-1382285,-182094,168657,619,-2968,-126|1024472,-12234,-26641,3,-86,0|1247890,16795,-257052,14,2633,118]
[2182154975:-1728039,-27339,709201,473,-6414,-67|1014176,-10276,-16807,19,-107,0|1752783,-7216,176638,-79,5404,199]
[2182159975:-1886673,14776,765815,237,-7919,-88|994074,-12234,20559,20,-11,25|1163577,133917,-565357,18,8901,138]
[2182164975:-1759962,93623,497020,-261,-7778,-194|974952,-12234,32360,-17,106,22|1215047,154009,-464064,69,9033,103]
[2182169975:-1764382,17715,349331,-337,-8416,-154|969558,-11744,-3532,-13,125,-6|1239066,176551,-513235,55,9539,116]
[2182174975:-1682364,-64069,46568,83,-9848,-52|977403,-17617,-52208,10,41,-20|1154264,130487,-702053,1,9902,188]
[2182179975:-1563511,-125285,-340378,338,-10645,-128|986229,-18107,-55158,-3,-16,-15|1006717,78542,-882021,-124,9536,286]
[2182184975:-1311072,-94922,-770646,295,-10227,-281|999467,-10765,-1565,0,18,-2|971424,34437,-835308,-163,8983,285]
[2182189975:-1069437,-60151,-1064548,114,-8827,-347|1010744,-6850,56944,26,77,5|961620,6995,-734015,0,8498,185]
[2182194975:-1038005,-51336,-1030579,443,-8417,-206|1018098,-13212,67269,11,48,5|940542,-1335,-717788,49,8003,162]
[2182199975:-998715,75013,-955750,318,-8510,-16|1019079,-12234,49077,-19,-47,-1|924856,12385,-755159,-6,7737,182]
[2182204975:-988893,88726,-910459,53,-8326,22|1012705,-12723,41210,-4,-92,4|922895,11895,-703529,-78,7489,210]
[2182209975:-1028674,12328,-815937,114,-7936,-96|1002899,-19086,48093,-21,-63,5|957698,17286,-501434,-101,7236,216]
[2182214975:-1129355,-68477,-588496,284,-7776,-191|990641,-17617,46618,-33,-14,2|1058677,14835,-296881,-67,7266,232]
[2182219975:-1296338,-98840,-279825,472,-8203,-190|988680,-12234,17118,2,-17,1|1205733,26596,-150350,-27,7730,214]
[2182224975:-1395546,-59172,-128690,385,-8745,-162|986229,-15660,-17791,10,-45,-3|1324849,31007,-54466,-61,8290,218]
[2182229975:-1392108,-894,-121797,166,-8821,-135|985738,-18596,-34999,-13,-30,-4|1355241,23166,113,-77,8633,230]
[2182234975:-1413226,5472,-52876,116,-8915,-136|989170,-13212,-32541,1,13,0|1315045,12875,5522,-82,8693,236]
[2182239975:-1434345,-11668,16045,179,-9181,-136|995544,-14191,-23199,10,49,3|1233184,-355,-24472,-30,8536,227]
[2182244975:-1389161,-43500,-76998,271,-9190,-145|1004370,-19575,-24674,-5,46,-2|1164558,16305,-78560,-28,8340,227]
[2182249975:-1311072,-44970,-238964,239,-8859,-170|1010253,-19575,-30574,-8,9,-8|1101814,34927,-173461,-80,8085,202]
[2182254975:-1300267,-61620,-282779,257,-8712,-196|1014176,-19086,-28608,13,-20,-2|1030736,40318,-221157,-145,7734,182]
[2182259975:-1283078,-62110,-235518,359,-8766,-218|1014666,-21533,-8449,8,-13,3|906228,8955,-209356,-161,7107,183]
[2182264975:-1146544,-15096,-221242,269,-8364,-236|1013686,-20064,13184,-10,22,3|743486,-8686,-155759,-76,6225,188]
[2182269975:-994786,6451,-226165,157,-7645,-177|1010253,-15170,18101,-17,40,0|568489,-23877,-132649,50,5168,177]
[2182274975:-877898,39263,-269979,130,-6971,-66|1002899,-16149,2859,-15,24,0|410648,-6726,-259511,67,3761,126]
[2182279975:-758063,43181,-379761,26,-6142,-40|995054,-17617,-13366,0,1,1|302317,9935,-399158,17,2251,64]
[2182284975:-579784,15756,-550097,-12,-4966,-85|988190,-15660,-16807,26,-9,-1|293003,23166,-386865,0,741,3]
[2182289975:-335694,7431,-750462,-1,-3305,-50|985738,-15660,-8449,31,-5,-2|360649,26596,-235417,-2,-106,-24]
[2182294975:-200143,-404,-801661,24,-1646,16|990151,-18107,3351,4,-1,1|496431,12385,-29389,-8,-562,-23]
[2182299975:-242380,-25380,-653479,72,-569,2|1000447,-18596,9742,-11,-6,0|662115,7975,159920,-6,-694,-13]
[2182304975:-360250,-42031,-409299,87,58,-6|1006331,-18596,15151,-5,-11,-3|793975,11405,292191,-6,-734,-14]
[2182309975:-504642,-57213,-170535,146,482,7|1005350,-20064,18593,-9,-12,-3|895935,2094,391026,-11,-703,-17]
[2182314975:-633808,-42521,31799,229,776,48|1000447,-16638,18101,-20,-13,0|974365,-7706,447573,1,-560,-9]
[2182319975:-757081,-22442,226256,252,875,98|996035,-13212,11217,-1,-16,3|1037599,-6236,481009,0,-311,-6]
[2182324975:-887721,-36154,407914,206,775,41|994564,-16149,1876,7,-15,0|1054755,4544,496252,-9,-46,-6]
[2182329975:-991839,-38113,561511,117,529,-37|993583,-18596,-4515,-2,-5,-6|1021913,8465,479534,-14,49,-4]
[2182334975:-1055686,-13627,691970,16,173,-28|998977,-15660,-3532,1,9,-3|977306,-845,450031,-7,27,1]
[2182339975:-1053230,85,723970,-42,-111,2|1005350,-14191,-582,3,25,1|940052,-9176,425937,13,-29,9]
[2182344975:-1010502,-5791,637325,-35,-150,6|1008292,-14681,-2057,-4,24,1|929758,-845,396434,10,-40,2]
[2182349975:-965319,-17055,507851,-21,-85,3|1005841,-13212,-3532,3,4,0|940542,5034,352180,0,0,-5]
[2182354975:-915715,-25870,388222,-9,25,5|1000447,-12723,400,13,-12,2|935640,3074,328086,-5,1,0]
[2182359975:-893614,-31257,345885,3,86,1|996525,-14681,10234,0,-12,1|920934,3564,346280,-8,-27,3]
[2182364975:-890176,-44480,416776,8,72,-3|996525,-14191,18101,-6,-3,0|914562,7975,382666,2,-20,3]
[2182369975:-905892,-39093,443852,14,39,-8|999467,-12234,22526,-4,3,-1|921424,9445,404794,5,20,-2]
[2182374975:-910312,-29788,428591,8,-17,-4|1000447,-11744,19084,-10,0,0|926816,3564,392009,9,27,1]
[2182379975:-909821,-30278,407422,0,-21,0|998977,-11255,8759,-3,-9,1|929758,6504,358572,3,5,4]
[2182384975:-903928,-36644,390684,-7,2,4|995054,-10276,-2057,9,-16,0|926326,12875,340871,0,-22,0]
[2182389975:-904419,-38603,404468,-4,36,1|992603,-11255,-7957,2,-12,-2|921424,13855,355130,-1,-18,-3]
[2182394975:-906383,-37134,429083,4,36,-3|994074,-12234,-9432,-6,-2,-2|921915,9445,377258,-1,-4,-1]
[2182399975:-915715,-34685,440898,6,8,-4|998977,-11744,-9924,-2,8,-2|927797,6014,388075,4,14,3]
[2182404975:-921608,-30278,427606,1,-19,-3|1005350,-10765,-11399,-1,10,-1|933189,6995,379716,2,6,0]
[2182409975:-918170,-25380,405453,-8,-27,1|1008783,-10765,-11399,1,4,0|942502,4054,362998,0,0,0]
[2182414975:-912768,-28319,397576,-7,0,5|1008292,-10765,-8449,6,-1,2|942502,1114,355130,-3,-4,0]
[2182419975:-908839,-35665,406437,-1,22,5|1004370,-11255,-2549,1,-1,2|935640,2584,364965,-1,-5,2]
[2182424975:-911295,-38113,426622,6,25,-1|1000938,-12234,2859,-2,1,0|928287,7485,376766,2,2,2]
[2182429975:-911786,-35175,430560,2,0,-2|999467,-12723,5317,-1,4,-1|926816,7975,382666,0,12,0]
[2182434975:-909330,-30767,420222,-1,-23,0|998486,-12234,4826,-4,5,0|925346,4054,376766,1,6,1]
[2182439975:-903928,-32237,405453,-2,-17,1|997996,-12234,2859,-4,1,2|927307,4544,366932,0,-2,2]
[2182444975:-902945,-34196,403976,0,8,1|997015,-12723,1876,3,-3,0|927797,6995,360539,-1,-3,0]
[2182449975:-903437,-32237,417268,2,29,0|996035,-13212,2367,4,-2,-1|924856,6995,365948,0,-2,0]
[2182454975:-904419,-29788,433021,-1,13,0|996035,-13702,4826,1,2,0|921915,3074,376274,1,-1,1]
[2182459975:-906383,-31257,435975,-3,-8,0|997015,-15170,7284,1,5,0|921915,3074,385125,2,6,2]
[2182464975:-906874,-32726,423668,-4,-21,1|998977,-15660,8759,-1,5,0|923875,4054,385617,0,9,0]
[2182469975:-907857,-29298,411853,0,-6,-1|1000938,-15660,9251,0,1,0|927797,2584,374307,0,2,0]
[2182474975:-908839,-25870,406437,1,10,0|1001428,-15660,8759,2,-5,0|931718,134,364473,0,-5,1]
[2182479975:-910312,-26360,413822,0,15,2|1000938,-16149,7776,0,-8,1|931228,-845,364473,0,-7,1]
[2182484975:-908348,-29788,422191,-1,5,2|999957,-16149,6792,-1,-5,1|929267,624,373324,1,-3,1]
[2182489975:-907857,-30767,423668,0,-3,0|998977,-17617,4826,-1,-1,0|926326,1604,379224,3,2,0]
[2182494975:-908348,-29788,415791,2,-4,-2|997996,-18596,400,-5,0,0|925346,1604,377258,2,1,1]
[2182499975:-907857,-27829,408899,2,-1,-2|997996,-18107,-4024,-5,0,0|927307,2584,368898,-1,-1,0]
[2182504975:-907366,-26360,409883,0,9,0|997996,-18107,-5990,1,-1,0|928777,2094,361523,-1,-4,-1]
[2182509975:-906874,-26850,417268,-3,10,2|997506,-18107,-4024,4,-1,0|927307,134,364965,-1,-6,0]
[2182514975:-907366,-28319,426129,-3,5,0|997996,-18107,-582,1,1,0|925836,-845,373816,1,-1,2]
[2182519975:-909821,-29298,425145,-2,-6,0|999957,-18596,1876,0,3,0|927307,134,380208,3,5,1]
[2182524975:-912277,-27829,417268,0,-9,-2|1002409,-19575,2367,-2,2,-1|928777,624,377258,2,6,0]
[2182529975:-911295,-25380,407422,1,-5,-1|1002899,-19086,1876,-3,-1,-1|931718,-355,368407,0,0,0]
[2182534975:-910804,-25380,405945,0,5,0|1002409,-18596,892,0,-5,0|932699,-1335,362014,0,-4,0]
[2182539975:-910312,-26850,412837,0,11,0|1000938,-18596,400,1,-5,0|931228,-845,363981,0,-4,1]
[2182544975:-910804,-27339,421206,0,5,0|1000938,-18107,-582,0,-1,0|929758,-355,371357,2,0,2]
[2182549975:-911295,-26850,423175,0,-2,0|1000938,-17617,-2549,0,2,0|929758,-355,376274,1,3,0]
[2182554975:-910312,-27829,418745,-1,-9,0|1000938,-18107,-4024,-1,4,0|929267,134,376274,-1,3,0]
[2182559975:-908348,-28809,415299,0,-4,0|1000938,-17617,-3532,0,4,0|929267,1604,372832,-2,2,0]
[2182564975:-906383,-28319,414806,0,3,0|999467,-16638,-1074,1,3,0|928287,2094,369390,-1,0,0]
[2182569975:-906383,-27339,419729,-1,5,0|998486,-16149,3351,2,1,0|926816,1114,370374,0,1,0]
[2182574975:-905892,-29298,422683,-2,-1,1|997996,-15660,7776,1,1,0|924856,624,373324,1,1,2]
[2182579975:-906874,-32726,420222,-2,-6,1|997996,-15170,11709,0,0,0|924365,2584,375291,2,2,2]
[2182584975:-906874,-33706,413329,0,-6,0|998977,-15660,12201,-2,-2,0|924365,4544,374307,0,0,0]
[2182589975:-906874,-32726,410376,2,2,-2|999467,-15170,10726,-4,-5,0|926326,5034,371357,0,-1,0]
[2182594975:-906383,-30767,413329,3,10,-2|999467,-14191,8759,-4,-6,0|926816,4054,368407,0,-4,0]
[2182599975:-906383,-30278,420222,2,9,0|998486,-13702,5809,-2,-6,0|926816,3564,369882,1,-5,0]
[2182604975:-906383,-31257,424652,0,2,0|997506,-13702,2367,0,-3,0|926326,4054,372832,2,-2,1]
[2182609975:-906874,-31747,423668,-3,-5,0|997996,-13212,-582,1,0,-1|926326,4054,375291,3,0,1]
[2182614975:-909330,-31747,419237,-2,-4,0|999957,-12234,-2549,0,1,0|927797,4544,375782,2,0,1]
[2182619975:-911295,-31747,415299,-1,0,0|1002409,-12234,-3532,0,1,0|930738,5524,373816,0,0,0]
[2182624975:-912277,-31257,415791,0,4,0|1003389,-12234,-2549,0,0,0|932699,5524,370865,0,0,0]
[2182629975:-911786,-31257,416776,0,3,1|1002899,-11255,-582,0,0,1|932699,4544,369882,1,0,1]
[2182634975:-911295,-32726,416283,-1,-2,1|1001428,-11744,892,0,0,0|930738,4544,369882,1,0,2]
[2182639975:-910804,-34685,412837,0,-5,1|1000938,-11255,892,0,-1,0|929758,6504,370374,1,2,1]
[2182644975:-909821,-36154,409883,1,-1,0|999957,-11255,-90,-1,-1,0|928287,7975,368898,0,1,0]
[2182649975:-909330,-36154,410868,2,5,0|999467,-11255,-1565,-3,-1,0|927797,8465,367915,0,0,0]
[2182654975:-908348,-35175,415791,1,6,0|998977,-11255,-2549,-1,0,-1|927797,7975,369390,0,0,0]
[2182659975:-907857,-34196,421206,0,2,0|998977,-10765,-2057,1,0,0|927307,6504,371849,1,2,0]
[2182664975:-907366,-33216,421699,-2,-4,0|998486,-10765,-582,2,2,0|926816,5524,373324,2,3,1]
[2182669975:-908348,-34196,418252,-2,-6,0|999467,-11255,400,2,2,0|926816,6014,372340,1,0,1]
[2182674975:-909330,-34685,412837,-1,-4,0|1000447,-11744,892,1,1,0|928287,6995,370865,0,0,0]
[2182679975:-910312,-34196,412345,0,0,0|1001918,-11744,1876,-1,0,0|929758,6504,370374,-1,-1,0]
[2182684975:-910312,-32237,414806,0,4,-1|1002899,-12234,2859,-2,0,0|930738,5034,371357,0,1,0]
[2182689975:-909821,-30767,418745,1,3,0|1002409,-12234,3842,-1,0,0|930248,3564,371849,1,0,1]
[2182694975:-909330,-30767,419729,1,-1,0|1000938,-13212,3351,0,0,0|929267,3564,371849,2,2,1]
[2182699975:-907857,-30767,418252,0,-4,0|999957,-14191,2367,0,0,0|927797,4054,371357,1,0,1]
[2182704975:-905892,-30767,417268,0,-1,0|998977,-15170,1384,0,0,0|926816,4054,372340,0,1,1]
[2182709975:-904910,-29788,418745,0,1,0|998486,-15170,1384,0,2,0|925836,3564,374307,-2,0,0]
[2182714975:-904910,-29788,422683,0,0,0|997996,-15660,2859,0,3,0|924856,3074,375782,0,3,1]
[2182719975:-905401,-28809,424160,0,0,0|997996,-16149,5809,2,3,0|924856,1604,375782,1,2,1]
[2182724975:-906383,-28809,421206,-2,-4,1|998486,-16149,8267,2,1,0|925346,1114,374307,2,0,1]
[2182729975:-906874,-28809,415299,0,0,0|999467,-16638,9251,1,-1,0|926816,624,372832,2,0,1]
[2182734975:-907857,-29298,411360,2,7,0|999957,-17128,9251,0,-3,0|926816,1114,370865,1,-1,1]
[2182739975:-908348,-29298,411853,2,8,-1|1000447,-17617,7284,-2,-5,0|927797,1604,370374,1,-2,0]
[2182744975:-909330,-28319,415791,1,2,-1|999957,-18107,4826,-2,-5,0|927797,1114,370865,1,-2,0]
[2182749975:-908839,-27339,419237,0,-1,-1|999467,-18596,1384,-1,-5,-1|928287,134,371849,2,-1,0]
[2182754975:-908348,-26360,419237,-1,-1,0|998977,-18596,-2057,0,-2,0|928287,-355,371849,2,0,1]
[2182759975:-908839,-26360,417268,-1,1,0|998977,-18596,-5007,1,0,0|928777,-355,371357,1,0,1]
[2182764975:-910312,-26850,415791,-1,2,0|999467,-18596,-6482,0,1,0|929758,134,370374,0,0,0]
[2182769975:-911295,-26850,416776,-1,0,0|1000447,-18596,-5990,0,2,0|930248,134,370865,-1,1,0]
[2182774975:-911295,-26360,418252,0,-2,0|1000938,-18596,-3532,0,4,0|930248,-845,371849,0,0,0]
[2182779975:-911295,-25870,417760,0,-4,0|1001428,-18596,-582,0,3,0|930248,-1335,371849,1,2,1]
[2182784975:-910804,-26360,415299,0,-3,0|1001428,-18107,2367,0,0,0|930738,-1335,369882,1,2,1]
[2182789975:-909821,-27339,412837,0,1,0|1000938,-18107,3842,0,0,0|929267,134,367423,0,-1,1]
[2182794975:-908348,-28319,412345,0,4,0|999957,-18107,4334,0,-2,0|928777,624,367915,0,-1,0]
[2182799975:-907366,-28809,415791,1,3,0|999467,-17617,4334,0,-1,0|927307,1114,370374,0,-1,0]
[2182804975:-906383,-28809,420714,0,0,0|998486,-16638,3842,-1,-1,0|926816,1114,373816,0,2,0]
[2182809975:-906383,-28809,422191,-1,-3,0|997996,-16638,3842,0,0,0|926326,1114,374307,2,2,1]
[2182814975:-906874,-28809,420222,-2,-4,0|997996,-16638,2859,1,1,0|927307,1604,373324,2,1,1]
[2182819975:-907366,-29298,416776,-2,0,0|998486,-16149,1876,1,0,-1|927307,2094,371849,1,2,0]
[2182824975:-908348,-29788,415299,0,4,0|998977,-15660,1876,0,0,0|927797,2094,371849,0,0,0]
[2182829975:-909330,-30278,416776,1,3,0|999957,-15660,2367,0,0,0|928287,2584,372340,0,0,0]
[2182834975:-910312,-30767,418252,0,-1,0|1000447,-15170,3351,0,0,0|928287,3564,372832,0,0,0]
[2182839975:-909330,-31257,418252,0,-2,0|1000938,-14681,3842,-1,-1,0|928287,3564,372832,1,1,0]
[2182844975:-908348,-31257,416776,0,0,0|1000447,-14681,3351,-1,-2,0|927797,3564,370865,1,-1,0]
[2182849975:-907366,-31747,414806,0,3,0|999467,-14191,2367,0,-2,0|927307,4544,369882,0,-3,0]
[2182854975:-906874,-33216,415791,0,3,0|998977,-13212,1384,0,-1,0|926816,5524,370374,-1,-3,0]
[2182859975:-906874,-33706,418745,0,1,0|998977,-13212,1384,0,-1,0|925836,6014,371849,0,-3,0]
[2182864975:-907366,-33216,420714,0,-1,0|998486,-13212,1384,0,0,0|926326,6014,374307,0,-2,0]
[2182869975:-908348,-32726,420714,-1,-2,0|998977,-12723,1876,0,0,0|927307,5524,374307,1,0,0]
[2182874975:-908839,-33216,417760,-1,0,0|999467,-12234,1876,0,0,0|928287,5524,373324,0,0,0]
[2182879975:-909330,-33216,415299,0,2,0|999957,-12234,1876,0,-1,0|929267,6014,370865,0,-1,0]
[2182884975:-909821,-33706,414314,0,3,0|1000938,-11744,1876,0,-2,0|929758,6504,370374,0,-2,0]
[2182889975:-910312,-33706,416283,0,1,0|1001428,-11255,1876,0,-2,0|929758,6504,370865,0,-2,0]
[2182894975:-910312,-33706,417760,0,0,0|1001428,-11255,892,0,-1,0|929758,6504,372340,1,-1,0]
[2182899975:-909821,-33706,418252,0,-1,0|1001428,-11255,-90,-1,0,0|929267,6504,372340,1,0,0]
[2182904975:-909330,-33706,416776,0,-1,0|1000938,-10765,-1565,0,0,0|928777,6504,370865,1,-1,0]
[2182909975:-908839,-33706,415791,0,0,0|1000447,-10765,-2549,0,1,0|928287,6504,369390,0,-3,0]
[2182914975:-908348,-33706,416283,0,1,0|1000447,-10765,-2549,1,0,0|927797,6504,368898,0,-6,0]
[2182919975:-908348,-33706,418252,0,0,0|999957,-11255,-1565,0,1,0|927307,6504,369882,0,-8,0]
[2182924975:-908839,-33216,419237,0,-2,0|999957,-11744,400,0,1,0|927307,6504,371357,0,-7,0]
[2182929975:-908839,-32726,418252,0,-2,0|999957,-11744,2367,0,1,0|928287,6014,371849,0,-6,0]
[2182934975:-908348,-32726,415791,0,0,0|999957,-12234,3842,0,1,0|928777,5524,371357,0,-5,0]
[2182939975:-908348,-32237,414314,0,2,0|999957,-12723,4334,-1,0,0|928777,5034,370374,0,-7,0]
[2182944975:-908348,-31257,415299,0,1,0|999467,-13212,4334,0,-1,0|927797,4544,369882,0,-10,0]
[2182949975:-907857,-30767,417268,0,0,0|999467,-13702,3842,0,-1,0|926816,3564,370865,0,-12,0]
[2182954975:-907857,-30278,418745,0,-1,0|999467,-14191,3351,0,0,0|926326,3074,371849,1,-13,0]
[2182959975:-907857,-29788,418745,0,-1,0|999467,-15170,2367,0,0,0|926816,2584,371849,1,-12,0]
[2182964975:-907857,-28809,417268,-1,0,0|999467,-16149,1384,0,0,0|927307,1604,371849,1,-10,0]
[2182969975:-908348,-28319,416283,-1,1,0|999467,-17128,892,0,0,0|928287,1604,371357,0,-10,0]
[2182974975:-908839,-28319,416776,0,1,0|999467,-17617,892,0,0,0|928777,1114,371849,0,-8,0]
[2182979975:-908839,-28319,417268,0,0,0|999467,-17617,1876,0,0,0|930738,134,373816,1,0,0]
[2182984975:-908348,-28319,417760,0,0,0|999957,-17617,2859,0,0,0|930738,-355,374799,1,7,0]
[2182989975:-908348,-27829,417760,1,0,0|1000447,-18107,3351,0,0,0|929758,-355,373324,1,5,0]
[2182994975:-908348,-27829,416283,0,0,0|1000447,-18107,3351,0,0,0|928777,-355,370374,1,0,0]
[2182999975:-908348,-27339,415299,0,1,0|999957,-18107,3351,-1,-1,0|928287,134,368898,1,0,0]
[2183004975:-907857,-27339,415791,0,2,0|999467,-18596,2859,0,-2,0|928287,-355,369390,0,1,0]
[2183009975:-907366,-27339,417760,0,2,0|998977,-18596,2367,0,0,0|927797,-355,370865,0,1,0]
[2183014975:-907857,-27829,418745,0,0,0|998977,-18596,1876,0,0,0|927307,134,371357,1,1,0]
[2183019975:-909330,-27339,418252,-1,-2,0|998977,-18107,1384,0,0,0|928287,624,370865,1,2,0]
[2183024975:-908839,-27829,416776,-1,-1,0|999467,-18107,400,0,0,0|928777,624,370374,0,1,0]
[2183029975:-908839,-27829,415299,0,1,0|999957,-17617,-90,0,0,0|928777,134,369882,1,0,0]
[2183034975:-908839,-28319,416283,1,2,0|999957,-17617,-90,0,0,0|929267,134,370374,0,0,0]
[2183039975:-908839,-28319,417760,0,0,0|999957,-17617,892,0,0,0|929758,134,371357,0,2,0]
[2183044975:-909330,-28809,419237,-1,-2,0|1000447,-17128,892,0,1,0|929267,624,371357,0,1,0]
[2183049975:-908839,-28809,418252,0,-1,0|1000447,-16638,1384,0,1,0|929267,1114,371357,1,0,0]
[2183054975:-908348,-29298,416776,0,1,0|999957,-16638,1876,0,0,0|929267,1604,371357,0,2,0]
[2183059975:-907857,-29788,416776,0,3,0|999957,-16149,1876,-1,0,0|929267,2094,371357,0,2,0]
[2183064975:-908348,-29788,418252,0,1,0|999957,-15660,2367,0,0,0|928777,2094,371357,0,0,0]
[2183069975:-908348,-29788,418745,0,-1,0|999957,-15660,2859,1,0,0|928287,2584,371849,1,0,0]
[2183074975:-907857,-30278,418745,0,-1,0|999467,-15170,3351,0,0,0|928287,2584,372340,1,1,0]
[2183079975:-907366,-31257,417760,0,1,0|999467,-15170,3351,0,0,0|928287,3074,372340,1,0,0]
[2183084975:-907857,-31257,416283,0,2,0|999957,-14681,3351,0,0,0|927797,3564,371357,0,0,0]
[2183089975:-908348,-31747,416776,0,0,0|999957,-14681,2367,0,-1,0|927797,4544,370865,0,0,0]
[2183094975:-908348,-31747,417268,0,0,0|999957,-14191,1876,0,-1,0|927797,4544,370865,0,0,0]
[2183099975:-907857,-31747,417760,0,0,0|999467,-13702,1384,0,0,0|927307,4544,371357,1,0,0]
[2183104975:-908348,-32237,417760,0,0,0|999957,-13212,1384,0,0,0|927797,5524,371357,1,0,0]
[2183109975:-908839,-32237,416776,0,0,0|999957,-13212,1384,0,0,0|928287,5524,370865,1,1,0]
[2183114975:-909330,-32726,416776,0,0,0|999957,-12723,1384,0,0,0|928287,5524,370374,0,0,0]
[2183119975:-908839,-33216,417268,0,0,0|999957,-12234,1384,0,0,0|928287,5524,370865,0,0,0]
[2183124975:-908348,-33216,418252,0,0,0|999467,-11744,1384,0,0,0|928287,5034,371357,0,1,0]
[2183129975:-907857,-33706,418745,0,0,0|999467,-11744,1876,0,0,0|928287,5034,372340,0,2,0]
[2183134975:-907857,-33706,418745,0,0,0|999467,-11744,2367,0,0,0|927797,5524,371849,1,1,0]
[2183139975:-907857,-33706,417760,0,0,0|999467,-11744,2859,0,0,0|928287,6014,371357,0,0,0]
[2183144975:-907366,-33706,416776,0,1,0|999467,-12234,2859,0,-1,0|928287,6014,370865,0,0,0]
[2183149975:-907366,-33706,416776,0,1,0|999467,-12234,2859,-1,-1,0|927797,6014,370865,1,0,0]
[2183154975:-907857,-33706,417268,0,1,0|999467,-12234,2859,-1,-2,0|928287,6504,370865,1,0,0]
[2183159975:-908839,-33216,417760,0,0,0|999957,-12234,892,0,-1,0|928777,6504,370865,0,0,0]
[2183164975:-908839,-32726,417760,0,0,0|999957,-12234,400,0,0,0|928777,6014,370865,0,0,0]
[2183169975:-908839,-32237,417268,0,0,0|999957,-12234,-90,0,0,0|929267,5524,370865,0,0,0]
[2183174975:-908839,-32237,417268,0,0,0|1000447,-12234,-90,0,0,0|929267,5034,370865,0,0,0]
[2183179975:-909821,-31747,418252,0,0,0|1000447,-12723,400,0,0,0|929758,4544,371357,1,1,0]
[2183184975:-909821,-31257,418252,-1,-1,0|1000938,-13212,892,0,0,0|929267,4054,370865,0,1,0]
[2183189975:-909330,-31257,417760,0,-1,0|1000938,-14191,1384,0,0,0|929267,3564,371357,1,0,0]
[2183194975:-908839,-31257,416283,0,0,0|1000447,-14681,1876,0,0,0|928777,3564,371357,1,1,0]
[2183199975:-908348,-30767,416283,0,0,0|999957,-15170,2367,0,1,0|928287,3564,371357,0,1,0]
[2183204975:-907857,-30278,416776,0,1,0|999467,-15660,2859,0,0,0|927797,3564,370865,0,0,0]
[2183209975:-907857,-29298,417268,0,0,0|998977,-16149,3351,0,0,0|927797,3074,370865,0,0,0]
[2183214975:-907366,-28809,417760,0,0,0|998977,-16638,3351,0,0,0|927797,2094,371357,0,0,0]
[2183219975:-907366,-29298,418252,0,0,0|998977,-16638,3351,0,0,0|927797,1604,371849,0,1,0]
[2183224975:-907857,-28809,417760,0,0,0|998977,-17128,2859,0,0,0|928287,1114,371849,1,1,0]
[2183229975:-908348,-28319,417268,0,0,0|999467,-17617,2859,0,0,0|928287,624,370865,0,1,0]
[2183234975:-908348,-27829,417760,0,0,0|999957,-18107,2859,0,0,0|928777,134,370374,1,0,0]
[2183239975:-908348,-28319,418252,0,0,0|999957,-18107,2859,0,0,0|928777,134,371849,2,2,0]
[2183244975:-908348,-28319,418252,0,0,0|999957,-18107,2859,0,0,0|928287,134,372340,0,0,0]
[2183249975:-907857,-27339,417760,-1,0,0|999467,-18107,1876,0,0,0|909170,-18487,370374,-1,0,0]
[2183254975:-908348,-27829,417268,0,0,0|999467,-18107,1384,0,0,0|911130,-14077,371357,0,0,0]
[2183259975:-907857,-28319,416776,0,0,0|998977,-18107,1876,0,0,0|917503,-6726,372340,0,1,0]
[2183264975:-907857,-28319,417268,0,1,0|998977,-17617,2367,0,0,0|921915,-2315,372340,0,0,0]
[2183269975:-907857,-27829,417760,0,0,0|998977,-17617,2859,0,0,0|925346,134,372340,0,0,0]
[2183274975:-907857,-27829,418252,0,0,0|999467,-17128,3351,0,0,0|927307,1604,371849,0,-1,0]
[2183279975:-907857,-27829,417760,0,0,0|999467,-17128,3351,0,0,0|928777,2094,371357,0,1,0]
[2183284975:-907857,-27829,416776,0,1,0|999467,-17128,3351,0,0,0|928777,1604,370865,1,0,0]
[2183289975:-907857,-28319,416776,1,2,0|999467,-17128,2859,0,0,0|928777,1114,370374,1,0,0]
[2183294975:-908348,-28809,417268,0,2,0|999957,-17128,1876,0,-1,0|928777,1114,370865,1,0,0]
[2183299975:-908839,-28809,417760,0,0,0|999957,-16638,1384,0,-1,0|928777,1604,370865,0,0,0]
[2183304975:-909330,-28809,417268,0,0,0|1000447,-16149,892,0,-1,0|929267,1604,370865,0,0,0]
[2183309975:-909330,-28809,416776,0,0,0|1000447,-16149,-90,0,-1,0|929267,1604,370865,1,0,0]
[2183314975:-909330,-29298,416283,0,0,0|1000447,-15660,-1074,0,0,0|929758,2094,371357,1,0,0]
[2183319975:-909821,-29298,416776,0,0,0|1000447,-15660,-1565,0,0,0|929758,2584,370374,1,1,0]
[2183324975:-909821,-29298,417760,0,0,0|1000447,-15170,-1565,0,0,0|929758,2584,370374,0,0,0]
[2183329975:-909821,-29788,417760,0,-1,0|1000447,-14681,-582,0,0,0|929758,3074,370374,0,0,0]
[2183334975:-909330,-30278,417760,0,-1,0|1000447,-14191,400,0,0,0|929758,3564,370865,0,1,0]
[2183339975:-909330,-31257,416776,0,0,0|1000938,-13702,892,0,1,0|929267,4054,370865,0,2,0]
[2183344975:-905892,-37134,412345,-1,0,0|1000447,-13702,1876,0,0,0|928777,4054,370865,0,0,0]
[2183349975:-906383,-36644,413822,0,0,0|1000447,-13212,2367,1,0,0|928287,4054,370865,0,0,0]
[2183354975:-906874,-35665,416283,0,-1,0|999957,-12723,2859,0,0,0|927797,5034,371357,0,1,0]
[2183359975:-906874,-34685,417268,0,0,0|999467,-12723,3351,0,0,0|926816,5524,371849,0,0,0]
[2183364975:-906874,-33706,417760,0,0,0|998977,-12234,3351,0,0,0|927307,6014,372340,1,0,0]
[2183369975:-907366,-32726,417760,0,0,0|998977,-11744,3351,0,0,0|926816,6014,371357,0,0,0]
[2183374975:-907366,-32726,417760,-1,0,0|998977,-11255,3842,0,0,0|927307,6504,371849,0,2,0]
[2183379975:-907366,-33706,418252,0,1,0|998977,-11255,3842,0,0,0|926816,6504,371849,0,0,0]
[2183384975:-907366,-33706,418252,0,0,0|998977,-11255,3842,0,0,0|927307,6014,372340,0,0,0]
[2183389975:-907366,-33706,418252,0,0,0|999467,-11744,3351,0,0,0|927307,6014,372832,0,0,0]
[2183394975:-907857,-33706,418252,0,0,0|999957,-11744,3351,-1,0,0|927797,6504,372832,0,1,0]
[2183399975:-907366,-33216,417760,0,0,0|999957,-11744,3351,0,0,0|927797,6014,372340,0,0,0]
[2183404975:-907857,-32726,417268,0,1,0|999957,-12234,2859,0,0,0|928287,5524,371849,0,0,0]
[2183409975:-907857,-32726,416776,0,0,0|999957,-12723,2367,0,0,0|927797,5524,371357,0,0,0]
[2183414975:-907857,-32726,417268,0,0,0|999957,-13212,1876,0,0,0|927797,5034,370865,0,0,0]
[2183419975:-908348,-32237,417268,0,0,0|999957,-13702,1384,0,-1,0|927797,5034,370374,1,0,0]
[2183424975:-908839,-31257,416776,0,0,0|1000447,-13702,1384,0,0,0|928287,4544,370374,0,0,0]
[2183429975:-908839,-31257,416283,0,0,0|1000447,-14191,892,0,-1,0|928287,3564,370865,0,1,0]
[2183434975:-908839,-30767,416283,0,0,0|1000447,-14681,400,0,0,0|928287,3074,370865,0,0,0]
[2183439975:-909330,-30278,416776,0,0,0|999957,-15170,-90,0,0,0|928777,3074,371357,0,0,0]
[2183444975:-909330,-29788,417268,0,0,0|999957,-15170,400,0,0,0|928777,2584,371849,0,0,0]
[2183449975:-908839,-29298,417268,0,0,0|999957,-15660,892,0,0,0|928777,2584,371849,0,1,0]
[2183454975:-908839,-29298,416776,0,0,0|999467,-16638,1384,0,0,0|928287,2094,371849,0,1,0]
[2183459975:-908839,-28809,416283,0,0,0|999467,-17128,1876,0,0,0|928777,1604,371357,0,1,0]
[2183464975:-908348,-28319,416283,0,0,0|999467,-17128,2367,0,0,0|928777,1114,370865,0,1,0]
[2183469975:-908348,-27829,417268,0,0,0|999467,-17617,2367,0,0,0|928777,134,370865,0,0,0]
[2183474975:-908348,-27829,417760,0,0,0|999957,-18107,2367,0,0,0|929267,134,371357,0,0,0]
[2183479975:-907857,-27339,417760,0,0,0|999957,-17617,2859,0,0,0|929267,-355,371849,0,1,0]
[2183484975:-907857,-27339,417760,0,0,0|999957,-17617,3351,0,0,0|928777,134,371849,0,0,0]
[2183489975:-907857,-27339,417760,0,0,0|999957,-18107,3351,0,0,0|928777,134,371357,0,0,0]
[2183494975:-907857,-26850,417760,0,0,0|999957,-18107,3842,0,0,0|928777,624,371849,0,0,0]
[2183499975:-907857,-26850,418252,0,0,0|999957,-18107,3842,0,0,0|928287,134,371849,0,0,0]
[2183504975:-907857,-27339,418252,0,0,0|999957,-17617,3351,-1,0,0|928287,624,371849,2,0,0]
[2183509975:-908348,-28319,418252,0,0,0|1000447,-17617,2367,0,0,0|928777,624,372340,2,1,0]
[2183514975:-907857,-28319,417760,0,0,0|999957,-17128,1876,0,-1,0|928287,1114,371849,2,1,0]
[2183519975:-907857,-28809,417268,0,0,0|999957,-17128,892,0,0,0|928287,1114,371849,2,0,0]
[2183524975:-908348,-29298,417268,0,0,0|999957,-16638,400,0,0,0|927797,1114,371357,1,0,0]
[2183529975:-908348,-29298,416776,0,0,0|999467,-16149,400,0,0,0|927797,1604,370865,1,0,0]
[2183534975:-907857,-29788,417268,0,0,0|999467,-15660,400,0,0,0|927307,2094,370865,1,0,0]
[2183539975:-907857,-29788,417268,0,0,0|999467,-15660,892,1,0,0|927797,2584,370865,0,0,0]
[2183544975:-908348,-30278,417268,0,0,0|999467,-15660,1384,0,0,0|928287,3074,370374,0,-1,0]
[2183549975:-908348,-30278,416776,0,0,0|999467,-15660,1876,0,0,0|928777,3074,370865,0,0,0]
[2183554975:-907857,-30278,416776,0,1,0|999957,-15170,2367,0,0,0|928287,3074,370865,0,0,0]
[2183559975:-908348,-30278,416776,0,1,0|999957,-15170,2367,0,0,0|928287,3564,371849,1,1,0]
[2183564975:-908348,-30278,417268,0,0,0|1000447,-14681,2367,0,0,0|928287,3564,371357,0,2,0]
[2183569975:-908348,-30767,417760,0,0,0|1000447,-14681,1876,0,-1,0|928777,3564,371357,0,0,0]
[2183574975:-908839,-31257,417760,0,0,0|1000447,-13702,1876,0,0,0|928287,4054,370865,0,0,0]
[2183579975:-908839,-31257,417760,0,0,0|999957,-13212,1876,0,0,0|928777,4054,371357,0,0,0]
[2183584975:-908348,-31257,417760,0,1,0|999957,-13702,1876,0,0,0|928777,4054,371849,0,1,0]
[2183589975:-908348,-31747,418252,0,0,0|999957,-13702,1876,0,0,0|928287,4054,371849,0,0,0]
[2183594975:-908348,-31747,418252,0,0,0|999957,-13702,1876,0,0,0|928287,4544,371849,0,0,0]
[2183599975:-908348,-31747,418252,0,-1,0|999957,-13212,2367,0,0,0|928777,4544,371849,0,1,0]
[2183604975:-908348,-32237,417760,0,0,0|999957,-13212,2859,0,0,0|928287,4544,371357,0,0,0]
[2183609975:-908348,-32726,417268,0,2,0|1000447,-13212,3351,0,0,0|928777,5034,371357,1,1,0]
[2183614975:-908839,-32726,417268,0,0,0|1000447,-12723,3351,0,0,0|928777,5524,370865,1,0,0]
[2183619975:-908839,-32726,417268,0,0,0|999957,-12234,3351,0,0,0|928777,5524,370865,1,0,0]
[2183624975:-908839,-32726,417268,0,0,0|999957,-12234,2859,0,0,0|928287,6014,370865,1,0,0]
[2183629975:-908348,-32726,416283,0,0,0|999957,-11744,2367,0,0,0|928287,6504,370865,1,0,0]
[2183634975:-908348,-32726,416283,0,0,0|999467,-11744,1384,0,0,0|928777,6504,370865,0,0,0]
[2183639975:-908839,-32726,416283,0,0,0|999957,-12234,892,0,0,0|928777,6014,370865,0,1,0]
[2183644975:-905401,-33706,414806,0,2,0|999957,-12723,-90,0,0,0|927797,7975,367915,-3,-4,0]
[2183649975:-889194,-33216,386745,3,69,-5|1000938,-12234,400,3,4,0|888582,7975,351688,-14,-104,-14]
[2183654975:-616619,20653,118935,-196,804,-10|1003880,-14681,14168,-9,31,0|684173,-9666,293174,33,-742,12]
[2183659975:-1237,109784,-565850,-862,3882,-22|1008292,-10765,36293,-13,114,0|216534,3564,-67743,21,-2883,-43]
[2183664975:215840,92644,-1134454,-459,6597,340|995544,-9297,14168,-2,128,-8|-170714,41788,-580108,72,-6114,-170]
[2183669975:-147592,-2853,-1244237,-268,7821,412|981326,-15660,-30083,-16,-6,-14|-78558,53059,-926275,90,-8296,-261]
[2183674975:-651488,-155159,-1088670,273,7537,265|982306,-24959,-26641,2,-137,-4|265553,48649,-995115,22,-9099,-297]
[2183679975:-870040,-260451,-876490,404,8064,-195|992603,-24959,25476,22,-135,9|587606,19246,-781219,-77,-9561,-289]
[2183684975:-800791,-123816,-679079,60,9507,-425|1008292,-19575,73169,0,-51,0|1043971,-4276,-156251,19,-9286,-253]
[2183689975:-887721,59832,-447699,-378,10669,11|1017608,-14191,72677,-42,4,-10|1332202,-19467,184997,202,-8490,-229]
[2183694975:-1279640,102438,-62722,-170,9975,315|1013686,-15660,10234,-48,-18,11|1453278,6014,235644,68,-8049,-222]
[2183699975:-1598872,46119,215426,-1,8482,175|1004860,-13702,-44341,-46,-67,13|339571,-26818,-50041,-71,-6823,-195]
[2183704975:-1749648,-1268316,1632752,-177,8785,6|992603,-19575,-53683,12,-44,-8|457706,-17997,-33814,-68,-6850,-201]
[2183709975:-1733441,-1050386,1370849,-242,8701,19|979855,-15660,-40408,28,36,-15|658684,-39069,-28405,49,-6977,-196]
[2183714975:-1639145,-628239,930242,-355,8428,60|978874,-11255,-39425,0,83,3|776329,-36129,-150350,52,-7503,-190]
[2183719975:-1552706,-262900,477328,-384,7975,226|1001918,-13212,-47783,14,73,6|855739,-23387,-382931,67,-8112,-210]
[2183724975:-1454972,-77782,28845,-197,7511,361|1019079,-18107,-49750,35,26,-2|929758,134,-589943,85,-8507,-227]
[2183729975:-1222669,15756,-474283,-363,7973,183|1025943,-17617,-23691,3,3,-2|985639,16795,-674026,120,-8760,-224]
[2183734975:-1061579,61301,-767692,-703,9048,56|1021040,-16638,17118,-3,11,0|1079265,33457,-617970,57,-8975,-234]
[2183739975:-1140160,4002,-717970,-141,8846,306|1002899,-16638,41210,22,16,5|1180244,25126,-501926,79,-8823,-241]
[2183744975:-1178959,-43500,-700247,151,8556,268|991622,-16638,41702,0,-6,9|1243478,11405,-440462,62,-8476,-212]
[2183749975:-1161769,-75333,-767692,-68,8957,44|992603,-20064,30393,-4,-23,1|1258674,26596,-424727,40,-8119,-194]
[2183754975:-1222669,-97371,-724862,-100,9107,-27|1001428,-21043,22034,-9,-27,-11|1229753,41298,-455213,21,-7887,-187]
[2183759975:-1256557,-23421,-618034,-71,8822,38|1001918,-14681,18593,-26,-19,-6|1207694,35417,-478324,45,-7734,-203]
[2183764975:-1239367,66198,-553543,-268,8757,164|996035,-8808,16626,-15,-5,3|1212106,16795,-471440,77,-7430,-212]
[2183769975:-1216284,80400,-548127,-344,8720,216|987700,-8808,3842,24,8,9|1198871,9445,-457180,49,-7025,-192]
[2183774975:-1185835,77952,-562896,-767,8716,65|988190,-14191,-16807,22,-3,2|1197400,7975,-434069,52,-6434,-146]
[2183779975:-1382776,-12158,-313794,-616,7603,124|995054,-14681,-29099,25,-25,-6|1270928,17776,-368180,19,-5377,-99]
[2183784975:-1514398,-59172,-66168,-200,5947,189|1008783,-12723,-24182,17,-34,1|1440534,9445,-181820,-4,-3862,-49]
[2183789975:-1574316,-90025,86936,-11,4687,195|1015157,-12723,4826,-17,1,7|1609158,10915,30108,-12,-2216,-33]
[2183794975:-1514890,-112552,78075,91,3939,157|1012215,-16149,25476,-18,52,3|1630236,25616,119108,-27,-900,-22]
[2183799975:-1387688,-115491,10137,65,3348,56|1005350,-16149,16134,-5,59,-5|1478278,37868,13389,-19,-51,-33]
[2183804975:-1232492,-95412,-72075,0,2530,-88|995054,-17128,-8449,-2,10,-1|1227302,15815,-203456,0,526,-18]
[2183809975:-1121988,-73374,-127213,69,1591,-120|989661,-15170,-16807,3,-32,-1|995933,12875,-401125,3,819,31]
[2183814975:-1058633,-35175,-171027,106,920,-80|985738,-13702,2859,2,-16,-3|864563,19736,-515202,-32,845,63]
[2183819975:-1048319,3023,-179396,86,448,-17|987700,-10276,31868,4,28,-1|808191,27577,-566832,-6,725,7]
[2183824975:-1012958,40242,-212872,18,-33,35|993093,-11744,39243,0,42,2|746427,19736,-636656,11,493,-11]
[2183829975:-919644,64239,-318717,-97,-452,62|1002409,-12723,24493,-6,9,0|675350,21696,-724181,18,291,-6]
[2183834975:-791951,70116,-477236,-224,-656,83|1007312,-11744,8759,-1,-36,-1|627802,30027,-785153,-8,148,13]
[2183839975:-711406,32897,-631326,-212,-632,63|1001428,-10276,12201,2,-40,2|643488,23656,-768435,-13,14,12]
[2183844975:-671625,-17545,-758831,-96,-361,10|993583,-12234,23018,3,-8,5|718486,15815,-677960,12,-41,-2]
[2183849975:-657382,-47908,-817414,17,-139,14|991622,-13702,19576,9,15,0|788583,26106,-594860,33,10,-22]
[2183854975:-640193,-57213,-843506,34,-79,4|999467,-14681,-582,0,2,-6|808191,37378,-582567,12,105,-13]
[2183859975:-622512,-38113,-852860,10,-63,-18|1007802,-16149,-17299,-11,-19,-5|792505,34927,-616987,-17,159,8]
[2183864975:-636755,-11178,-820860,-2,-32,-12|1010744,-14681,-18774,-13,-21,0|767505,23166,-652882,-27,76,22]
[2183869975:-688323,-2853,-744554,-1,-41,-6|1005350,-13212,-10415,-6,-2,2|767505,18266,-648457,-8,-44,11]
[2183874975:-729578,-2853,-682032,15,-105,0|999467,-13702,-6974,7,12,0|780740,20226,-624363,17,-59,-11]
[2183879975:-726631,-4812,-673171,13,-147,-8|996525,-14681,-13857,10,7,-1|784172,24146,-615512,14,-1,-13]
[2183884975:-693725,1554,-705663,3,-138,-15|997996,-14681,-21232,0,-2,0|773878,22676,-628296,-6,49,3]
[2183889975:-671625,2043,-739631,-5,-68,-13|1001428,-16149,-18774,-6,-3,0|758682,23166,-646982,-12,1,12]
[2183894975:-682430,-1873,-738647,-3,-21,-9|1004860,-16149,-7465,-3,4,-2|769956,25616,-638131,-10,-48,13]
[2183899975:-705512,-2853,-716986,5,-31,0|1005841,-14191,3351,0,11,-2|796917,26106,-611578,1,-13,-2]
[2183904975:-717300,1554,-699263,8,-58,0|1003880,-12723,7284,7,10,2|808191,21696,-600760,4,43,-8]
[2183909975:-709441,5472,-699263,0,-74,-3|999957,-14191,4334,7,4,3|788583,16795,-618462,8,42,-7]
[2183914975:-689796,1064,-717478,-8,-63,-9|997506,-15660,1876,3,-4,1|762603,18756,-639606,4,-18,3]
[2183919975:-678009,-6281,-734216,-4,-14,-9|997015,-16638,3842,-3,-6,-2|761623,25616,-635180,-3,-46,10]
[2183924975:-690779,-7260,-725847,6,6,0|999467,-16638,8759,-7,-1,-3|784662,30027,-611578,-8,-8,5]
[2183929975:-710424,-894,-706155,10,0,8|1001428,-14681,11217,-6,6,0|803779,25616,-596827,-3,28,-4]
[2183934975:-716317,4492,-695817,3,-12,7|1000938,-14191,7776,1,8,2|798877,17776,-606169,5,21,-8]
[2183939975:-702566,2043,-705663,-5,-5,-2|997506,-16638,2859,7,0,2|778780,16795,-624854,6,-4,-1]
[2183944975:-690779,-4812,-717478,-6,9,-8|995544,-17617,2859,5,-5,-1|766035,22676,-631738,-1,-21,9]
[2183949975:-698146,-7750,-710093,-2,10,-7|996035,-17128,8759,-1,-2,-3|775839,27086,-618462,-6,-14,7]
[2183954975:-714844,-1873,-692863,2,-2,1|997506,-16638,16626,-6,5,0|794466,24146,-599777,-5,3,0]
[2183959975:-720737,2533,-685971,5,-13,7|997996,-16638,18593,-3,5,1|801818,19736,-595352,2,19,-6]
[2183964975:-708459,1064,-699263,2,-7,3|998486,-16638,14168,2,-4,0|786623,19246,-613053,5,13,-4]
[2183969975:-690779,-1873,-719447,-2,6,-4|999957,-17617,7776,2,-16,-1|766525,21696,-636164,2,-15,0]
[2183974975:-686359,-894,-727324,-4,16,-4|1000938,-17617,3842,-3,-17,-1|764074,22186,-641081,-2,-33,3]
[2183979975:-699128,574,-714032,-1,13,1|1000447,-17128,2859,-7,-8,0|780250,20716,-624363,-3,-24,1]
[2183984975:-713862,-894,-697294,4,0,6|998977,-17128,400,-4,1,0|797897,21206,-603219,0,7,-2]
[2183989975:-715826,-4322,-693847,6,-9,4|997506,-17617,-5499,1,4,-1|795936,22186,-602236,2,24,-5]
[2183994975:-702566,-4322,-707140,2,-4,-1|998486,-17128,-11399,2,0,-2|779760,22186,-620921,2,6,-2]
[2183999975:-691270,-1384,-720432,-3,6,-7|1000938,-16149,-13857,2,-3,0|767505,20716,-638131,0,-14,2]
[2184004975:-695199,574,-720432,-6,7,-6|1003880,-16149,-10907,2,-2,0|772897,20226,-638131,-2,-18,4]
[2184009975:-707968,85,-708616,-2,-2,-1|1003880,-16149,-4515,2,3,0|788583,20716,-621904,0,1,0]
[2184014975:-713371,-894,-701724,3,-12,2|1002899,-15660,400,0,8,0|795936,21696,-611578,2,15,-2]
[2184019975:-705021,-894,-708616,4,-13,2|1001918,-15660,-90,-3,5,0|789074,22186,-616987,2,14,-2]
[2184024975:-691270,-1384,-722401,0,-1,0|1001428,-15170,-2549,-4,-2,0|773388,23166,-632722,-1,0,1]
[2184029975:-687832,-2363,-725847,-4,8,-3|1000447,-14191,-2549,0,-7,0|766525,24636,-639606,-4,-16,4]
[2184034975:-698146,-2853,-713539,-2,7,-3|998977,-14191,892,2,-3,0|777799,24146,-625346,0,-10,2]
[2184039975:-712388,-3343,-696309,0,-4,0|997506,-13702,4826,2,4,0|792015,23656,-606661,2,4,0]
[2184044975:-716808,-4322,-691386,2,-11,1|997506,-12723,6301,0,9,0|795936,25126,-600760,2,19,-2]
[2184049975:-708950,-5301,-700247,1,-7,0|998486,-12723,5809,0,5,0|786132,26596,-611578,0,12,0]
[2184054975:-698637,-5791,-712063,-1,1,-3|998977,-13212,5809,0,-1,0|774858,26596,-624854,-2,-6,2]
[2184059975:-696181,-5301,-714032,-2,5,-4|998977,-13212,8267,1,-6,0|773388,26106,-627805,-1,-16,2]
[2184064975:-703057,-4322,-706155,-1,1,0|999467,-12723,11709,2,-4,0|782701,25126,-618462,1,-8,-1]
[2184069975:-708950,-2853,-699755,1,-3,2|998977,-13212,11709,0,-1,0|791034,24146,-610103,2,9,-3]
[2184074975:-706986,-2853,-703201,2,-3,3|999467,-13702,8267,-2,0,0|789074,24146,-612562,1,8,-1]
[2184079975:-700110,-4812,-711570,1,0,0|999957,-13702,2859,-3,-2,0|780250,25616,-621904,-2,-4,1]
[2184084975:-697163,-6281,-715509,0,5,-2|999467,-13702,-90,-2,-5,-2|775348,26596,-626821,-3,-15,3]
[2184089975:-701583,-5791,-709601,-1,3,-3|998486,-13212,-90,0,-3,-1|780740,25616,-621412,-2,-9,1]
[2184094975:-708950,-3832,-700247,0,-1,0|997996,-12723,892,2,2,0|788093,23166,-613053,1,4,-1]
[2184099975:-710424,-2853,-697786,0,-5,0|997996,-13212,1876,2,4,1|789074,23166,-611086,3,9,-1]
[2184104975:-704530,-4322,-706155,1,-3,0|999957,-13702,892,0,2,0|783191,25126,-617970,1,3,0]
[2184109975:-696672,-4812,-716001,0,1,-2|1001918,-13702,892,-1,-2,-1|776819,26106,-626330,-2,-6,2]
[2184114975:-696181,-3343,-717970,-1,4,-2|1002409,-13212,2367,-3,-5,0|777309,24636,-628296,-4,-8,2]
[2184119975:-701583,-1873,-711570,-1,1,0|1001428,-13702,3351,-2,-3,1|781721,23166,-623379,0,-5,0]
[2184124975:-706004,-2363,-705170,1,-3,2|999467,-13702,2367,0,-1,0|784172,22676,-617970,2,0,-3]
[2184129975:-704039,-3832,-706155,1,-3,1|998977,-14191,-1074,0,0,0|782701,23656,-618462,2,4,-2]
[2184134975:-699128,-4812,-711570,0,0,-1|999467,-15170,-5007,-1,-1,-1|778780,24636,-622888,0,0,1]
[2184139975:-698637,-3832,-713047,-1,2,-2|1000447,-15170,-6482,-2,0,0|777799,24146,-625346,-3,-5,3]
[2184144975:-703057,-3343,-709109,-1,0,-2|1000938,-14681,-5007,0,2,0|782211,23656,-622396,-1,-3,2]
[2184149975:-707477,-2853,-704186,0,-5,-1|1000447,-15170,-2549,1,4,0|787113,23166,-616987,1,6,0]
[2184154975:-706986,-1873,-704186,0,-6,0|1000447,-15170,-582,1,5,0|786132,22676,-617479,2,11,-1]
[2184159975:-702075,-1384,-708616,0,-4,-1|999957,-15660,892,0,3,0|780740,22186,-622888,1,3,0]
[2184164975:-698146,-1384,-714032,0,0,-2|1000447,-16149,2859,-1,0,0|777309,22186,-626330,-1,-6,3]
[2184169975:-699128,-1384,-713047,0,2,-1|1000447,-16638,5809,-2,-1,0|780250,22676,-623379,-2,-6,3]
[2184174975:-704530,-1384,-706647,1,0,0|999957,-16638,9251,-1,0,0|785642,22676,-616004,-1,1,0]
[2184179975:-708459,-894,-701232,2,-3,1|998977,-16638,10234,0,0,0|787113,21696,-612070,1,5,-1]
[2184184975:-706495,-404,-701724,1,-3,0|997996,-16638,8759,0,0,0|784172,20716,-614528,2,2,-1]
[2184189975:-702075,-1384,-706155,-1,0,-1|997506,-16638,6301,0,-2,0|779760,21206,-618954,0,-4,1]
[2184194975:-700601,-2363,-708124,-1,3,-2|997506,-17128,5317,0,-3,0|779270,21696,-619446,-2,-6,2]
[2184199975:-704530,-2363,-704678,-1,1,-1|997996,-17617,6301,0,-2,0|783681,21696,-615020,-1,-4,0]
[2184204975:-707968,-1384,-701232,0,-2,0|998486,-17128,7284,0,0,0|787603,21206,-611578,0,1,-1]
[2184209975:-706986,-404,-702709,1,-2,1|999467,-17128,6792,0,-1,0|786132,20716,-614528,1,4,-1]
[2184214975:-701583,-404,-709601,0,1,0|1000447,-17617,3842,0,-4,0|781231,21206,-621904,0,0,0]
[2184219975:-697654,-404,-715016,0,3,-1|1000938,-17128,1876,-1,-6,0|777309,21206,-627313,-1,-10,0]
[2184224975:-699128,85,-715016,0,3,-1|1001428,-17128,400,-2,-6,0|779270,21206,-625838,-1,-11,1]
[2184229975:-703548,574,-710093,0,1,0|1001918,-16638,-582,-1,-2,0|785152,20716,-619446,-1,-3,0]
[2184234975:-706495,-404,-706155,1,-2,0|1001428,-16638,-2057,0,0,0|787113,21206,-616495,0,4,0]
[2184239975:-704530,-1384,-707140,1,-2,0|1000938,-16149,-4024,0,0,0|783681,21696,-619937,0,3,0]
[2184244975:-700601,-1873,-711078,0,-1,-2|1000938,-16149,-5007,0,0,0|778780,22676,-625346,-1,-2,1]
[2184249975:-699128,-2853,-713047,-2,0,-3|1000938,-15170,-5007,0,-1,0|778289,23166,-626330,-1,-6,2]
[2184254975:-702075,-2853,-710586,-1,0,-2|1000938,-14681,-2057,0,0,0|782211,23656,-621904,-1,0,1]
[2184259975:-706004,-2853,-706155,0,-3,0|1000938,-14191,892,0,2,0|786132,23166,-617479,0,4,0]
[2184264975:-706004,-3343,-706155,1,-3,0|1000938,-14191,2367,0,3,0|785642,23166,-617970,1,5,-1]
[2184269975:-701583,-3832,-710093,0,-2,0|1000938,-13702,1876,0,0,0|780740,24146,-622888,0,1,0]
[2184274975:-697654,-4322,-714032,0,0,-1|1000938,-13702,1384,-1,-3,0|777309,25126,-626821,0,-4,0]
[2184279975:-699128,-4322,-712555,-1,2,-2|1000938,-13212,1384,-1,-3,0|778780,25126,-625346,-1,-6,1]
[2184284975:-703548,-4322,-707632,0,0,-1|999957,-13212,1876,-1,-1,0|783681,24636,-619937,0,-2,0]
[2184289975:-706986,-4322,-703693,0,-4,0|999467,-13212,1876,0,2,0|787113,25126,-615512,0,3,0]
[2184294975:-706004,-4812,-704678,0,-4,0|999467,-13212,892,0,2,0|785642,25616,-616004,0,5,0]
[2184299975:-702566,-5301,-707632,0,-1,-1|999467,-13212,892,0,1,-1|782211,25616,-619937,-1,0,1]
[2184304975:-701583,-5301,-709109,-1,0,-2|999467,-12723,1876,0,0,-1|780250,25616,-621904,-1,-4,2]
[2184309975:-703057,-5301,-707140,-1,0,-1|999467,-12723,4826,0,0,-1|782701,25616,-619446,-1,-2,1]
[2184314975:-706004,-4812,-704186,0,-2,0|998977,-12723,7776,0,1,0|785642,25126,-615512,0,2,0]
[2184319975:-706004,-4322,-703693,1,-3,0|998977,-12723,8759,-1,0,0|786132,25126,-614528,0,3,0]
[2184324975:-703057,-4322,-707140,1,0,0|998977,-13212,8759,-1,-2,0|783191,25126,-617479,0,0,0]
[2184329975:-701092,-3832,-709601,0,2,0|998977,-13212,7776,-1,-4,0|779760,24636,-620429,0,-5,1]
[2184334975:-704530,-3832,-705170,0,3,0|998977,-13212,6301,-1,-4,-1|780250,25126,-619937,0,-6,0]
[2184339975:-706004,-3832,-703693,0,0,0|998486,-13702,4826,-1,-3,0|783191,24636,-616987,1,-2,0]
[2184344975:-704530,-3832,-705663,0,0,0|998486,-13702,2859,0,-1,0|785152,24146,-615512,2,1,-1]
[2184349975:-701583,-3832,-709601,1,0,0|998977,-14191,-90,0,-1,0|784172,23656,-617479,1,1,-1]
[2184354975:-700110,-3343,-712555,0,0,-1|999957,-14681,-2057,-1,-1,0|781231,23656,-621904,0,-1,0]
[2184359975:-701092,-2853,-712063,0,1,-1|1000938,-15170,-3040,0,-2,0|779760,23656,-624854,-1,-3,1]
[2184364975:-703057,-2363,-710093,0,0,0|1001428,-14681,-3040,0,0,0|781231,23166,-624363,0,-2,1]
[2184369975:-703548,-2363,-709601,0,0,0|1001428,-14681,-3040,0,0,0|783681,22676,-621904,0,0,0]
[2184374975:-702075,-2363,-711570,0,-2,0|1001428,-14681,-3040,0,1,0|783681,22676,-621412,1,3,0]
[2184379975:-700110,-2853,-713047,0,-2,0|1000938,-15170,-3040,0,0,0|781231,23166,-622888,0,1,0]
[2184384975:-701583,-2853,-711078,0,-1,0|1000938,-15170,-3040,0,0,0|779760,23166,-623871,-1,-1,1]
[2184389975:-703548,-2853,-707632,0,-1,-1|1000447,-15170,-1565,-1,0,0|781231,23166,-621904,-1,-1,1]
[2184394975:-704530,-2853,-705663,0,-3,-1|999957,-15660,400,-1,1,0|783191,22676,-618462,0,2,0]
[2184399975:-703548,-2853,-706647,0,-3,0|999467,-15660,1876,0,2,0|783681,22676,-617479,0,4,0]
[2184404975:-702075,-2363,-709109,0,-3,0|999467,-15660,3351,0,2,0|782701,22676,-618954,0,1,0]
[2184409975:-701583,-1873,-709109,0,-1,-1|999957,-15660,3842,0,0,0|781231,22676,-620429,0,-1,0]
[2184414975:-703057,-1384,-707632,0,0,-1|999957,-16149,4826,-1,0,0|781231,22676,-620429,-1,-2,0]
[2184419975:-705021,-894,-705170,0,0,-1|1000447,-16638,5809,0,0,0|783191,22186,-617970,0,0,0]
[2184424975:-705021,-404,-704678,0,-2,0|999957,-17128,6792,0,0,0|784662,21696,-616495,0,1,0]
[2184429975:-703548,-894,-706647,0,-3,0|999467,-17128,6301,0,0,0|784172,21206,-616987,0,1,0]
[2184434975:-702075,-894,-708616,0,0,0|999467,-17617,5809,0,-1,0|782211,21206,-618462,0,0,0]
[2184439975:-702566,-894,-708124,0,0,0|999467,-17617,4826,0,-2,0|781231,21206,-619937,-1,-3,1]
[2184444975:-704039,-894,-706647,0,0,-1|998977,-17617,4334,0,-1,0|782211,21206,-618954,0,-2,1]
[2184449975:-704530,-404,-706155,0,0,-1|998977,-17617,4334,0,-1,0|784172,21206,-617479,0,0,0]
[2184454975:-703057,-404,-707632,0,0,0|999467,-17617,3842,0,0,0|784172,20716,-617479,0,0,0]
[2184459975:-701583,-404,-710093,0,0,0|999467,-17617,2859,0,-1,0|782701,21206,-619446,0,0,0]
[2184464975:-701583,-894,-711078,0,0,0|999957,-17128,1384,0,-2,0|781231,21206,-621904,0,-3,0]
[2184469975:-703057,-1384,-709601,0,1,0|999957,-17128,892,-1,-2,0|781231,21206,-621904,0,-4,0]
[2184474975:-704039,-1384,-707632,0,0,0|999957,-16149,892,-1,-2,0|782701,21696,-620429,-1,-1,0]
[2184479975:-703548,-1384,-707632,0,0,0|999957,-15660,400,-1,-1,0|783681,22186,-619446,0,0,0]
[2184484975:-702075,-2363,-709601,0,-1,0|999957,-15170,-90,-1,0,0|783191,22676,-620429,0,0,0]
[2184489975:-700601,-2853,-711078,0,-1,0|1000447,-14681,-1074,0,-1,0|781231,23166,-622396,0,-1,0]
[2184494975:-701583,-3343,-710586,0,0,-1|1000447,-14681,-1565,0,-1,0|780740,23656,-622888,0,-2,0]
[2184499975:-703548,-3343,-708616,0,0,-1|1000447,-14191,-1565,0,0,0|781721,24146,-621904,0,-1,0]
[2184504975:-704530,-3832,-706647,0,-1,0|1000447,-13702,-582,0,0,0|783681,24636,-619937,0,0,0]
[2184509975:-704039,-3832,-707632,1,-3,0|999957,-13702,400,0,1,0|783681,24636,-618954,0,2,0]
[2184514975:-702566,-3832,-709109,0,-2,0|999957,-13212,1384,0,1,0|782701,24636,-619937,0,1,0]
[2184519975:-702566,-4322,-709109,0,-1,0|999957,-13212,2367,0,0,0|781721,25126,-621412,0,0,0]
[2184524975:-703548,-4812,-708124,0,0,0|999467,-12723,3351,0,0,0|781721,25616,-621904,0,-1,0]
[2184529975:-704039,-4812,-706647,0,0,0|999467,-12723,4826,0,-1,0|783191,26106,-619937,0,-1,0]
[2184534975:-703548,-5301,-706155,0,0,0|999467,-12234,5809,0,0,0|783681,26106,-617970,0,0,0]
[2184539975:-702566,-5301,-707140,1,-1,0|999467,-12234,5317,0,0,0|783191,26106,-617479,0,0,0]
[2184544975:-701583,-4812,-708124,0,0,0|998977,-12234,4334,0,-1,0|781721,26106,-618954,0,-1,0]
[2184549975:-702566,-4812,-708124,0,0,0|999467,-12234,3351,-1,-2,0|780740,26106,-619937,0,-4,0]
[2184554975:-704039,-4812,-707140,0,0,0|999467,-12234,2367,-1,-2,0|781721,25616,-619446,0,-3,0]
[2184559975:-704530,-4322,-706647,0,0,0|999957,-12723,2367,-1,-1,0|783191,25126,-618462,0,0,0]
[2184564975:-704039,-3832,-708124,0,-1,0|999957,-13212,1876,-1,0,0|783681,24636,-618462,0,0,0]
[2184569975:-703057,-3343,-709601,0,-1,0|999957,-13702,1384,-1,0,0|782701,24146,-619937,0,0,0]
[2184574975:-702566,-3343,-710093,0,0,0|1000447,-13702,892,-1,0,0|781721,24146,-621412,0,-1,0]
[2184579975:-703057,-2853,-709601,0,0,0|1000938,-14191,400,0,0,0|781721,23656,-621904,0,-1,0]
[2184584975:-704039,-2853,-709109,0,0,0|1000447,-14191,892,0,0,0|783191,23656,-621412,0,-1,0]
[2184589975:-703548,-2363,-709109,0,-1,0|1000447,-14191,1384,0,0,0|783681,23656,-620429,0,0,0]
[2184594975:-703057,-2363,-710093,0,-1,0|1000447,-14191,1384,0,0,0|783681,23656,-620429,0,0,0]
[2184599975:-702075,-2853,-710586,0,0,0|1000447,-14191,892,-1,0,0|782211,23656,-620921,0,0,0]
[2184604975:-702075,-2853,-709601,0,0,0|1000447,-14681,400,-1,0,0|781231,24146,-621904,0,0,0]
[2184609975:-702566,-2853,-708616,0,-1,0|999957,-14681,400,0,0,0|781231,24146,-621412,0,-1,0]
[2184614975:-703057,-2853,-707632,0,-1,0|999957,-14681,892,0,0,0|782211,24146,-620429,0,0,0]
[2184619975:-702566,-2853,-708124,0,-1,0|999467,-15170,1384,0,0,0|782701,23656,-619446,0,1,0]
[2184624975:-702075,-2853,-708616,0,-1,0|999957,-15170,1384,0,0,0|782211,23656,-619937,0,0,0]
[2184629975:-702075,-2853,-709109,0,0,0|999957,-15660,892,0,0,0|781721,23656,-620921,0,0,0]
[2184634975:-703057,-2363,-708616,0,0,0|1000447,-15660,1384,0,0,0|781721,23166,-621412,0,0,0]
[2184639975:-703548,-1873,-707632,0,0,0|999957,-16149,1876,0,0,0|782701,22676,-620921,0,0,0]
[2184644975:-703548,-1873,-707140,0,-1,0|999957,-15660,2367,0,0,0|782701,22676,-620429,0,0,0]
[2184649975:-703057,-1873,-707632,0,-2,0|999957,-15660,2859,0,0,0|782211,22676,-619937,1,0,0]
[2184654975:-702566,-1873,-708124,-1,-2,0|999957,-16149,2859,0,0,0|781721,23166,-620429,0,0,0]
[2184659975:-703057,-1873,-707140,-1,-1,0|999957,-16149,3351,0,0,0|781721,23166,-619937,0,0,0]
[2184664975:-703548,-1384,-706155,0,-1,0|999957,-16149,3842,0,0,0|782211,22676,-619446,0,0,0]
[2184669975:-704039,-894,-706155,0,-1,0|999957,-16149,4334,0,0,0|783191,22676,-618462,0,0,0]
[2184674975:-703057,-1384,-707140,0,-1,0|999957,-16149,4826,0,0,0|783191,22676,-617970,1,1,0]
[2184679975:-703057,-1873,-707632,0,0,0|999957,-16638,4826,0,0,0|782701,22676,-618954,1,0,0]
[2184684975:-702566,-1873,-708124,0,0,0|999467,-16638,4826,0,-1,0|781721,22676,-619446,0,-1,0]
[2184689975:-703057,-1384,-707632,0,0,0|999467,-17128,3842,-1,-1,0|782211,22186,-619446,0,-1,0]
[2184694975:-703057,-1873,-707140,0,0,0|998977,-16638,2859,0,-1,0|782701,22186,-618954,0,-1,0]
[2184699975:-703057,-1873,-707632,0,0,0|998977,-16638,2367,0,-1,0|782701,22186,-618954,0,0,0]
[2184704975:-702566,-1873,-708124,0,0,0|998977,-16149,1384,0,-1,0|782211,21696,-619446,0,0,0]
[2184709975:-702566,-2363,-708616,0,0,0|998977,-16149,892,0,-1,0|781721,22186,-619937,0,0,0]
[2184714975:-702566,-2363,-708124,0,0,0|999467,-16149,892,0,-1,0|781721,22186,-620429,0,-1,0]
[2184719975:-703057,-2363,-708124,0,0,0|999957,-15660,1384,0,0,0|782211,22186,-619937,0,-1,0]
[2184724975:-703057,-2363,-708616,0,0,0|1000447,-15660,1876,0,0,0|782701,22676,-619937,0,0,0]
[2184729975:-702566,-2853,-709109,0,0,0|1000447,-15170,2367,0,0,0|782701,23166,-619937,0,-1,0]
[2184734975:-702075,-2853,-709601,0,0,0|1000447,-15170,2367,0,0,0|781721,23656,-620921,0,-1,0]
[2184739975:-702566,-3343,-708616,0,0,0|999957,-14681,2367,0,-1,0|781721,23656,-621412,0,-2,0]
[2184744975:-703057,-3343,-708124,0,0,0|999467,-14191,2367,0,-1,0|782701,23656,-620921,0,-1,0]
[2184749975:-703548,-3832,-707632,0,0,0|999467,-13702,1876,0,-1,0|783191,24146,-619937,0,-1,0]
[2184754975:-703548,-3832,-707632,0,0,0|999467,-13702,1384,0,-1,0|783191,24146,-619446,0,-1,0]
[2184759975:-703057,-3832,-708124,0,-1,0|999957,-13702,1384,0,0,0|782701,23656,-619937,0,0,0]
[2184764975:-703057,-3832,-708616,0,0,0|1000447,-13702,1384,0,0,0|782701,23656,-620921,0,0,0]
[2184769975:-703548,-3832,-709109,0,-1,0|1000938,-13702,1384,0,0,0|782701,24146,-620921,0,0,0]
[2184774975:-704039,-4322,-709109,0,-1,0|1000938,-13212,1384,0,0,0|782701,24146,-620921,0,0,0]
[2184779975:-703548,-4322,-709601,0,-1,0|1000938,-13212,1384,-1,0,0|783191,24636,-620429,0,0,0]
[2184784975:-703057,-4322,-709601,0,-1,0|1000447,-13212,1384,-1,0,0|782701,24636,-620429,0,0,0]
[2184789975:-702566,-4322,-709601,0,-1,0|1000447,-12723,1384,0,0,0|782211,24636,-620921,0,0,0]
[2184794975:-702566,-4322,-708124,0,-1,0|999957,-12723,1384,0,0,0|781721,25126,-620921,0,0,0]
[2184799975:-702566,-3832,-707632,0,-2,0|999467,-12723,1876,0,0,0|781721,25616,-620429,0,0,0]
[2184804975:-703057,-3832,-707140,0,-2,0|998977,-13212,2367,0,0,0|781721,25126,-619937,0,0,0]
[2184809975:-694708,-2363,-716493,3,-2,0|998977,-13212,2367,0,0,0|781721,25126,-619446,0,1,0]
[2184814975:-695690,-1873,-716493,0,-1,0|998977,-13702,2859,0,0,0|792015,23656,-621412,-2,-3,0]
[2184819975:-698146,-1873,-714032,0,0,0|999467,-13702,2859,0,0,0|790544,23166,-621412,-1,-1,0]
[2184824975:-700601,-2363,-711570,0,0,0|999467,-14191,2859,0,0,0|787603,23166,-620921,0,0,0]
[2184829975:-702566,-2853,-709109,0,-1,0|999467,-14681,3351,-1,0,0|785152,23656,-620429,0,0,0]
[2184834975:-703548,-3343,-707632,0,-1,0|999957,-14681,3351,0,-1,0|783681,23656,-619446,0,0,0]
[2184839975:-703548,-3343,-707632,0,0,0|999957,-14681,2859,0,0,0|782701,23656,-619446,0,0,0]
[2184844975:-703548,-3343,-707632,0,-1,0|999957,-14681,2859,0,0,0|782211,23656,-619446,0,0,0]
[2184849975:-703548,-3343,-708124,0,0,0|999957,-14681,2859,0,0,0|782211,23656,-619937,0,0,0]
[2184854975:-704039,-2853,-707632,0,-1,0|999957,-14681,2367,-1,0,0|782211,23656,-619446,0,0,0]
[2184859975:-703548,-2363,-708124,0,0,0|999957,-14681,2367,0,0,0|782211,23656,-619937,0,0,0]
[2184864975:-703548,-2363,-708124,0,-1,0|999957,-15170,1876,0,0,0|782701,23656,-619446,1,0,0]
[2184869975:-703548,-2363,-708616,0,0,0|999957,-15660,1384,-1,0,0|782701,23656,-619446,0,0,0]
[2184874975:-703057,-2363,-708616,0,-1,0|999957,-15660,1384,0,0,0|782211,23166,-619446,0,-1,0]
[2184879975:-702566,-2363,-708616,0,0,0|999957,-15660,1384,-1,0,0|781721,23166,-619937,0,-1,0]
[2184884975:-702566,-1873,-708616,0,0,0|999957,-15660,1384,0,0,0|782211,22676,-619937,0,-1,0]
[2184889975:-703057,-1873,-708124,0,-1,0|999467,-16149,1876,0,0,0|782211,22676,-620429,0,0,0]
[2184894975:-703057,-1873,-708616,0,0,0|999467,-16149,1876,0,0,0|782211,22676,-620921,0,0,0]
[2184899975:-702566,-1873,-708616,0,0,0|999467,-16638,1876,-1,0,0|781721,22676,-621412,0,0,0]
[2184904975:-702566,-1384,-708616,0,-1,0|999467,-16638,1876,-1,0,0|781721,22186,-621412,0,0,0]
[2184909975:-702566,-894,-708616,0,-1,0|999467,-16638,1876,-1,0,0|781721,22186,-621412,0,0,0]
[2184914975:-703057,-404,-708124,0,-1,0|999467,-16638,2367,-1,0,0|782211,21696,-621412,0,0,0]
[2184919975:-703057,-404,-708616,0,-1,0|999467,-16638,1876,-1,0,0|782211,21696,-620921,0,0,0]
[2184924975:-703057,85,-708616,0,-1,0|999467,-16638,1384,0,0,0|782211,21206,-620921,0,0,0]
[2184929975:-703057,-404,-708616,0,0,0|999467,-16638,1384,0,0,0|782211,21206,-620429,0,0,0]
[2184934975:-703057,-404,-708616,0,0,0|999467,-17128,1384,0,0,0|782701,21696,-619446,0,0,0]
[2184939975:-703548,-404,-708124,0,0,0|999467,-16638,1876,0,0,0|783191,21696,-619446,0,0,0]
[2184944975:-703548,-894,-708124,0,-1,0|999467,-16638,2367,0,0,0|783191,21696,-619446,0,0,0]
[2184949975:-703548,-1384,-708124,0,-1,0|999467,-16149,2367,-1,0,0|783191,21696,-619937,0,0,0]
[2184954975:-703548,-1384,-708616,0,-1,0|999467,-15660,2859,-1,0,0|783191,22186,-619937,0,0,0]
[2184959975:-703548,-1873,-708124,0,-1,0|999467,-15170,2859,0,0,0|783191,22676,-619937,0,0,0]
[2184964975:-703548,-2363,-708124,0,-1,0|999467,-14681,2859,0,-1,0|783191,23166,-619937,0,0,0]
[2184969975:-703548,-2853,-708124,0,0,0|999467,-14191,2859,0,-1,0|783191,23656,-619937,0,0,0]
[2184974975:-703548,-3343,-707632,0,-1,0|999467,-13702,2367,0,0,0|782701,23656,-619446,1,0,0]
[2184979975:-703057,-3832,-707632,0,-1,0|999467,-13702,1876,0,0,0|782701,24146,-619446,0,0,0]
[2184984975:-703057,-4322,-707632,0,0,0|999957,-13702,2367,0,0,0|782211,24636,-619446,0,0,0]
[2184989975:-702566,-4812,-708124,0,0,0|999467,-13212,2367,0,0,0|782211,25126,-619446,0,0,0]
[2184994975:-702566,-5301,-708124,0,0,0|999467,-13212,2367,0,0,0|781721,25616,-618954,0,0,0]
[2184999975:-702566,-5301,-708616,0,0,0|999467,-13212,2367,0,-1,0|782211,25616,-619446,0,0,0]
[2185004975:-702566,-5301,-708616,0,0,0|999467,-13212,1876,0,-1,0|782211,25616,-619446,0,-1,0]
[2185009975:-702566,-5301,-709109,0,-1,0|999957,-13212,1876,0,-1,0|782211,25616,-619937,0,-1,0]
[2185014975:-702566,-4812,-709109,0,0,0|999957,-13212,1876,0,-1,0|782701,25616,-619937,0,0,0]
[2185019975:-703057,-4812,-708616,0,-1,0|999957,-13212,1876,0,0,0|782701,25126,-619937,0,0,0]
[2185024975:-703548,-4322,-708616,0,-1,0|999957,-13212,1876,0,0,0|782701,24636,-619937,0,-1,0]
[2185029975:-703548,-3832,-708124,0,-1,0|999957,-13702,1876,0,0,0|782701,24636,-619446,0,0,0]
[2185034975:-703548,-3832,-708616,0,-1,0|999957,-13702,1384,0,0,0|782701,24636,-619937,0,0,0]
[2185039975:-703057,-3832,-708616,0,-2,0|999957,-13702,1384,0,0,0|782211,24636,-619937,0,0,0]
[2185044975:-703057,-3832,-708616,0,-2,0|999957,-14191,1384,0,0,0|782211,24636,-620429,0,0,0]
[2185049975:-703057,-3343,-708616,0,-2,0|999467,-14191,1876,0,0,0|782211,24146,-620429,0,0,0]
[2185054975:-703057,-3343,-708124,0,-1,0|999467,-14681,1876,0,-1,0|782211,24146,-620429,0,0,0]
[2185059975:-702566,-3343,-708124,0,-1,0|999467,-14681,1876,0,-1,0|782211,24146,-620429,0,0,0]
[2185064975:-702566,-2853,-708616,0,0,0|999467,-15170,1876,0,0,0|781721,23656,-620429,0,0,0]
[2185069975:-702566,-2363,-708124,0,-1,0|999467,-15170,1876,0,-1,0|781721,23656,-620429,0,0,0]
[2185074975:-702566,-2363,-708124,0,-1,0|999467,-15170,2367,0,-1,0|782211,23656,-619937,0,-1,0]
[2185079975:-703057,-1873,-707632,0,-1,0|999467,-15170,2859,0,0,0|782211,23656,-619937,0,0,0]
[2185084975:-703057,-1873,-708124,0,-1,0|999467,-15660,3351,0,0,0|782211,23656,-620429,0,0,0]
[2185089975:-703057,-1873,-708124,0,-1,0|999467,-16149,3351,0,-1,0|782211,23166,-620429,0,0,0]
[2185094975:-703057,-1873,-708124,0,0,0|999957,-15660,2859,0,-1,0|782211,23166,-620921,0,0,0]
[2185099975:-703057,-1873,-708124,0,-1,0|999957,-15660,2367,0,-2,0|782211,22676,-620429,0,0,0]
[2185104975:-703057,-1873,-708124,0,-1,0|999957,-15660,1876,0,-1,0|782211,22676,-620429,0,0,0]
[2185109975:-703057,-2363,-708124,0,-1,0|999957,-15660,1384,0,0,0|782701,23166,-620429,0,0,0]
[2185114975:-703057,-2363,-708124,0,-1,0|999957,-15660,892,0,0,0|782701,23166,-619937,0,0,0]
[2185119975:-703057,-2363,-708124,0,-1,0|999957,-15660,892,0,0,0|782701,23166,-620429,0,0,0]
[2185124975:-702566,-2363,-708124,0,-1,0|999957,-15660,892,0,0,0|782701,23166,-620429,0,0,0]
[2185129975:-702566,-2363,-708124,0,-2,0|999467,-15660,892,0,0,0|783191,23166,-620429,0,0,0]
[2185134975:-702566,-1873,-708616,0,-1,0|999467,-15660,1384,0,0,0|782701,22676,-620429,0,0,0]
[2185139975:-702566,-1873,-708616,0,-1,0|999467,-15660,2367,0,0,0|782211,22676,-620429,0,0,0]
[2185144975:-711897,-4322,-691386,4,-30,0|1000447,-16149,2367,-1,0,0|783191,22676,-619937,0,0,0]
[2185149975:-762483,-13627,-617049,9,-257,-26|1003389,-16638,400,-3,-8,0|810642,27086,-608628,5,79,-8]
[2185154975:-1053721,-108635,-236995,251,-1375,-68|1015157,-18596,-12382,-1,-34,0|864072,5034,-558965,53,452,0]
[2185159975:-1560564,-83658,478313,713,-4884,-103|1024963,-14681,-23691,3,-98,-6|1090049,-1335,-381948,70,1699,63]
[2185164975:-1860152,-9219,805691,303,-7423,-52|1009273,-12723,-5007,22,-95,8|1523866,10425,-22997,-69,4102,182]
[2185169975:-1826755,61791,630433,35,-7930,-147|993583,-13702,22526,21,-9,26|2201305,122156,5522,-13,8439,219]
[2185174975:-1730985,75503,395114,-483,-7792,-221|974952,-12723,31376,-15,103,21|2087091,136367,30599,20,8686,167]
[2185179975:-1712323,-19014,208041,-118,-9079,-73|970539,-12234,-4024,-11,122,-7|1839547,160870,-102654,84,9256,98]
[2185184975:-1632760,-100309,-127705,232,-10301,-59|978384,-18107,-51717,7,39,-20|1520434,137837,-407025,10,9845,160]
[2185189975:-1459883,-141447,-552558,378,-10582,-230|986719,-18596,-53683,-5,-14,-14|1170440,85402,-755159,-61,9776,249]
[2185194975:-1174048,-77292,-949842,214,-9572,-343|1000447,-10276,-1074,0,20,-4|975345,49139,-865794,-167,9203,297]
[2185199975:-1040952,-60641,-1068486,227,-8465,-289|1011234,-6361,54977,26,74,3|931718,17776,-791054,-58,8720,218]
[2185204975:-1012467,23592,-986272,435,-8444,-92|1017608,-12234,64810,9,44,7|893484,-7706,-755650,27,8182,171]
[2185209975:-988402,99500,-922766,158,-8437,27|1017608,-10765,48093,-18,-47,2|886131,624,-777286,14,7822,177]
[2185214975:-1004118,47588,-874029,65,-8137,-34|1012215,-12723,41210,-3,-90,4|896425,13365,-758601,-43,7609,200]
[2185219975:-1073858,-31747,-721416,195,-7833,-157|1003389,-19575,47110,-21,-62,2|924856,23656,-602236,-100,7330,213]
[2185224975:-1204006,-95412,-450160,382,-7907,-201|991622,-17128,45143,-35,-15,2|1007697,18756,-378506,-80,7210,219]
[2185229975:-1351835,-84148,-189734,462,-8455,-172|989661,-11255,15643,0,-17,3|1154264,16795,-194605,-30,7543,220]
[2185234975:-1393090,-23911,-120813,277,-8800,-140|986719,-15660,-19266,10,-43,-2|1293477,31007,-83477,-51,8101,217]
[2185239975:-1402913,3023,-88321,122,-8844,-129|984758,-17617,-35491,-10,-28,-5|1361613,25616,-17588,-73,8557,225]
[2185244975:-1432871,-1384,-1184,128,-9050,-138|987700,-11744,-32541,2,14,0|1344457,19736,8964,-84,8723,241]
[2185249975:-1421084,-29298,-10538,219,-9236,-143|995054,-12723,-23199,9,50,3|1263085,5034,-18079,-51,8615,230]
[2185254975:-1349380,-49867,-163150,272,-9043,-156|1004860,-17128,-24182,-5,45,-4|1182695,10915,-63809,-22,8412,230]
[2185259975:-1297320,-53785,-282779,224,-8725,-189|1011234,-16638,-30574,-6,8,-7|1122402,31497,-144450,-51,8203,213]
[2185264975:-1297811,-66518,-268502,322,-8743,-204|1014176,-16638,-27624,13,-20,-1|1069951,34927,-211815,-106,7892,189]
[2185269975:-1221196,-44970,-227641,344,-8614,-229|1013686,-19575,-6974,7,-12,3|962600,24146,-220174,-183,7381,181]
[2185274975:-1058142,-404,-232072,180,-7966,-218|1012215,-18107,14659,-10,22,3|805250,134,-178870,-111,6581,186]
[2185279975:-929957,20164,-248318,158,-7292,-117|1008783,-14191,19084,-17,39,0|642507,-15547,-131665,-10,5636,182]
[2185284975:-824365,46609,-319209,85,-6562,-41|1002899,-15660,4334,-17,22,0|469471,-12116,-197555,75,4365,148]
[2185289975:-678009,29468,-455575,-7,-5593,-67|995544,-16638,-10907,0,0,0|344963,3564,-345069,34,2888,88]
[2185294975:-458476,8410,-652002,-5,-4165,-80|989170,-15170,-13366,26,-8,0|289572,17776,-415384,-3,1472,29]
[2185299975:-256131,6941,-792307,12,-2436,-13|986719,-15660,-6482,29,-6,-1|315062,26106,-330318,2,405,-9]
[2185304975:-226664,-11178,-724370,52,-1109,16|991132,-18107,3351,2,-5,2|415060,17776,-153792,-6,-282,-25]
[2185309975:-312611,-32726,-515636,78,-320,-9|1000938,-19086,9742,-10,-9,0|573391,8465,53710,-11,-565,-15]
[2185314975:-434902,-48887,-276871,93,220,-7|1005350,-19086,16134,-4,-11,-5|725839,10915,222368,-7,-628,-11]
[2185319975:-570944,-52316,-58783,176,586,16|1003880,-20554,18101,-11,-10,-4|839563,7975,346280,-8,-647,-15]
[2185324975:-700601,-29788,139120,232,776,65|1000447,-17128,14659,-21,-12,0|923875,-6726,420528,-2,-586,-9]
[2185329975:-815525,-20973,306993,224,790,92|997015,-14191,6301,-2,-15,3|983678,-7706,447573,1,-470,-6]
[2185334975:-935360,-35175,466990,162,636,18|995054,-17128,-2549,8,-15,0|1028285,-1335,463799,-4,-263,-10]
[2185339975:-1020325,-23421,608772,63,343,-28|994074,-19086,-6974,1,-8,-5|1031226,5034,468225,-8,-70,-7]
[2185344975:-1053230,-5791,707724,-22,5,-8|998486,-16638,-3532,4,9,-3|1004266,4054,463799,-15,16,-4]
[2185349975:-1026218,-5791,686063,-38,-152,4|1004860,-15660,1384,2,29,1|966031,-7216,454457,0,12,6]
[2185354975:-985455,-15586,572834,-19,-120,0|1009273,-15660,-90,-6,27,2|939561,-9176,434296,18,-17,9]
[2185359975:-940762,-21463,435483,-10,-25,3|1007312,-13702,-3532,0,2,1|938581,2584,384142,4,-21,-2]
[2185364975:-904419,-26360,348838,0,77,3|1000938,-13212,400,11,-15,2|943973,4054,333003,-8,-3,-7]
[2185369975:-888703,-32237,349331,4,94,1|995544,-14681,11217,2,-13,1|925836,2584,320219,-11,-41,0]
[2185374975:-881336,-42031,395607,14,72,-6|994074,-13702,22526,-3,1,0|902307,2584,350213,-2,-94,3]
[2185379975:-895579,-42521,440898,16,18,-8|997015,-11744,24001,-6,5,-1|903778,5034,391517,11,-86,2]
[2185384975:-910804,-35665,440898,6,-23,-3|999467,-11744,17118,-10,-2,0|925346,6014,408236,14,-6,1]
[2185389975:-915224,-29788,418745,-5,-10,3|998486,-10765,5809,-1,-15,0|942993,6995,389059,3,35,1]
[2185394975:-907857,-33706,400530,-6,19,4|994564,-10276,-2057,6,-15,-1|946914,9935,364473,-4,48,0]
[2185399975:-902454,-38113,399545,4,45,-1|992603,-11255,-6482,0,-6,-1|928287,10915,354147,-1,4,0]
[2185404975:-905401,-38603,419729,6,22,-4|993583,-11744,-7465,-3,0,-2|920444,8955,370865,1,-5,0]
[2185409975:-912277,-35665,434498,0,-9,-4|998977,-11744,-9432,0,6,-3|922895,6995,377749,4,5,1]
[2185414975:-920626,-31257,432037,-7,-28,-1|1005350,-11744,-10907,0,6,-2|930248,7485,376766,1,13,0]
[2185419975:-918661,-26850,413329,-7,-8,2|1009273,-11744,-9432,0,3,0|936130,4054,366440,0,-1,0]
[2185424975:-915224,-25870,401022,0,17,4|1008783,-11255,-5990,3,-1,2|942012,1604,361523,-1,-1,0]
[2185429975:-912277,-31257,403976,3,22,0|1005841,-11744,-582,0,-1,2|938091,2584,363981,-2,0,1]
[2185434975:-912768,-34685,419729,2,3,-1|1002409,-12723,3351,-2,1,0|931228,5034,372340,2,1,3]
[2185439975:-911786,-33216,428591,-2,-18,0|1000447,-12723,4334,0,2,0|926816,6504,377258,2,2,1]
[2185444975:-909821,-31747,421206,-2,-18,1|998486,-12234,3351,-3,3,1|925836,5034,377258,0,5,1]
[2185449975:-905401,-33706,407914,1,2,0|997506,-12723,2367,-4,0,0|925836,5524,371849,0,5,1]
[2185454975:-903437,-35665,403484,4,23,0|997015,-13212,1876,1,-1,-1|926326,7975,363981,0,-1,0]
[2185459975:-905401,-33216,411360,0,15,0|996035,-13212,2367,3,-1,-1|925836,7975,363490,0,-2,0]
[2185464975:-905401,-29788,425637,-5,-6,2|995544,-13702,4334,1,2,0|923875,4544,371849,0,-2,0]
[2185469975:-904910,-30767,433514,-5,-16,2|996035,-14681,6792,2,5,0|922405,2584,380700,2,1,2]
[2185474975:-904910,-34685,426129,0,-9,-2|997506,-15170,8759,0,6,-1|921915,4544,384633,2,5,0]
[2185479975:-906874,-33216,414314,2,6,-3|999467,-15170,9742,-3,0,-1|925346,4544,378241,1,5,0]
[2185484975:-908348,-28319,408407,0,11,0|1001428,-15170,9742,-1,-5,0|929267,2094,367915,0,-2,0]
[2185489975:-909330,-25870,412345,-2,8,2|1001428,-15170,9742,0,-7,1|930248,-355,364965,0,-8,1]
[2185494975:-908348,-27829,419237,-1,0,1|1000938,-15660,9742,0,-5,0|929267,-355,371849,2,-8,1]
[2185499975:-907366,-30278,422191,2,-1,-1|999957,-16638,6792,-2,-3,0|927797,624,378733,2,2,1]
[2185504975:-908348,-30278,418745,3,0,-2|998977,-17128,1876,-4,-2,0|926326,1604,378241,2,3,1]
[2185509975:-908839,-27829,412345,1,5,0|998977,-17128,-2549,-4,-2,0|927307,2094,371849,0,-3,0]
[2185514975:-908839,-26360,410868,-2,8,2|998977,-17617,-4515,0,-3,0|929758,2584,364965,-2,-4,0]
[2185519975:-907366,-27339,415299,-2,6,1|997996,-18107,-3040,2,0,0|928777,1114,365948,-2,-2,0]
[2185524975:-906874,-28809,423175,-1,0,0|998486,-17617,-582,1,2,0|926816,-845,372340,1,-1,2]
[2185529975:-909330,-29298,425145,-1,-7,-1|999957,-17617,400,0,3,0|926816,-355,376766,4,0,2]
[2185534975:-912277,-28319,419237,0,-8,0|1001428,-18107,400,-1,2,0|929758,624,376274,1,8,0]
[2185539975:-912277,-27339,410376,0,0,0|1001918,-17617,-90,-3,0,0|930738,134,369390,-1,2,0]
[2185544975:-910804,-27339,406437,1,8,0|1001428,-17617,-582,-1,-2,0|931228,-845,364473,0,-3,0]
[2185549975:-910804,-27829,409391,1,7,0|1000938,-17617,-1074,0,-3,0|931228,-845,363981,0,-5,1]
[2185554975:-911295,-27339,416776,0,0,0|1000938,-17617,-2549,0,0,0|931228,-845,368898,1,1,1]
[2185559975:-911295,-25870,421206,-1,-7,1|1000938,-17128,-4024,0,2,0|930248,-845,372832,1,2,1]
[2185564975:-910804,-26850,419237,-2,-5,1|1000938,-18107,-5007,-1,4,0|930248,-355,373816,0,2,1]
[2185569975:-909330,-28809,415791,0,1,0|1000938,-17617,-3532,0,4,0|929758,1114,373324,-1,2,1]
[2185574975:-907366,-28809,416283,-1,4,0|999957,-16638,-90,1,4,0|926816,1114,371357,-2,4,0]
[2185579975:-906874,-27829,419729,-2,0,1|998977,-16638,4334,2,3,0|926816,1114,371357,-1,1,0]
[2185584975:-906383,-28319,422191,-4,-8,2|997506,-16149,8759,2,1,0|925836,134,373324,1,1,1]
[2185589975:-905892,-31257,420222,-2,-7,0|997506,-15660,12201,0,0,0|924365,1604,374799,2,2,2]
[2185594975:-905892,-33706,414806,1,0,-2|997996,-15660,13184,-2,-3,-1|923385,4544,371357,1,0,1]
[2185599975:-906874,-33216,410376,3,9,-2|998486,-15660,11217,-4,-5,-1|925346,4544,370374,0,-4,0]
[2185604975:-906874,-31257,411853,2,9,-1|998486,-14681,8759,-3,-6,0|925836,4054,370865,0,-3,0]
[2185609975:-906383,-30278,417268,0,4,0|997506,-14191,5317,0,-4,0|925346,3564,372832,0,-2,0]
[2185614975:-905892,-31257,422683,-2,-1,0|997506,-14191,2367,1,-1,-1|925346,3564,374799,2,-1,0]
[2185619975:-906874,-31257,423175,-2,-2,0|997996,-13702,-1074,2,0,0|927797,4544,375291,3,-1,1]
[2185624975:-908839,-31257,419729,-1,-1,0|1000447,-13702,-3040,0,1,0|929758,5034,373816,0,2,0]
[2185629975:-910312,-31747,416283,0,2,0|1001918,-13212,-3040,0,1,0|931718,5034,372340,-1,0,0]
[2185634975:-911295,-31747,415299,0,3,0|1002899,-12723,-1074,0,0,0|931718,4544,371357,0,0,0]
[2185639975:-911786,-31257,415791,0,0,0|1002409,-12234,1384,0,-1,0|930738,4054,371357,0,0,0]
[2185644975:-911786,-31747,416283,0,-3,0|1001918,-12234,2367,0,-1,0|929758,4544,370374,0,1,1]
[2185649975:-910804,-32726,414314,0,-1,0|1000938,-12234,2367,0,-1,0|929267,6014,369390,1,0,1]
[2185654975:-909821,-33706,410868,1,2,-1|1000447,-12234,1384,-2,-2,0|928287,6995,368407,1,0,0]
[2185659975:-908839,-34196,410868,1,5,0|998977,-12234,892,-2,-2,0|926816,6995,368898,0,0,0]
[2185664975:-907366,-34196,414314,0,4,-1|998486,-12234,400,-2,-1,0|926326,6014,370865,-1,0,0]
[2185669975:-906874,-33216,419729,-1,0,0|997996,-12234,-90,0,0,-1|927307,5524,372340,1,-1,0]
[2185674975:-906874,-32237,421206,-3,-5,0|997996,-12234,-90,1,1,0|928287,5034,372340,1,1,1]
[2185679975:-907857,-32237,418745,-3,-4,0|998977,-12723,400,2,1,0|928287,5524,370374,1,4,1]
[2185684975:-908839,-33216,414314,-1,0,0|1000447,-13212,400,0,0,0|929267,6014,369390,0,0,0]
[2185689975:-910804,-33216,411360,0,3,-1|1001428,-13212,892,0,0,0|931228,5524,369882,-1,-6,0]
[2185694975:-911786,-31747,412837,0,2,0|1002409,-13702,892,-1,-1,0|931718,3564,371357,-2,-5,0]
[2185699975:-911786,-30278,416283,0,0,0|1002409,-13702,892,-1,-1,1|930738,2584,371849,0,-3,0]
[2185704975:-910804,-30278,418252,0,-2,0|1001428,-13702,400,0,0,0|929758,3074,371849,1,-2,1]
[2185709975:-909821,-30767,417268,0,-1,0|1000447,-14191,-582,0,0,0|928777,3564,372340,1,-2,1]
[2185714975:-908348,-31257,416776,0,0,0|999467,-14681,-1074,0,2,0|927797,3564,373324,0,0,1]
[2185719975:-906874,-31257,417760,0,2,0|998977,-14681,-582,0,3,0|926326,3564,375291,0,3,1]
[2185724975:-906383,-31257,421206,-1,0,0|998486,-14681,2367,0,4,0|925346,3074,376274,0,4,0]
[2185729975:-905892,-30767,423175,-1,-3,0|997996,-14681,5317,1,4,0|924856,2584,374799,0,4,0]
[2185734975:-906383,-30278,422191,-2,-5,0|997996,-14681,8267,0,1,0|925346,2584,372340,1,4,1]
[2185739975:-906874,-29788,416776,-1,-2,0|998486,-15170,10234,0,-1,0|925836,3074,369882,2,0,1]
[2185744975:-907366,-29788,412345,0,4,0|998977,-16149,10234,-1,-5,0|926326,3074,369390,2,0,1]
[2185749975:-907366,-29788,411853,2,7,-1|999467,-16149,8759,-2,-6,0|926816,2094,370865,0,-3,0]
[2185754975:-908348,-29788,415299,2,5,-1|999467,-16149,6301,-2,-5,0|927307,1604,372832,0,-2,0]
[2185759975:-908839,-28809,418745,0,0,0|999957,-16638,2859,-1,-4,0|927307,624,372832,2,-1,0]
[2185764975:-907857,-28319,419729,0,-2,0|999467,-17128,-1074,0,-2,0|927797,624,371357,2,0,0]
[2185769975:-907857,-27829,418252,-1,0,0|999467,-17617,-4024,0,0,0|928777,1114,370374,1,0,1]
[2185774975:-908348,-27829,416283,-1,3,0|999957,-18107,-5007,0,0,0|929758,1114,370865,0,0,1]
[2185779975:-909821,-27829,416776,-1,2,0|1000447,-17617,-4024,0,1,0|930248,624,371849,-1,0,0]
[2185784975:-910804,-27829,418252,-1,-1,0|1000938,-17617,-2057,0,2,0|930738,-355,372340,0,0,0]
[2185789975:-911295,-27339,418745,-1,-3,0|1000938,-17617,400,0,2,0|931228,-845,370865,0,2,0]
[2185794975:-910804,-26850,416283,0,-3,0|1000938,-18107,2367,0,0,0|930248,-355,368407,1,2,1]
[2185799975:-910312,-27829,412837,0,0,0|1000938,-18107,3351,0,-2,0|929758,624,367915,0,0,1]
[2185804975:-909821,-27829,411853,0,3,0|1000447,-18107,3351,-1,-2,0|928287,1114,369390,0,-2,0]
[2185809975:-908839,-28319,413822,0,3,0|999957,-18107,3351,-1,-2,0|927797,1114,372832,0,-3,0]
[2185814975:-907857,-28319,417760,0,0,0|998977,-17617,2367,-1,0,0|926816,1114,373816,1,1,0]
[2185819975:-906874,-28319,420222,0,-2,0|998486,-17128,892,0,1,0|927307,1114,373324,1,2,0]
[2185824975:-906874,-27829,420222,-1,-3,0|998486,-16638,-90,0,1,0|928287,2094,371357,2,2,1]
[2185829975:-907857,-28319,416776,-2,-2,0|998977,-16638,-582,1,0,0|929267,2094,370865,1,0,1]
[2185834975:-908348,-28809,414806,-1,0,0|1000447,-16149,400,0,1,0|929267,2094,371357,0,0,0]
[2185839975:-908839,-29298,414806,0,2,0|1000938,-16149,1876,0,1,0|929267,2584,372340,0,0,0]
[2185844975:-909821,-30278,416283,0,0,0|1001428,-15170,2859,0,0,0|929267,2584,372832,0,1,0]
[2185849975:-909821,-30767,416776,0,-2,0|1000938,-15170,3842,0,0,0|928287,3074,371849,0,1,0]
[2185854975:-908839,-30767,415791,0,-1,0|1000447,-14191,3842,-1,-1,0|927797,3564,370865,0,0,0]
[2185859975:-907857,-31747,414314,0,2,0|999467,-13702,3842,-1,-1,0|927307,4544,370865,0,-1,0]
[2185864975:-907366,-32237,414806,0,4,0|998977,-13212,4334,-1,0,0|926816,5034,372832,0,-1,0]
[2185869975:-906874,-32726,417268,0,2,0|998486,-13212,4334,0,0,0|925836,5034,374307,0,0,0]
[2185874975:-906874,-32726,420714,0,-1,0|998486,-12723,4334,0,0,0|925836,5034,374799,1,0,0]
[2185879975:-906874,-32726,420714,-1,-3,0|998977,-12234,4334,0,0,0|926816,5524,373816,1,0,0]
[2185884975:-907366,-32237,418252,-1,-1,0|999467,-12234,3842,0,0,0|927797,5524,371849,1,0,0]
[2185889975:-907857,-32726,414806,-1,1,0|999957,-12234,3351,0,-1,0|928287,5524,370374,1,0,0]
[2185894975:-908839,-32726,413329,0,3,0|1000447,-12234,2859,0,-2,0|928777,5524,370374,0,-1,0]
[2185899975:-909821,-32726,414314,0,2,0|1000447,-12234,1876,-1,-2,0|928777,5034,371849,0,-1,0]
[2185904975:-909821,-32726,416283,0,0,0|1000938,-12234,892,-1,-1,0|928777,4544,372340,1,0,0]
[2185909975:-910312,-32726,417268,0,-2,0|1000447,-12723,-90,-1,0,0|929267,5034,370865,1,0,0]
[2185914975:-910312,-32726,415791,0,-1,0|1000447,-12723,-1074,0,0,0|929267,5524,369390,1,0,0]
[2185919975:-909821,-32726,414314,-1,1,0|999957,-12723,-2057,0,0,0|928777,5524,369390,0,0,0]
[2185924975:-909330,-32726,414806,-1,2,0|999957,-12723,-2549,0,0,0|928287,5524,370374,0,0,0]
[2185929975:-908839,-32726,416776,0,0,0|999957,-12723,-1565,0,1,0|927797,5034,372340,0,0,0]
[2185934975:-909330,-32237,417760,0,-2,0|999957,-13212,400,0,1,0|927797,4544,372340,0,1,0]
[2185939975:-909330,-31747,417760,0,-2,0|999957,-13212,1876,0,0,0|927797,4544,371357,0,1,0]
[2185944975:-908839,-31747,415791,0,0,0|1000447,-13212,2859,0,0,0|928287,4054,370865,0,1,0]
[2185949975:-908348,-31747,414314,0,2,0|1000938,-13702,3842,0,-1,0|927797,3564,370865,0,0,0]
[2185954975:-908348,-31257,414806,1,2,0|1000938,-13702,4334,-1,-1,0|927797,3074,371849,0,-1,0]
[2185959975:-907857,-31257,416776,0,0,0|1000447,-14191,4334,0,0,0|927307,2584,372832,0,-1,0]
[2185964975:-907857,-30767,419237,0,-1,0|999957,-14681,3351,0,0,0|927797,2584,373816,1,0,0]
[2185969975:-907857,-30278,419237,0,-1,0|999957,-14681,2859,0,0,0|928287,2094,372832,2,1,0]
[2185974975:-907366,-29788,417760,0,0,0|999467,-14681,1384,0,0,0|928287,2094,371849,1,1,0]
[2185979975:-907857,-29788,416776,0,1,0|999467,-15170,892,0,0,0|928287,2094,371849,0,0,0]
[2185984975:-907857,-29788,416776,-1,1,0|999467,-15660,1384,0,0,0|928287,1604,372832,0,1,0]
[2185989975:-908348,-29788,417760,0,-1,0|999467,-16149,1876,0,0,0|928287,1114,372832,0,1,0]
[2185994975:-908348,-29298,417760,0,-1,0|999957,-16638,2859,0,0,0|928287,1604,372340,1,1,0]
[2185999975:-908839,-28809,416776,0,0,0|999957,-17128,3351,0,0,0|928777,1604,370865,1,0,0]
[2186004975:-908348,-28809,414806,0,0,0|999957,-17128,3351,0,0,0|928287,1604,369882,0,0,0]
[2186009975:-908348,-29298,414806,0,2,0|999467,-16638,3842,-1,-1,0|928287,1114,370865,0,0,0]
[2186014975:-907857,-28809,416283,0,1,0|998977,-16638,3842,0,-1,0|927307,1114,371849,0,0,0]
[2186019975:-907857,-28809,418252,0,0,0|998977,-17128,2859,0,-1,0|927797,1114,372832,0,0,0]
[2186024975:-908348,-28809,418252,0,0,0|998977,-17128,1876,0,0,0|928287,624,371849,0,0,0]
[2186029975:-908839,-28809,417268,0,0,0|999467,-17128,892,0,0,0|928777,1114,371357,1,0,0]
[2186034975:-909330,-28809,415791,-1,1,0|999957,-17128,400,0,0,0|928777,1114,370865,0,0,0]
[2186039975:-909330,-28319,415299,0,2,0|1000447,-17128,-90,0,0,0|929267,624,371357,0,0,0]
[2186044975:-909821,-28319,416283,0,1,0|1000447,-17128,-90,0,0,0|929267,624,371849,0,0,0]
[2186049975:-909821,-28319,417268,0,0,0|1000447,-16638,400,0,0,0|929267,624,372340,0,1,0]
[2186054975:-909821,-28319,417760,0,-2,0|999957,-16638,892,0,0,0|928777,1114,371849,1,1,0]
[2186059975:-909330,-28809,416776,0,0,0|999957,-16638,1384,0,0,0|928287,1604,371357,1,1,0]
[2186064975:-908839,-28809,415791,0,1,0|999467,-16638,1876,0,0,0|927797,2094,371357,0,1,0]
[2186069975:-908348,-29298,415791,0,1,0|998977,-16638,2367,0,0,0|926816,2584,371849,0,0,0]
[2186074975:-907857,-29298,416776,-1,0,0|998486,-16638,3351,0,0,0|926816,2584,372832,0,0,0]
[2186079975:-907366,-29788,417760,-1,-1,0|998977,-16149,4334,0,0,0|926816,2584,372832,1,0,0]
[2186084975:-907366,-29788,417760,0,-1,0|998977,-15660,4826,0,0,0|926816,2584,372832,1,0,0]
[2186089975:-907366,-30278,417268,0,0,0|999467,-15170,5317,0,-1,0|926816,3074,371849,1,0,0]
[2186094975:-907857,-30767,416283,0,2,0|999467,-14681,4826,0,-2,0|927307,3564,371849,1,0,0]
[2186099975:-908348,-31257,416776,0,1,0|999957,-14191,4334,0,-1,0|927797,3564,372340,1,-1,0]
[2186104975:-908348,-31257,417760,0,0,0|999957,-14191,3842,-1,-1,0|928287,3564,372340,1,0,0]
[2186109975:-908348,-31257,417760,0,0,0|999957,-13702,2859,0,0,0|928777,3564,372340,1,0,0]
[2186114975:-908348,-30767,417268,0,0,0|1000447,-13702,1876,0,0,0|929267,4054,371849,0,0,0]
[2186119975:-908348,-30767,416776,0,1,0|1000447,-13212,892,0,-1,0|929267,4544,371357,0,0,0]
[2186124975:-908839,-31257,416283,0,1,0|1000447,-13212,400,-1,-1,0|929758,4544,371357,0,0,0]
[2186129975:-908839,-32237,416283,0,0,0|999957,-13212,-90,0,0,0|929267,4054,371849,0,0,0]
[2186134975:-908839,-32237,416776,0,0,0|999957,-13212,400,0,1,0|929267,4544,371849,0,1,0]
[2186139975:-908839,-32726,416776,0,0,0|999467,-12723,1384,0,1,0|928777,5034,371849,0,0,0]
[2186144975:-908839,-32726,416283,0,0,0|999467,-12723,1384,0,0,0|928287,5524,370865,0,0,0]
[2186149975:-908839,-32726,415791,0,0,0|999467,-12723,1876,0,0,0|928287,5524,370865,0,0,0]
[2186154975:-908839,-32726,415299,0,0,0|999467,-12723,1876,0,0,0|928287,5034,370865,0,0,0]
[2186159975:-908839,-32726,415791,0,1,0|999467,-12723,2367,0,0,0|928287,5034,371357,0,0,0]
[2186164975:-909330,-32237,416776,0,0,0|999467,-12723,2367,0,0,0|928777,5034,371357,0,0,0]
[2186169975:-908839,-32237,416776,0,-1,0|999957,-12723,2367,0,0,0|928777,5034,371849,1,0,0]
[2186174975:-908839,-31747,416776,0,0,0|999957,-12723,1384,0,0,0|928777,5034,371849,1,0,0]
[2186179975:-908839,-31257,416776,0,0,0|999957,-12723,892,0,0,0|928777,4544,372340,0,0,0]
[2186184975:-908839,-31257,416776,0,0,0|999957,-12723,-90,0,0,0|928287,4544,372340,0,0,0]
[2186189975:-908839,-31747,417760,0,0,0|999957,-13212,-90,0,0,0|927797,4054,372340,0,1,0]
[2186194975:-908839,-31257,418252,0,-1,0|999957,-13212,892,0,1,0|927797,4054,372340,0,1,0]
[2186199975:-908839,-31257,417268,-1,-2,0|999957,-13702,1384,0,1,0|927797,3564,372340,1,2,0]
[2186204975:-908348,-31257,416283,0,-1,0|1000447,-14191,1876,0,0,0|927307,3564,372340,0,2,0]
[2186209975:-908348,-31257,415299,0,0,0|999957,-14191,3351,0,0,0|926816,3564,371849,0,1,0]
[2186214975:-907857,-30767,415791,0,0,0|999467,-14191,4334,0,0,0|926816,3564,371849,0,0,0]
[2186219975:-907366,-30767,416283,0,0,0|998977,-14681,4334,-1,0,0|926816,3564,371849,0,0,0]
[2186224975:-906874,-30278,417760,0,0,0|998486,-15170,4334,0,0,0|926326,2584,372340,0,1,0]
[2186229975:-906874,-30278,417760,0,0,0|998486,-15170,3842,0,0,0|926326,2584,372340,0,0,0]
[2186234975:-907366,-30278,417268,0,1,0|998486,-15660,3351,0,-1,0|927307,2094,372340,1,0,0]
[2186239975:-907857,-29788,416776,-1,0,0|998486,-16149,2859,0,-1,0|927307,2094,372340,1,-1,0]
[2186244975:-908348,-29298,416776,0,1,0|998977,-16149,2859,0,-1,0|927797,1604,372340,0,-1,0]
[2186249975:-908839,-28809,417268,0,1,0|998977,-16149,2859,-1,-1,0|927797,1114,372340,1,0,0]
[2186254975:-909330,-28319,417268,0,1,0|999467,-16638,1876,0,-1,0|902307,-14077,382175,1,0,0]
[2186259975:-909821,-27829,416776,0,0,0|999957,-16638,1384,-1,0,0|906719,-12116,381191,-1,-3,0]
[2186264975:-909821,-27829,416283,0,0,0|1000447,-16638,892,-1,0,0|915052,-7216,378733,0,-2,0]
[2186269975:-909330,-27339,416283,0,1,0|1000938,-17128,400,0,0,0|921915,-3295,375291,0,0,0]
[2186274975:-909330,-28319,416776,0,0,0|1000938,-17128,400,0,0,0|926326,-355,373816,1,0,0]
[2186279975:-908839,-28809,417760,0,0,0|1000938,-17128,400,0,0,0|928777,1114,372832,2,2,0]
[2186284975:-909330,-27829,417268,0,0,0|1000938,-17128,-90,0,0,0|930248,1114,371357,0,0,0]
[2186289975:-909330,-27829,416283,-2,-2,0|1000447,-17128,400,0,0,0|930738,1114,370374,0,0,0]
[2186294975:-909330,-29298,415791,-1,-1,0|999957,-17128,892,0,0,0|929758,2094,370374,0,0,0]
[2186299975:-909330,-29788,415791,0,0,0|999957,-17128,892,0,0,0|929267,2094,370865,1,0,0]
[2186304975:-909330,-29298,416283,0,1,0|999957,-16638,1384,-1,0,0|928287,1604,370865,1,0,0]
[2186309975:-909330,-29788,417268,0,0,0|999957,-16149,1384,-1,0,0|928777,1604,371357,0,-1,0]
[2186314975:-908839,-30278,416776,-1,-1,0|999957,-16149,1384,0,0,0|927797,2094,371849,0,0,0]
[2186319975:-908839,-30767,416283,0,0,0|999957,-15660,1384,0,0,0|927797,2094,371849,1,1,0]
[2186324975:-908839,-30278,416283,0,0,0|999957,-14681,1384,0,0,0|927797,2094,371357,0,0,0]
[2186329975:-908839,-30767,416776,0,0,0|1000447,-14681,1876,0,0,0|928287,2094,371849,0,0,0]
[2186334975:-908348,-30767,417760,0,0,0|1000447,-14681,1876,0,0,0|927797,2584,372832,0,0,0]
[2186339975:-907857,-31257,417760,0,0,0|999957,-14191,2367,0,0,0|927797,3074,373324,1,1,0]
[2186344975:-907857,-31257,417760,0,0,0|999467,-13702,2859,0,1,0|927307,3564,372832,0,1,0]
[2186349975:-907857,-31747,416776,0,0,0|999957,-13702,3351,0,0,0|927797,4544,372340,0,0,0]
[2186354975:-906874,-28809,421699,0,0,0|999957,-13702,3842,0,0,0|927797,5034,371849,1,0,0]
[2186359975:-907366,-29788,420714,0,4,0|999957,-13702,3842,0,0,0|927797,5034,372340,0,0,0]
[2186364975:-907857,-31257,419237,0,2,0|999467,-13702,3351,0,0,0|926816,5034,372832,0,0,0]
[2186369975:-908348,-32237,418252,0,0,0|999467,-13212,3351,0,0,0|926816,5524,372832,0,0,0]
[2186374975:-908348,-32726,416776,0,0,0|999467,-12723,2367,0,0,0|927307,6014,371849,0,0,0]
[2186379975:-907857,-32726,415791,0,0,0|998977,-12723,1876,0,0,0|927797,5524,371849,0,0,0]
[2186384975:-907857,-33216,415299,0,1,0|998977,-12723,1876,0,0,0|927797,5034,371357,0,0,0]
[2186389975:-907857,-33216,416283,0,1,0|998977,-13212,1876,0,0,0|927797,5034,371849,0,0,0]
[2186394975:-908348,-33216,416776,0,1,0|999467,-13212,1876,0,-1,0|927797,5524,371849,0,0,0]
[2186399975:-908348,-32237,417268,0,0,0|999467,-13212,1876,0,0,0|927797,4544,371849,0,0,0]
[2186404975:-908348,-31747,416776,0,0,0|999957,-13212,2367,0,0,0|928287,4054,371849,0,0,0]
[2186409975:-908839,-31747,416283,0,0,0|999957,-13702,2367,0,0,0|928287,4054,371357,0,0,0]
[2186414975:-908839,-31747,416283,0,1,0|999957,-13702,1876,0,0,0|928287,4054,371357,1,0,0]
[2186419975:-908839,-31257,416776,0,1,0|999957,-14191,1876,0,0,0|927797,4054,371357,0,0,0]
[2186424975:-908839,-30767,417268,0,1,0|999957,-14681,1384,0,0,0|928287,3564,371849,0,0,0]
[2186429975:-908839,-30278,417268,0,0,0|999957,-14681,1384,0,0,0|928287,3564,371849,0,0,0]
[2186434975:-908839,-30278,417268,0,0,0|999957,-15170,1384,0,0,0|928287,3564,371357,0,1,0]
[2186439975:-908839,-29788,417268,0,0,0|999957,-15170,1384,0,0,0|927797,3074,370865,0,0,0]
[2186444975:-908839,-29788,417268,0,0,0|999957,-15170,1384,0,0,0|928287,2584,371357,0,-3,0]
[2186449975:-908348,-29788,417268,0,0,0|999957,-15660,1876,0,0,0|928287,2584,371849,0,-1,0]
[2186454975:-908348,-29788,417760,0,0,0|999957,-15660,2367,0,0,0|928287,2584,372340,0,0,0]
[2186459975:-908348,-29788,417760,0,0,0|1000447,-16149,2367,0,0,0|928777,2094,371849,0,0,0]
[2186464975:-908348,-29788,416776,0,0,0|1000447,-16149,2367,0,0,0|928287,2094,371357,0,0,0]
[2186469975:-908348,-29788,416283,0,0,0|1000447,-15660,2859,0,0,0|928287,2094,371357,0,0,0]
[2186474975:-907857,-29788,416283,0,0,0|999957,-15170,2859,0,0,0|927797,1604,371357,0,0,0]
[2186479975:-907857,-29788,416283,0,0,0|998977,-15170,2859,0,0,0|927797,2094,371849,1,-1,0]
[2186484975:-907857,-30278,416776,0,0,0|998486,-15660,2859,0,0,0|927797,2094,371849,0,0,0]
[2186489975:-908348,-30278,416283,0,0,0|998977,-15660,2367,0,0,0|927797,2094,371357,0,0,0]
[2186494975:-908348,-29788,415791,0,0,0|999467,-15660,2367,0,0,0|927797,2094,371357,0,0,0]
[2186499975:-908348,-29788,415791,0,0,0|999467,-16149,1876,0,0,0|927797,2094,371357,0,-1,0]
[2186504975:-908839,-29788,416283,0,1,0|999467,-16149,1876,-1,0,0|928777,2094,371849,0,0,0]
[2186509975:-908839,-29298,417268,0,1,0|999957,-16149,1384,0,-1,0|928287,2584,371357,1,1,0]
[2186514975:-909330,-29298,417760,0,0,0|1000447,-16149,1384,0,0,0|929267,2094,372340,1,0,0]
[2186519975:-909330,-28809,417268,0,0,0|1000447,-16149,892,0,0,0|929267,1604,371849,1,1,0]
[2186524975:-909821,-29298,416283,0,0,0|1000447,-16149,892,0,0,0|929758,1604,371849,0,2,0]
[2186529975:-909330,-29298,416283,0,0,0|1000447,-16638,400,0,0,0|929267,1114,371357,0,1,0]
[2186534975:-909330,-29298,416776,0,0,0|999957,-16638,400,0,0,0|929267,1604,371357,1,1,0]
[2186539975:-908839,-29298,417268,0,0,0|999957,-16149,892,0,0,0|929267,1604,372340,0,0,0]
[2186544975:-908839,-29298,417268,0,-1,0|999957,-16149,892,0,0,0|928777,2094,372340,1,2,0]
[2186549975:-908839,-29788,416776,0,-1,0|999957,-15660,1384,0,0,0|928777,2584,372340,1,2,0]
[2186554975:-908839,-30278,416776,0,0,0|999957,-15170,1384,0,0,0|928287,3074,371357,0,1,0]
[2186559975:-908839,-30278,416776,0,0,0|999467,-15170,1876,0,0,0|928287,3564,371849,0,1,0]
[2186564975:-908348,-30278,416776,0,0,0|999467,-15170,2859,0,0,0|927307,3564,371849,1,0,0]
[2186569975:-908348,-30767,417268,0,0,0|999467,-14681,3842,0,0,0|927797,3564,372340,0,0,0]
[2186574975:-908348,-31257,417268,0,0,0|999467,-14681,4334,0,0,0|927307,3564,372340,1,0,0]
[2186579975:-908348,-31257,417760,0,0,0|999957,-14681,3842,0,0,0|927797,3564,372340,1,0,0]
[2186584975:-908348,-31257,417268,0,0,0|999957,-14681,3842,0,0,0|927797,3564,372340,0,0,0]
[2186589975:-908348,-30767,417268,0,0,0|999957,-14191,3351,0,0,0|928287,4054,372832,0,0,0]
[2186594975:-908348,-31257,417760,0,0,0|999957,-13702,2859,0,0,0|928287,4054,372832,0,0,0]
[2186599975:-908348,-31257,418252,0,0,0|999957,-13212,2859,0,0,0|928287,4544,372832,1,0,0]
[2186604975:-908348,-31257,417760,0,0,0|999957,-13212,2367,0,0,0|928777,4544,372832,1,0,0]
[2186609975:-908839,-31257,416776,0,0,0|1000447,-12723,1876,0,0,0|929267,4544,372832,1,0,0]
[2186614975:-908839,-31747,416283,0,0,0|1000447,-12723,1876,0,0,0|929267,4054,372340,0,0,0]
[2186619975:-908839,-31747,416283,0,0,0|1000447,-13212,1876,-1,-1,0|929267,4544,372340,0,0,0]
[2186624975:-908839,-32237,416283,0,0,0|999957,-13212,1876,0,0,0|928777,4544,371849,1,1,0]
[2186629975:-909330,-32237,416283,0,0,0|999957,-12723,1384,0,0,0|928777,4544,371849,0,0,0]
[2186634975:-909330,-31747,415791,0,0,0|999957,-12723,1384,0,0,0|928287,4544,371357,0,0,0]
[2186639975:-908839,-32237,415791,0,0,0|999957,-12723,1384,0,0,0|928287,4544,371357,0,0,0]
[2186644975:-908839,-32726,416283,0,0,0|999467,-13212,892,0,0,0|928287,4544,371357,0,0,0]
[2186649975:-908348,-32237,416776,0,0,0|999467,-13702,892,0,0,0|927797,4544,371357,0,1,0]
[2186654975:-908348,-31747,416776,0,0,0|999467,-14191,892,0,0,0|927797,4544,371357,1,0,0]
[2186659975:-895579,-34685,406930,1,22,-5|999467,-14681,892,0,0,0|922405,9445,362014,0,0,0]
[2186664975:-818963,-20483,311916,-30,226,0|1000938,-14681,2367,1,3,0|785642,-8196,342346,-9,-35,-12]
[2186669975:-296404,93623,-216319,-525,2054,-45|1003880,-17128,18101,-11,34,0|406727,-3295,99439,10,-383,9]
[2186674975:151012,89215,-861721,-662,5312,157|1008292,-13212,38260,-12,118,0|-70715,24146,-393749,23,-1903,-12]
[2186679975:112704,74524,-1257529,-396,7544,411|994074,-11744,11217,-5,119,-10|-157479,45218,-827932,57,-4941,-122]
[2186684975:-419186,-82679,-1182207,-14,7802,368|980345,-18596,-32541,-17,-21,-16|139574,52569,-1003966,88,-7690,-234]
[2186689975:-798335,-209519,-988242,415,7684,66|983287,-26916,-24182,5,-144,-4|468491,32967,-901198,52,-8873,-291]
[2186694975:-873478,-252126,-738647,371,8704,-417|993583,-25937,29901,23,-131,10|821916,1604,-463081,-50,-9402,-296]
[2186699975:-803247,-10199,-586527,-286,10292,-244|1010744,-20554,75136,-3,-45,0|1191518,-11136,43876,-62,-9550,-269]
[2186704975:-1049792,101459,-266533,-315,10539,225|1019569,-15660,70711,-44,6,-9|1395436,-14077,247445,120,-8910,-241]
[2186709975:-1494753,63750,123366,-24,9137,290|1014176,-16638,5317,-50,-24,13|1497395,3074,216467,211,-8224,-226]
[2186714975:-1664192,1646558,-574219,-56,8390,-73|1004370,-14681,-46308,-42,-68,12|1512591,27086,169754,-44,-7828,-210]
[2186719975:-1553197,1297380,-537297,-372,8726,-27|991132,-20554,-53192,16,-39,-10|1392495,36397,111240,-76,-7155,-188]
[2186724975:-1462830,806670,-337916,-364,8656,31|978874,-14681,-40408,27,42,-15|1213576,8955,14373,-32,-6881,-188]
[2186729975:-1415191,439373,-134105,-402,8263,137|979365,-10276,-40408,-2,85,4|1027305,-6236,-222141,92,-7082,-186]
[2186734975:-1414209,157288,-85367,-287,7710,337|1002899,-12723,-49750,16,71,6|929267,8955,-488158,53,-7776,-198]
[2186739975:-1316965,-41542,-261610,-177,7531,304|1019079,-17128,-50241,33,22,-2|924856,4544,-657308,72,-8343,-218]
[2186744975:-1095958,-87576,-590957,-592,8544,48|1024963,-16638,-22216,0,2,-2|958679,30027,-672551,115,-8621,-229]
[2186749975:-1088591,-106186,-648556,-526,9120,155|1020059,-15170,19084,-3,12,-1|1079265,31007,-566340,75,-8895,-222]
[2186754975:-1177977,-124796,-586527,77,8615,359|1001918,-14681,41702,22,16,5|1185636,15325,-462097,69,-8934,-244]
[2186759975:-1171592,-122347,-670217,66,8691,184|991132,-14681,39735,-1,-7,10|1236125,12385,-427185,71,-8673,-230]
[2186764975:-1174539,-122837,-748000,-148,9148,-13|993093,-19086,27443,-5,-23,1|1243968,32967,-430627,55,-8292,-199]
[2186769975:-1253119,-99330,-673663,-78,9044,-17|1002409,-20064,20068,-8,-25,-12|1212596,45708,-471440,27,-7986,-187]
[2186774975:-1260486,8410,-585050,-111,8757,71|1001918,-13212,18593,-26,-16,-7|1200832,27086,-486191,23,-7829,-194]
[2186779975:-1221196,86767,-561912,-287,8775,192|994074,-5871,15643,-5,0,6|1203283,17776,-479307,64,-7663,-207]
[2186784975:-1191728,95582,-583080,-507,8835,165|985738,-8808,400,27,8,9|1192498,5524,-449804,70,-7325,-213]
[2186789975:-1274728,57873,-461975,-840,8426,67|990151,-14191,-20249,19,-9,-1|1229753,22186,-415876,54,-6739,-166]
[2186794975:-1445641,-25380,-199088,-395,6819,203|997015,-12723,-27133,28,-28,-4|1385632,11405,-249677,22,-5874,-106]
[2186799975:-1558109,-70925,15060,-96,5362,209|1010253,-11255,-15332,7,-30,5|1564061,9445,-36765,12,-4462,-76]
[2186804975:-1572843,-111083,100720,71,4340,186|1013686,-13212,12692,-19,16,8|1648373,20226,113699,-17,-2816,-29]
[2186809975:-1477564,-128714,57890,99,3703,97|1010744,-16149,25968,-15,58,0|1546414,40808,67970,-14,-1335,-35]
[2186814975:-1323841,-119898,-21369,22,2992,-52|1002899,-17128,8759,-2,47,-6|1319947,28067,-123798,-28,-348,-26]
[2186819975:-1198604,-93453,-73552,63,2036,-137|993093,-16638,-12874,-4,-4,-1|1070442,8955,-336218,-12,309,-29]
[2186824975:-1094976,-57213,-135089,174,1151,-94|987209,-14681,-12382,2,-31,-1|897405,16305,-484716,12,718,11]
[2186829975:-1043408,-6281,-177919,113,665,-57|985738,-11744,11709,1,-5,-2|825347,26596,-552081,-21,814,60]
[2186834975:-1029656,34855,-189242,17,237,13|988190,-9787,34326,7,35,-1|769466,24146,-611086,-18,746,26]
[2186839975:-970721,63750,-251764,-56,-269,52|995544,-11744,34326,-3,35,2|701820,17286,-693694,4,544,-9]
[2186844975:-867584,80400,-374346,-183,-646,86|1005350,-12234,16626,-8,-6,0|644468,26106,-767451,18,338,-9]
[2186849975:-783602,65708,-493975,-276,-863,95|1008292,-10765,5809,0,-44,-1|636625,28067,-779744,1,198,8]
[2186854975:-722211,10859,-648556,-214,-756,50|1001428,-10765,12201,1,-38,1|698389,15325,-704512,-20,79,18]
[2186859975:-667205,-40562,-800184,-37,-376,8|991622,-12234,23018,3,1,6|775839,17776,-609120,4,-13,0]
[2186864975:-621530,-62110,-879444,48,-93,18|990151,-14191,15643,12,23,2|804760,33457,-580108,36,-7,-21]
[2186869975:-596973,-60151,-904551,23,-46,-14|999957,-15170,-6974,1,0,-6|789074,40808,-614528,25,81,-20]
[2186874975:-598447,-29788,-884367,-1,-40,-26|1009273,-16638,-21724,-10,-28,-6|767015,28557,-652390,-14,176,5]
[2186879975:-651980,-5301,-804615,-2,-13,-8|1011234,-15170,-16807,-14,-22,0|766525,17776,-652390,-35,144,24]
[2186884975:-721720,1064,-702709,13,-66,4|1004860,-13702,-4515,-9,5,4|784172,15815,-623379,-18,2,18]
[2186889975:-746276,-3832,-658402,22,-148,0|999467,-13702,-2057,7,18,2|786623,22186,-614037,14,-62,-6]
[2186894975:-714353,-2853,-682032,9,-178,-20|997015,-14681,-12382,11,5,-1|771427,24636,-629772,23,-17,-18]
[2186899975:-673589,4002,-729785,-5,-120,-21|997996,-15660,-21724,0,-9,0|750349,22186,-654849,0,48,-3]
[2186904975:-667205,4002,-749477,-9,-20,-13|999957,-16638,-18282,-6,-7,0|757702,21696,-648457,-14,16,13]
[2186909975:-694708,-404,-728801,3,4,0|1002899,-16638,-5499,-4,6,0|792995,25126,-612562,0,-45,1]
[2186914975:-714353,85,-707632,9,-13,5|1003880,-15170,5317,-2,17,-1|816524,24146,-589943,5,31,-10]
[2186919975:-708950,5961,-706647,2,-19,4|1003389,-13702,7776,5,14,1|802309,17776,-606661,7,66,-11]
[2186924975:-687341,5961,-721909,-10,-7,-4|999957,-15660,3351,7,2,4|767505,15815,-639114,3,12,1]
[2186929975:-676536,-2363,-733724,-8,11,-9|997015,-17128,892,1,-7,2|751819,22186,-648457,-2,-52,11]
[2186934975:-690779,-8730,-720432,-1,11,-7|996525,-17617,4826,-3,-8,-2|771917,28067,-624363,-7,-40,9]
[2186939975:-714353,-5301,-699755,9,-2,4|998977,-16638,11709,-6,0,-3|803289,27577,-594368,-3,15,-3]
[2186944975:-725158,2533,-687940,9,-13,12|1000938,-15660,13184,-6,8,0|810152,20226,-592893,3,39,-10]
[2186949975:-713371,4492,-697786,0,-7,5|1000938,-15170,7284,1,7,4|786623,17286,-618462,6,16,-5]
[2186954975:-692743,-1384,-716001,-8,3,-8|997996,-16638,-90,7,-2,2|762113,20226,-639114,0,-21,7]
[2186959975:-688814,-6281,-720432,-7,16,-12|995544,-17617,-582,3,-7,-2|765054,25616,-631247,-6,-32,9]
[2186964975:-706004,-3832,-701232,0,8,-3|995054,-16149,7284,-2,-2,-2|789564,25126,-604202,-6,-4,3]
[2186969975:-723193,574,-683017,6,-11,5|996035,-15660,16134,-4,7,0|806230,22186,-587976,1,27,-6]
[2186974975:-717791,1064,-688432,5,-19,6|997015,-16149,18101,-2,8,1|795936,20716,-600760,5,27,-6]
[2186979975:-696181,-1384,-713047,1,-2,0|998486,-16149,13676,1,-3,0|769466,22186,-631738,3,-5,-1]
[2186984975:-681447,-1873,-732247,-4,14,-7|1000447,-16638,7284,1,-18,-1|757211,23656,-647473,-3,-34,4]
[2186989975:-688814,85,-726339,-3,20,-2|1001428,-16638,4826,-3,-19,-1|771427,23166,-634689,-5,-34,3]
[2186994975:-709933,1064,-703201,1,6,4|1000938,-15660,5317,-6,-8,0|794956,22186,-608136,-1,-3,-2]
[2186999975:-720246,-1873,-689417,7,-8,6|998486,-15170,2367,-3,3,0|802799,23166,-596827,3,25,-6]
[2187004975:-710915,-4812,-698278,6,-9,1|997506,-16149,-4515,0,5,-1|787113,24146,-612070,3,17,-2]
[2187009975:-694217,-4322,-717478,-1,2,-5|998977,-15660,-11890,2,0,-1|768486,24146,-635180,0,-9,2]
[2187014975:-689796,-1384,-725355,-6,10,-8|1001918,-15170,-14349,3,-5,0|767015,22186,-642556,-3,-22,5]
[2187019975:-701583,574,-715509,-6,4,-4|1003880,-15660,-9432,2,-1,0|783681,21206,-627805,-2,-6,2]
[2187024975:-713862,-894,-701724,1,-9,1|1003389,-15660,-2549,1,6,0|796917,21696,-611578,1,16,-1]
[2187029975:-712388,-2363,-701724,5,-15,3|1002409,-15170,892,0,9,0|793975,23166,-612562,3,20,-3]
[2187034975:-697163,-2853,-717478,2,-9,0|1002409,-15170,-1074,-3,3,0|778289,24636,-628788,0,5,0]
[2187039975:-685867,-2853,-729785,-2,5,-3|1002409,-14191,-3040,-4,-5,0|766035,25616,-642556,-5,-15,5]
[2187044975:-690779,-2853,-722893,-5,10,-4|1001428,-13212,-1565,0,-7,0|770937,25126,-635672,-4,-18,5]
[2187049975:-706986,-3343,-703693,-1,2,-1|999467,-13212,2859,2,0,0|786623,24146,-615512,1,-3,0]
[2187054975:-718282,-3832,-690401,2,-10,1|997996,-13212,6301,2,9,0|797897,24146,-600760,4,16,-3]
[2187059975:-713371,-5301,-694832,2,-11,1|997506,-12723,6301,0,10,0|792505,25126,-604694,1,20,-1]
[2187064975:-700601,-6771,-709109,-1,-2,-2|997996,-13212,4826,0,4,0|778289,27086,-619937,-3,2,2]
[2187069975:-693725,-6771,-716986,-3,4,-4|998486,-13702,5317,-1,-3,0|770446,27577,-629280,-3,-15,4]
[2187074975:-698637,-5301,-711570,-2,4,-3|998977,-13212,8759,0,-6,-1|776329,26596,-623871,0,-14,0]
[2187079975:-707477,-2853,-702217,0,-2,1|998977,-12723,11709,1,-2,0|788583,24636,-612070,2,2,-3]
[2187084975:-709441,-1873,-701232,2,-5,4|999467,-13212,10726,0,0,0|791034,24146,-610103,3,11,-4]
[2187089975:-702566,-3343,-709109,1,-2,2|1000447,-13702,5317,-2,-1,0|783681,25616,-619446,0,1,0]
[2187094975:-696181,-4812,-717970,0,4,-2|1000447,-13702,1384,-3,-4,-1|775348,27086,-627805,-3,-12,3]
[2187099975:-698146,-4812,-715509,-1,6,-3|999957,-13702,-1565,-2,-6,-1|777309,26596,-625838,-3,-13,3]
[2187104975:-706986,-2853,-704186,0,0,-1|999467,-13212,-582,0,-2,0|785642,24146,-616004,0,0,0]
[2187109975:-712388,-1873,-696801,0,-6,0|998486,-12723,892,2,2,0|790544,22186,-610103,3,10,-2]
[2187114975:-707968,-2363,-702217,0,-7,0|998486,-13702,400,2,6,1|786132,22676,-615020,3,8,0]
[2187119975:-699128,-3832,-714524,0,0,-1|999957,-14681,-582,0,2,0|778289,24636,-625346,0,-1,2]
[2187124975:-695199,-3343,-720924,-1,4,-3|1001918,-15170,-90,-2,-3,-1|774858,25126,-630755,-4,-10,3]
[2187129975:-699128,-1384,-716001,-1,3,0|1002409,-14681,2367,-3,-5,0|781231,23656,-624854,-1,-6,0]
[2187134975:-705512,-404,-706647,0,-1,2|1000938,-14191,4826,-1,-3,0|785642,22676,-617479,2,2,-2]
[2187139975:-705512,-1873,-703693,1,-4,2|999467,-14191,3842,0,0,0|783681,23166,-616987,3,6,-2]
[2187144975:-700110,-3343,-709109,1,-2,0|998486,-15170,-90,0,0,0|777799,24146,-621904,0,0,0]
[2187149975:-696181,-3343,-714524,0,2,-2|998977,-16149,-4024,-1,-1,0|775839,24146,-625838,-3,-6,3]
[2187154975:-699619,-2853,-713047,-1,1,-2|999957,-16149,-5007,-2,0,0|780250,23656,-622888,-2,-6,2]
[2187159975:-706495,-1873,-706155,0,-3,-2|1000447,-16149,-2549,0,1,0|787113,22186,-616004,0,2,0]
[2187164975:-709441,-894,-702217,1,-7,0|1000447,-16149,-90,0,4,0|788583,21696,-614528,2,11,-1]
[2187169975:-705021,-404,-706155,1,-5,0|999957,-16149,892,1,4,0|782701,21206,-620921,2,6,-1]
[2187174975:-698146,85,-713539,-1,0,-2|999957,-16638,1384,0,1,0|777309,21206,-626821,0,-4,2]
[2187179975:-696672,85,-716001,-2,3,-3|1000447,-17128,2859,-1,-1,0|778289,21696,-625838,-2,-9,3]
[2187184975:-702075,-404,-710586,0,1,-1|1000447,-17128,6301,-2,-2,0|784662,21696,-617970,-1,-2,1]
[2187189975:-707968,-404,-702709,2,-2,1|999467,-16638,9742,-1,0,0|789074,21206,-612070,0,5,-1]
[2187194975:-707968,85,-701232,1,-4,1|998486,-16638,10234,0,1,0|786132,20716,-613053,2,4,-2]
[2187199975:-703057,85,-706155,0,-1,0|997506,-16638,8267,1,0,0|779760,20716,-619446,0,-1,0]
[2187204975:-698637,-1384,-710586,-1,3,-3|997506,-16638,5809,0,-2,0|776329,21696,-622888,-1,-9,2]
[2187209975:-700601,-1384,-709109,-1,3,-3|997996,-17128,5317,0,-3,-1|780740,21696,-618954,-1,-7,1]
[2187214975:-706495,-894,-703693,0,0,-1|998486,-16638,5809,-1,-2,-1|787113,21696,-613053,0,0,0]
[2187219975:-708459,85,-701724,1,-3,1|999467,-16149,6301,-1,0,0|788583,21206,-612562,1,6,-2]
[2187224975:-704530,85,-707140,1,-2,0|999957,-16149,4826,0,0,0|783191,21206,-619937,1,2,-1]
[2187229975:-698146,-894,-714524,0,2,0|1000447,-16638,2367,-1,-3,-1|776819,22186,-627805,0,-7,0]
[2187234975:-696181,-1384,-716986,0,6,-1|1000447,-16149,400,-1,-6,-1|777309,22676,-628296,-2,-11,1]
[2187239975:-701092,-1384,-712555,0,2,0|1000447,-16149,-582,-1,-5,0|783191,22676,-621904,-1,-5,0]
[2187244975:-706495,-894,-706155,1,-2,1|1000447,-16149,-582,-1,-1,0|787603,22186,-616004,0,5,-1]
[2187249975:-706986,-1384,-704678,1,-5,1|999467,-15660,-1565,0,1,0|785642,22676,-617970,0,6,0]
[2187254975:-702075,-2363,-709109,0,-3,0|999467,-15660,-3532,0,1,0|779270,23166,-623871,0,-1,0]
[2187259975:-698146,-3343,-713539,0,1,-2|999467,-15170,-4515,0,-1,0|776329,24146,-627313,-1,-6,2]
[2187264975:-699128,-2853,-713047,-1,0,-3|1000447,-14681,-3040,0,-1,0|779760,24146,-623871,-1,-4,2]
[2187269975:-704039,-2363,-708124,0,-1,0|1000447,-14191,400,0,0,0|785642,24146,-617970,0,1,0]
[2187274975:-706495,-2363,-705170,1,-5,0|1000938,-13702,3351,0,2,0|787113,24146,-616495,1,5,-1]
[2187279975:-703548,-3343,-708124,1,-3,0|1000938,-13212,3842,0,1,0|783191,24636,-620429,1,2,0]
[2187284975:-698637,-3832,-713539,0,0,-1|1000938,-13212,2859,-1,-2,0|778289,25616,-626330,0,-4,1]
[2187289975:-697654,-4322,-715016,-1,2,-2|1000938,-13702,1876,0,-4,0|777799,25616,-626330,-2,-7,1]
[2187294975:-701583,-3832,-710586,0,0,0|1000447,-13702,1876,0,-2,0|782701,25126,-620921,-1,-3,0]
[2187299975:-706495,-4322,-704678,0,-3,0|999467,-13212,1876,0,1,0|786623,25126,-615512,0,3,0]
[2187304975:-706986,-4812,-703693,1,-5,0|998486,-12723,1384,0,3,0|786132,25616,-615020,0,6,-1]
[2187309975:-703548,-4812,-707632,0,-3,-1|998977,-12234,400,0,2,-1|782211,25616,-619446,0,2,0]
[2187314975:-700110,-4322,-711078,-1,-1,-2|999467,-12234,400,0,0,-1|778780,25616,-622888,-1,-3,2]
[2187319975:-700601,-4322,-710586,-1,1,-2|999467,-12234,2367,0,0,0|780250,25616,-621412,-1,-4,1]
[2187324975:-704039,-4322,-706647,0,0,0|999957,-12234,5317,0,0,0|784172,25126,-617479,0,0,0]
[2187329975:-706004,-3832,-704186,1,-2,1|999957,-12723,7284,0,1,0|785642,25126,-616004,0,4,0]
[2187334975:-704039,-3832,-706155,1,-2,1|999467,-12723,7776,0,0,0|783681,25126,-618954,0,1,0]
[2187339975:-700601,-3832,-710093,0,1,0|999467,-13212,6301,-1,-2,0|780250,25126,-622396,-1,-5,1]
[2187344975:-699619,-3832,-711570,-1,3,-1|999467,-13702,4826,-1,-4,0|779760,25126,-622396,0,-7,1]
[2187349975:-702566,-3832,-708616,-1,2,-1|999467,-13702,4334,0,-4,0|783191,25126,-618462,0,-3,0]
[2187354975:-705512,-3343,-705170,0,-1,0|999467,-14191,3842,0,-2,0|785642,24146,-615512,1,1,-1]
[2187359975:-706004,-2853,-705663,1,-2,0|999467,-14191,2859,0,0,0|784662,23656,-616495,1,2,0]
[2187364975:-703057,-2853,-709109,0,-1,0|999957,-14191,400,0,0,0|781721,23656,-620921,0,0,0]
[2187369975:-700110,-2853,-713047,0,0,-1|1000447,-14191,-1074,0,-1,0|779760,23656,-624363,-1,-3,1]
[2187374975:-700601,-2363,-713047,0,1,0|1000938,-14191,-1565,0,-1,0|780740,23166,-624363,0,-3,0]
[2187379975:-702075,-1873,-710586,0,0,0|1000938,-14191,-1074,0,0,0|783191,22676,-621904,0,0,0]
[2187384975:-703548,-1384,-708616,0,-2,0|1000938,-14681,-90,0,1,0|784172,22186,-620429,1,3,0]
[2187389975:-702566,-1384,-709601,0,-2,0|1000938,-15170,-90,0,1,0|782211,22676,-621412,0,3,0]
[2187394975:-700110,-1873,-711570,0,-1,0|1000447,-15660,-582,-1,0,0|779760,22676,-623379,0,0,1]
[2187399975:-699619,-1873,-712063,0,0,-2|1000447,-16149,-90,0,0,0|779760,23166,-622888,0,-2,1]
[2187404975:-702075,-1384,-709601,0,-1,-1|999957,-16149,400,0,0,0|781721,22676,-619937,0,0,0]
[2187409975:-704530,-1384,-706647,0,-2,0|999467,-16149,1876,0,0,0|783191,22186,-617479,1,2,0]
[2187414975:-704530,-1384,-706155,0,-3,0|999467,-16638,2367,0,1,0|782211,21696,-617970,1,2,0]
[2187419975:-702566,-894,-708124,0,-2,0|998977,-16638,2367,0,0,0|780250,21696,-620921,0,0,0]
[2187424975:-700601,-894,-710586,-1,0,-1|999467,-17128,2367,-1,0,0|779760,21696,-621904,-1,-3,0]
[2187429975:-701092,85,-710586,0,0,-1|999957,-17128,3351,-1,-1,0|781721,21696,-620429,0,-2,1]
[2187434975:-703548,574,-708124,0,-1,0|999957,-17128,4334,0,0,0|784172,21206,-617970,0,0,0]
[2187439975:-705512,574,-706155,0,-2,0|999957,-17128,4826,0,1,0|784172,20226,-616987,1,1,-1]
[2187444975:-704530,574,-706647,0,-2,0|999467,-17128,4334,0,0,0|782701,20716,-618954,1,0,0]
[2187449975:-702566,85,-709109,0,0,-1|999467,-17617,3351,0,0,0|781231,21206,-621412,0,-1,1]
[2187454975:-702075,-404,-709601,0,0,-1|999467,-17128,2859,0,-1,0|781231,21206,-620921,-1,-3,1]
[2187459975:-703057,-404,-708616,0,0,-1|999467,-17128,2859,-1,-1,0|783191,21206,-618954,0,-2,0]
[2187464975:-704530,-894,-706647,0,-1,0|999957,-16638,3842,0,0,0|784172,21696,-617479,0,0,0]
[2187469975:-704039,-894,-706647,0,-1,0|999957,-16149,3842,0,0,0|783191,21696,-618462,0,0,-1]
[2187474975:-702075,-1384,-709109,0,0,0|999957,-16149,3351,0,0,0|780740,22186,-621412,0,-1,0]
[2187479975:-700601,-1873,-710586,0,0,-1|999957,-15660,2859,0,-1,0|780250,22676,-621904,0,-3,0]
[2187484975:-701583,-1873,-710093,0,0,0|999957,-15170,2859,0,-1,0|782211,23656,-620429,0,-2,0]
[2187489975:-703548,-2363,-707632,0,-1,0|999467,-14681,2859,0,-1,0|784172,23656,-618462,0,0,0]
[2187494975:-704530,-2363,-706647,0,-2,0|999467,-14191,2367,0,0,0|783681,24146,-618954,0,1,0]
[2187499975:-703548,-2853,-707632,1,-2,0|999467,-14191,1876,0,0,0|781721,24146,-620921,0,0,0]
[2187504975:-701583,-3343,-710093,0,0,-1|999467,-13212,892,0,-1,0|780250,24636,-622888,0,-2,0]
[2187509975:-701092,-3832,-711078,0,0,0|999467,-12723,892,0,-1,0|781231,24636,-621904,-1,-2,1]
[2187514975:-702566,-3832,-709601,0,0,0|999957,-12723,892,0,0,0|783681,24636,-619937,0,0,0]
[2187519975:-704039,-3832,-707632,0,-2,0|1000447,-12723,1384,0,0,0|784662,24146,-618954,0,1,0]
[2187524975:-704039,-3832,-707632,0,-2,0|1000447,-12723,1876,0,0,0|783681,24636,-619446,0,1,0]
[2187529975:-702566,-4322,-709109,0,-1,0|1000447,-12723,1384,0,0,0|781721,25126,-621412,0,-1,1]
[2187534975:-701583,-4812,-710093,0,0,0|1000447,-12234,1876,0,0,0|780740,25126,-621904,0,-2,1]
[2187539975:-702075,-4812,-709109,0,-1,0|999957,-12234,2367,0,-1,0|781721,25126,-619937,0,-2,0]
[2187544975:-703057,-4812,-707632,0,-1,0|999957,-12723,2859,0,0,0|782701,25126,-617970,0,0,0]
[2187549975:-703548,-4812,-707140,0,-1,0|999957,-13212,3351,0,0,0|782701,25126,-617970,0,1,0]
[2187554975:-703057,-4812,-708124,0,-1,0|999467,-13212,2859,0,0,0|781231,25126,-619937,0,0,0]
[2187559975:-701583,-4322,-709601,0,-1,0|999467,-13212,2367,0,0,0|780250,24636,-621904,0,-2,0]
[2187564975:-701583,-3832,-710093,0,0,0|999467,-13702,2367,0,-1,0|781231,24636,-621412,0,-3,0]
[2187569975:-703057,-3832,-709601,0,0,0|999957,-13702,2367,0,-1,0|782701,24146,-619937,0,-1,0]
[2187574975:-704530,-3343,-708124,0,-1,0|999957,-13702,2859,0,0,0|783681,23656,-618954,0,1,0]
[2187579975:-704530,-2853,-707632,0,-1,0|999957,-14191,2367,0,0,0|782701,23656,-619937,0,0,0]
[2187584975:-703548,-2853,-709109,0,-1,0|1000447,-14681,1876,0,0,0|781721,23656,-620921,0,-1,0]
[2187589975:-702075,-2853,-710093,0,-1,0|1000447,-14681,892,0,-1,0|781721,23656,-621412,0,-2,0]
[2187594975:-702075,-2363,-710093,0,0,0|1000938,-14681,892,0,-1,0|782701,23166,-620921,0,0,0]
[2187599975:-703057,-1873,-708616,0,-1,0|1000938,-14681,1876,0,0,0|783681,22676,-619937,0,0,0]
[2187604975:-703548,-1873,-708616,0,-1,0|1000447,-14681,1876,0,-1,0|783191,22676,-619937,0,0,0]
[2187609975:-702566,-1873,-709109,0,-1,0|1000447,-15170,1876,0,0,0|782211,23166,-620921,0,0,0]
[2187614975:-701583,-2363,-710586,0,0,0|1000447,-15170,1384,0,0,0|781231,23166,-621412,0,-1,0]
[2187619975:-701583,-2363,-710586,0,-1,0|999957,-15170,892,0,-1,0|781721,22676,-620921,0,0,0]
[2187624975:-702566,-2363,-709109,0,-1,0|999467,-15170,892,0,0,0|782701,22186,-619446,0,0,0]
[2187629975:-703057,-2363,-708616,0,-1,0|999467,-15170,892,0,1,0|783191,22186,-618954,0,0,0]
[2187634975:-703057,-1873,-708616,0,-2,0|999957,-15170,892,0,0,0|782701,22186,-619937,0,0,0]
[2187639975:-702075,-1873,-709601,0,-1,0|999957,-15660,400,-1,0,0|782211,22186,-620921,0,0,0]
[2187644975:-701583,-1873,-710586,0,0,0|1000447,-15660,400,-1,0,0|782211,22186,-621412,0,0,0]
[2187649975:-702075,-1384,-710093,0,-1,0|1000447,-15660,892,-1,0,0|782701,22186,-620921,0,0,0]
[2187654975:-702566,-1384,-708616,0,-1,0|1000447,-15660,1876,-1,0,0|783191,22186,-619937,0,1,0]
[2187659975:-703057,-1384,-708124,0,-1,0|999957,-16149,2367,0,0,0|782701,22186,-619446,0,1,0]
[2187664975:-702566,-1384,-708124,0,-1,0|999467,-16149,2367,0,1,0|782211,22186,-619937,0,0,0]
[2187669975:-702075,-1384,-708616,0,0,0|998977,-16149,2859,0,0,0|782211,22676,-620429,0,0,0]
[2187674975:-702566,-1873,-708124,0,-1,0|998977,-16149,2859,0,0,0|782701,22676,-619446,-1,0,0]
[2187679975:-703548,-1873,-707140,0,-2,0|998977,-16149,3351,0,0,0|783191,22676,-618462,0,0,0]
[2187684975:-703548,-1873,-706647,0,-2,0|999467,-16149,3842,0,0,0|783191,22676,-618462,0,0,0]
[2187689975:-703057,-1873,-706647,0,-1,0|999467,-16149,4826,0,0,0|782701,22676,-618954,0,0,0]
[2187694975:-702566,-1873,-707632,0,0,0|999467,-15660,4826,0,0,0|782211,22676,-619446,0,0,0]
[2187699975:-702075,-1873,-708616,0,0,0|999467,-16149,4826,0,-1,0|781721,22676,-619446,0,-1,0]
[2187704975:-703057,-1873,-708616,0,0,0|999467,-16149,4826,0,-1,0|782701,22186,-618954,0,-1,0]
[2187709975:-703057,-1873,-708124,0,0,0|999467,-16149,4334,0,-1,0|783191,22186,-618462,0,0,0]
[2187714975:-703057,-1384,-708124,0,-1,0|999957,-15660,3842,0,-1,0|782701,22186,-618954,0,0,0]
[2187719975:-703057,-1873,-708124,0,-1,0|1000447,-15660,3351,0,-1,0|782211,22676,-619937,0,-1,0]
[2187724975:-702566,-2363,-708616,0,-1,0|1000938,-15170,2859,0,-1,0|782211,22676,-620921,0,-2,0]
[2187729975:-702566,-2363,-709109,0,-1,0|1000938,-15170,2367,0,-1,0|782701,22676,-620921,0,-1,0]
[2187734975:-703057,-2853,-709109,0,0,0|1000938,-14681,1876,0,0,0|783191,23166,-620429,0,0,0]
[2187739975:-703057,-2853,-709109,0,0,0|1000447,-14681,1876,0,0,0|782701,23656,-620921,0,0,0]
[2187744975:-702566,-2853,-709601,0,-1,0|999957,-14681,1384,0,0,0|781721,24146,-621412,0,0,0]
[2187749975:-701583,-3343,-710093,0,-1,0|999467,-14191,892,0,0,0|780740,24636,-621904,0,0,0]
[2187754975:-701092,-3343,-710093,0,0,0|998977,-14191,892,0,0,0|780740,24636,-621412,0,0,0]
[2187759975:-702075,-3343,-709601,0,0,0|998977,-14191,892,0,-1,0|781721,24636,-620921,0,0,0]
[2187764975:-703057,-3832,-709109,0,0,0|998977,-13702,1384,0,0,0|782211,24636,-620429,0,0,0]
[2187769975:-703057,-3832,-709109,0,0,0|999467,-13702,1384,-1,0,0|782211,24636,-620429,0,1,0]
[2187774975:-702566,-3832,-709109,0,-1,0|999467,-13702,1876,-1,0,0|781721,24636,-620921,0,0,0]
[2187779975:-702566,-3832,-709601,0,-1,0|999957,-13212,1876,0,0,0|782211,24146,-620921,0,0,0]
[2187784975:-702566,-3832,-709601,0,0,0|999957,-13212,2367,0,0,0|782211,24146,-620429,0,0,0]
[2187789975:-703057,-4322,-708616,0,-1,0|999957,-13212,3351,0,0,0|782701,24146,-619937,0,0,0]
[2187794975:-703548,-4322,-708124,0,-1,0|999957,-13212,3842,0,0,0|782701,24146,-619937,0,0,0]
[2187799975:-703548,-3832,-707632,0,-1,0|999957,-13702,3842,0,0,0|782701,24146,-619937,0,0,0]
[2187804975:-703057,-3343,-708124,0,-1,0|999957,-13702,3842,-1,0,0|782701,24146,-619937,0,0,0]
[2187809975:-703057,-3343,-708124,0,-1,0|1000447,-14191,3842,-1,0,0|783191,23656,-619937,0,-1,0]
[2187814975:-703057,-2853,-708124,0,-1,0|1000447,-14191,3351,0,0,0|783681,23656,-619446,0,0,0]
[2187819975:-703548,-2363,-708124,0,-1,0|1000447,-14681,3842,0,-1,0|783681,23166,-619446,0,0,0]
[2187824975:-703548,-2363,-708124,0,-2,0|999957,-14681,3842,0,0,0|783681,23166,-619446,1,0,0]
[2187829975:-703057,-1873,-708616,0,-1,0|999957,-14681,3351,0,-1,0|783191,23656,-619937,0,-1,0]
[2187834975:-702566,-1873,-709109,0,-1,0|999957,-14681,2859,0,-1,0|782701,23656,-620429,0,-1,0]
[2187839975:-702566,-1873,-709601,0,0,0|999957,-14681,1876,0,0,0|782211,23166,-620429,0,-1,0]
[2187844975:-702566,-2363,-709601,0,-1,0|999957,-14681,892,0,0,0|782211,23166,-619937,0,0,0]
[2187849975:-702566,-2363,-709109,0,-1,0|999467,-14681,400,0,0,0|782211,23656,-619937,0,0,0]
[2187854975:-702075,-2363,-709109,0,-2,0|999467,-14681,400,0,0,0|781721,23656,-620429,0,0,0]
[2187859975:-701583,-2363,-709601,0,-1,0|999467,-14681,400,-1,0,0|781231,23656,-620429,0,0,0]
[2187864975:-701583,-2363,-710093,0,-1,0|999957,-14681,400,0,0,0|781721,23656,-620921,0,0,0]
[2187869975:-702075,-2363,-710093,0,-1,0|999957,-14681,400,0,0,0|782211,23166,-620921,0,0,0]
[2187874975:-702566,-2363,-709601,0,-2,0|999957,-14681,1384,0,0,0|782701,23656,-620921,0,0,0]
[2187879975:-703057,-2363,-709109,0,-2,0|999957,-14681,1876,0,0,0|782701,23656,-620921,0,-1,0]
[2187884975:-703057,-2363,-709601,0,-1,0|999957,-14681,2367,0,0,0|782701,23166,-620921,1,-1,0]
[2187889975:-702566,-1873,-709109,0,-1,0|999957,-15170,2859,0,0,0|782701,23166,-620429,0,0,0]
[2187894975:-702566,-1873,-708616,0,-1,0|999957,-15170,2859,0,0,0|782701,22676,-619937,0,0,0]
[2187899975:-703057,-1873,-708616,0,-1,0|999957,-15170,2367,0,0,0|782211,22676,-619937,0,0,0]
[2187904975:-703057,-1873,-708616,0,-1,0|999467,-15170,1876,0,0,0|782211,22676,-619937,0,0,0]
[2187909975:-703057,-2363,-709109,0,-1,0|999467,-15170,1876,0,0,0|781721,22676,-619937,0,0,0]
[2187914975:-702566,-2363,-709109,0,-1,0|998977,-15660,2367,0,0,0|781231,23166,-619937,0,0,0]
[2187919975:-702566,-2363,-709109,0,0,0|999467,-15660,2859,0,0,0|781231,23656,-619446,0,0,0]
[2187924975:-702566,-2363,-708616,0,-1,0|999957,-15660,3351,0,0,0|781231,23656,-619446,0,0,0]
[2187929975:-702566,-1873,-709109,0,-1,0|999957,-15660,3351,0,0,0|781231,23166,-619937,0,0,0]
[2187934975:-702566,-1873,-709109,0,-1,0|999957,-15660,2859,0,0,0|781721,23166,-619937,0,0,0]
[2187939975:-702075,-1873,-709109,0,-1,0|999957,-15660,2859,0,0,0|782211,23166,-619937,0,-1,0]
[2187944975:-702566,-1384,-709109,0,0,0|999957,-15660,2367,0,0,0|782211,22676,-619937,0,0,0]
[2187949975:-702566,-1384,-708616,0,0,0|999957,-15660,2367,0,0,0|782211,22676,-619446,0,0,0]
[2187954975:-702566,-1873,-708616,0,0,0|999957,-16149,2859,0,0,0|782211,22186,-619446,0,0,0]
[2187959975:-702566,-1873,-708616,0,0,0|999957,-16149,3351,0,0,0|781721,22676,-619446,0,0,0]
[2187964975:-702566,-1873,-708616,0,0,0|999957,-16149,3351,0,0,0|782211,22676,-619937,0,-1,0]
[2187969975:-702566,-1873,-708616,0,-2,0|999467,-15660,2859,-1,0,0|782211,23166,-620429,0,-1,0]
[2187974975:-702075,-1873,-709109,0,-1,0|999467,-15660,2367,0,0,0|782701,23166,-619937,0,0,0]
[2187979975:-702566,-1873,-708616,0,0,0|999957,-15660,2367,0,-1,0|782701,23656,-619937,0,0,0]
[2187984975:-703057,-2363,-708124,0,0,0|999957,-15170,2367,-1,-1,0|782701,23656,-619937,0,0,0]
[2187989975:-703057,-2363,-708616,0,-1,0|999957,-14681,2367,-1,-1,0|782211,23656,-619446,0,0,0]
[2187994975:-703057,-2363,-708124,0,-2,0|999957,-14191,2367,0,0,0|782211,23656,-619937,0,0,0]
[2187999975:-702566,-2853,-708124,0,-1,0|1000447,-14191,2367,0,0,0|782211,23656,-619937,0,0,0]
[2188004975:-702566,-3343,-708616,0,-1,0|1000938,-14191,1876,0,0,0|782701,24146,-619937,0,0,0]
[2188009975:-702566,-2853,-708616,0,0,0|1000938,-14191,1876,0,-1,0|782701,24146,-619937,0,0,0]
[2188014975:-702075,-2853,-709109,0,0,0|1000447,-13702,1876,0,0,0|782211,24146,-620429,0,0,0]
[2188019975:-702075,-2853,-709109,0,0,0|999957,-14191,1384,-1,-1,0|782211,24146,-620921,0,0,0]
[2188024975:-702075,-2853,-709601,0,0,0|999957,-14191,1384,0,-1,0|781721,24636,-620921,0,0,0]
[2188029975:-702075,-3343,-709601,0,-1,0|999467,-14191,1876,0,-1,0|782211,24636,-620429,0,-1,0]
[2188034975:-702075,-3343,-709601,0,0,0|999957,-14191,1876,0,-1,0|782211,25126,-619937,0,0,0]
[2188039975:-702075,-3343,-709109,0,-1,0|999957,-14191,2367,0,-1,0|782701,24636,-619937,0,0,0]
[2188044975:-702566,-3343,-708616,0,-1,0|999467,-14191,2367,0,0,0|782701,24146,-619937,0,-1,0]
[2188049975:-702566,-3343,-709109,0,-1,0|999467,-14191,2367,-1,0,0|782211,24146,-620429,0,-1,0]
[2188054975:-702566,-3343,-709109,0,-1,0|999957,-14191,2367,-1,-1,0|782701,24146,-619937,0,0,0]
[2188059975:-703057,-3343,-709109,0,-1,0|999957,-14191,2367,0,0,0|782701,23656,-619937,0,0,0]
[2188064975:-703057,-3343,-708616,0,-1,0|999957,-14191,1876,0,0,0|782701,23166,-619937,0,0,0]
[2188069975:-703057,-2853,-708616,0,-1,0|999957,-14681,1876,0,0,0|782701,23166,-619937,0,0,0]
[2188074975:-703057,-2363,-708616,0,-1,0|999957,-14681,1876,0,-1,0|782701,23166,-620429,0,0,0]
[2188079975:-703057,-2363,-708616,0,-1,0|999957,-15170,1876,0,-1,0|782701,23166,-620429,0,0,0]
[2188084975:-703057,-1873,-708616,0,-1,0|999957,-15170,1876,0,0,0|782701,22676,-620429,0,0,0]
[2188089975:-702566,-1873,-708616,0,0,0|999467,-15170,1876,-1,0,0|782701,22186,-620921,0,0,0]
[2188094975:-702075,-1873,-708616,0,-1,0|999467,-15170,1876,-1,0,0|782701,22676,-620921,0,0,0]
[2188099975:-701583,-1384,-708616,0,-1,0|999957,-15660,2367,0,0,0|782211,23166,-620429,0,0,0]
[2188104975:-701583,-1873,-708616,0,-1,0|999467,-15660,2367,0,0,0|782211,23656,-620429,0,0,0]
[2188109975:-701092,-1873,-709109,0,0,0|999957,-15660,2367,0,0,0|782211,23656,-620921,0,0,0]
[2188114975:-701583,-1873,-709601,0,-1,0|999957,-15660,1876,0,-1,0|782211,23656,-620429,0,-1,0]
[2188119975:-702075,-1873,-709601,0,-1,0|1000447,-15660,1876,0,-1,0|782211,23656,-620429,0,-1,0]
[2188124975:-702566,-2363,-709109,0,0,0|1000447,-15170,1876,0,0,0|782211,23166,-619937,0,0,0]
[2188129975:-703057,-2363,-709109,0,-1,0|1000447,-15170,1876,0,0,0|782701,23166,-619937,0,0,0]
[2188134975:-703548,-2853,-709109,0,-1,0|999957,-15170,1384,0,0,0|782701,23166,-619937,0,0,0]
[2188139975:-703548,-2853,-709109,0,-2,0|999957,-14681,1384,0,0,0|782211,23166,-619446,0,0,0]
[2188144975:-703548,-2363,-709109,0,-1,0|999467,-14681,1384,-1,0,0|782211,23656,-619937,0,1,0]
[2188149975:-703548,-1873,-708616,0,-1,0|999957,-14681,1876,0,0,0|782211,23656,-619937,0,0,0]
[2188154975:-703548,-1873,-708616,0,-1,0|999957,-15170,1876,0,0,0|782211,24146,-620429,0,0,0]
[2188159975:-703548,-1873,-708616,0,-1,0|999957,-15170,1876,0,0,0|782701,24146,-620429,0,0,0]
[2188164975:-704039,-2363,-707632,0,-3,0|1000938,-15170,1876,0,0,0|794956,24146,-613053,7,26,0]
[2188169975:-724175,-10199,-664310,7,-100,-11|1003880,-15660,-90,-1,0,0|828779,13855,-577158,28,239,-11]
[2188174975:-842046,-41542,-508743,62,-540,-39|1015647,-17128,-13857,-4,-9,0|971914,-5256,-466523,78,1062,35]
[2188179975:-1351835,-180135,125828,573,-2760,-120|1024963,-13212,-24182,-2,-37,0|1318967,20716,-197063,-17,3043,140]
[2188184975:-1711340,-33706,688032,503,-6294,-72|1007802,-11255,-4024,3,-99,-5|1828762,-16527,251379,-68,5869,196]
[2188189975:-1887655,9389,772707,243,-7897,-89|987209,-12723,29901,22,-92,8|1237106,-139039,315793,159,9090,121]
[2188194975:-1757997,90685,498989,-234,-7780,-199|970539,-11744,25968,13,20,27|1286124,-53280,166312,142,9209,87]
[2188199975:-1678435,-50357,65275,-362,-8314,-160|972500,-13212,-17299,-22,117,15|1273379,29537,-190671,40,9670,130]
[2188204975:-1565967,-119898,-322163,54,-9735,-33|980835,-18107,-57125,-2,106,-12|1146911,44238,-606169,-20,9897,211]
[2188209975:-1340048,-116960,-742585,301,-10552,-113|990151,-16638,-45325,5,19,-20|1003776,43748,-861861,-141,9434,294]
[2188214975:-1083680,-63090,-1050271,331,-10271,-293|1005841,-8318,13676,-6,-14,-11|979267,33457,-846126,-130,8900,263]
[2188219975:-1040461,-48398,-1028610,135,-8930,-357|1013686,-8318,61369,7,36,-2|949365,17286,-786628,8,8395,176]
[2188224975:-1002153,72565,-952796,412,-8433,-205|1019079,-12723,60385,0,23,4|927307,11895,-779744,38,7939,166]
[2188229975:-993313,87257,-904059,334,-8509,-21|1015647,-10765,43668,-18,-65,2|917993,17776,-785153,-21,7692,190]
[2188234975:-1032603,13307,-816430,68,-8347,17|1010253,-15170,39243,-4,-88,4|923385,20716,-683860,-82,7429,212]
[2188239975:-1123461,-62600,-610649,116,-7991,-92|999957,-20554,47110,-27,-48,1|967992,24636,-461114,-90,7200,212]
[2188244975:-1284060,-95412,-307886,263,-7807,-186|990641,-15660,39243,-27,-9,3|1092990,13855,-262461,-51,7336,229]
[2188249975:-1391126,-61620,-138535,460,-8172,-192|990151,-12234,5317,8,-24,2|1235635,29047,-131174,-37,7839,216]
[2188254975:-1391126,-2363,-124751,401,-8720,-161|986229,-17617,-24674,3,-44,-4|1339065,30027,-42173,-71,8372,221]
[2188259975:-1414700,3513,-53860,174,-8828,-134|985248,-16638,-34999,-11,-18,-4|1353280,21696,6997,-81,8663,234]
[2188264975:-1437783,-12647,18507,114,-8927,-134|988190,-11744,-28116,4,26,1|1300340,8955,5522,-71,8667,234]
[2188269975:-1393090,-44480,-70106,177,-9195,-137|996525,-14191,-20249,6,55,2|1218478,4544,-28897,-21,8496,229]
[2188274975:-1315001,-46929,-232072,268,-9207,-147|1005841,-18107,-25658,-7,37,-6|1155244,23656,-98229,-32,8312,224]
[2188279975:-1301249,-60641,-286717,243,-8886,-171|1010744,-17128,-31066,0,-2,-7|1092500,35417,-195096,-93,8031,198]
[2188284975:-1283078,-62600,-243887,254,-8729,-195|1014176,-18107,-23199,14,-24,0|1008678,36887,-231975,-165,7631,182]
[2188289975:-1151456,-19504,-222718,356,-8775,-215|1014176,-20554,-4024,6,-10,3|867994,5524,-197555,-142,6960,187]
[2188294975:-1000189,3023,-225180,276,-8392,-235|1012705,-18107,17118,-10,25,1|709663,-7216,-142483,-55,6070,186]
[2188299975:-885756,34855,-266533,160,-7683,-183|1009273,-14681,19084,-17,40,-2|542999,-20937,-145433,64,4955,167]
[2188304975:-771815,43181,-370408,136,-7022,-75|1001918,-16149,2367,-17,20,0|395943,-4766,-284588,53,3516,114]
[2188309975:-598938,14776,-527943,38,-6214,-44|994564,-17128,-12382,0,-2,0|299376,14345,-406533,7,2031,53]
[2188314975:-354357,7920,-727324,-7,-5080,-89|988680,-15660,-13857,26,-9,-2|294474,24636,-380964,-1,797,4]
[2188319975:-208492,4002,-795261,-1,-3457,-56|986719,-16149,-6482,29,-5,-2|361139,24636,-233450,-1,-60,-23]
[2188324975:-241889,-19504,-664802,21,-1785,17|991622,-18596,3351,3,-2,2|499863,8955,-31356,-6,-507,-20]
[2188329975:-352392,-36154,-429976,68,-675,5|1001428,-19086,8267,-10,-9,1|666527,7975,155003,-9,-633,-12]
[2188334975:-489417,-56233,-190719,79,-12,-2|1005350,-20064,13676,-2,-13,-4|796917,12385,290716,-9,-667,-15]
[2188339975:-618583,-46929,17030,128,437,8|1003389,-21533,17609,-11,-12,-4|891523,1114,392501,-9,-643,-14]
[2188344975:-733016,-26850,201641,219,739,41|998977,-17128,16134,-24,-11,0|959169,-9176,444622,2,-545,-7]
[2188349975:-853833,-36154,360161,256,886,90|996035,-14191,8267,-1,-12,3|1016521,-5746,468225,1,-353,-7]
[2188354975:-969248,-43500,508343,230,882,53|995054,-17617,-3040,8,-14,0|1041520,3074,474617,-6,-118,-8]
[2188359975:-1046355,-18034,648648,147,681,-40|994074,-19575,-8449,-1,-11,-5|1021913,8465,460849,-17,5,-7]
[2188364975:-1067964,2043,734800,46,331,-43|998977,-16638,-5499,0,3,-3|983188,134,446098,-14,13,-2]
[2188369975:-1031621,574,691970,-30,-36,-4|1005841,-15170,1876,1,24,0|944953,-10156,437738,12,-25,8]
[2188374975:-986437,-10689,572342,-44,-174,8|1009763,-14681,2367,-4,28,2|929267,-4766,414136,16,-47,4]
[2188379975:-934869,-18034,430068,-31,-144,2|1006821,-13212,-1074,2,8,0|942012,2584,362506,2,-17,-4]
[2188384975:-899016,-27829,342439,-26,-48,8|1001428,-13212,-582,13,-13,1|939071,2584,322677,-6,-16,-1]
[2188389975:-882809,-39583,343423,-7,60,6|997015,-15170,7776,2,-16,1|920934,4544,332020,-12,-56,0]
[2188394975:-876916,-47418,389699,7,86,0|995544,-13702,19084,-5,-3,0|906228,6504,370374,0,-80,0]
[2188399975:-895087,-41542,436467,20,77,-9|997996,-11255,24493,-6,6,-1|917503,6504,405285,10,-34,0]
[2188404975:-909821,-32237,437944,16,21,-6|999957,-11255,19576,-9,1,0|930738,3074,401843,12,21,3]
[2188409975:-914732,-29788,417268,2,-26,0|999467,-10276,8267,-1,-10,0|941522,6504,374307,2,32,3]
[2188414975:-907857,-34685,397084,-9,-12,5|996035,-9787,-2057,7,-16,-1|934659,11405,348246,-1,16,0]
[2188419975:-903928,-38603,397084,-8,19,4|993583,-10765,-7465,0,-11,-2|922895,11405,352672,0,-20,-2]
[2188424975:-905401,-38113,420222,4,46,-2|995054,-11744,-9432,-5,0,-2|920934,8955,371849,0,-8,0]
[2188429975:-912768,-36154,437944,8,25,-6|999467,-11255,-9924,0,8,-2|925836,7485,383158,3,11,2]
[2188434975:-921117,-30278,435975,2,-7,-4|1005350,-11255,-10907,1,9,-1|931718,7485,379716,2,14,1]
[2188439975:-918661,-24891,415299,-7,-30,0|1008292,-11255,-9924,1,5,0|939071,3074,365456,1,-2,0]
[2188444975:-913750,-26850,400037,-10,-14,4|1008292,-10765,-6974,4,0,2|942502,1114,358572,-2,-2,1]
[2188449975:-909821,-35175,401514,-2,16,5|1004860,-11744,-1074,0,-1,2|937110,3564,363981,-2,-1,1]
[2188454975:-910312,-37134,418252,5,27,0|1001918,-12234,4334,-3,1,0|929758,7485,373816,1,2,2]
[2188459975:-911786,-33706,430068,6,12,-2|1000447,-11744,6301,-1,2,0|926816,6995,378241,0,5,0]
[2188464975:-909330,-31257,424160,0,-17,0|998486,-11744,5809,-4,2,0|925836,4054,377258,1,6,2]
[2188469975:-904910,-33706,411853,-2,-20,1|997506,-11744,3842,-3,0,0|925346,5524,369882,0,0,1]
[2188474975:-901472,-35665,404468,0,0,0|996035,-12234,2859,4,-1,-1|925836,7975,362506,0,-1,0]
[2188479975:-903928,-32726,411853,1,24,-1|995544,-12723,2859,3,-1,-1|925346,7485,363981,0,-3,0]
[2188484975:-904419,-30278,426622,0,17,-1|996035,-13212,4826,0,1,0|923385,4054,372340,-1,-1,1]
[2188489975:-905401,-31257,434498,-3,-3,0|997015,-14191,7284,1,5,0|923385,3564,381683,1,4,2]
[2188494975:-905892,-33706,427114,-4,-16,1|999467,-14681,9251,0,5,-1|923385,4544,384142,1,7,0]
[2188499975:-907366,-30278,414806,0,-10,-1|1001428,-14681,9251,-1,0,0|927307,2584,376274,2,3,1]
[2188504975:-909821,-26360,407422,1,4,-1|1002409,-15170,8267,1,-6,1|931718,624,363490,0,-6,1]
[2188509975:-911295,-25870,409883,0,12,1|1001918,-16149,7284,0,-7,1|932208,-355,363981,0,-10,1]
[2188514975:-910312,-28319,418252,0,10,2|1001428,-16638,6301,-2,-5,1|929758,1114,372340,0,-4,1]
[2188519975:-908839,-30278,423668,0,2,0|999957,-17617,4334,-2,-1,0|927797,624,378733,2,2,2]
[2188524975:-909330,-29298,421206,3,-2,-1|999467,-17617,400,-4,0,0|926326,1114,377258,2,3,2]
[2188529975:-908839,-27339,413822,2,-4,-1|998977,-17128,-3532,-3,0,0|928777,2584,369882,0,0,0]
[2188534975:-908348,-25870,410868,0,2,0|998486,-17128,-5990,1,-1,0|929758,2584,362506,-2,-1,-1]
[2188539975:-906874,-27339,413822,-3,7,2|997996,-17128,-5007,4,-1,0|927797,1114,365456,-2,-2,0]
[2188544975:-906874,-29298,422191,-3,6,1|997996,-17617,-1565,2,1,0|926326,134,372832,1,0,2]
[2188549975:-909821,-29788,424652,-1,-1,0|999467,-17617,1384,0,3,-1|927797,1114,378241,3,5,2]
[2188554975:-912768,-28319,419237,0,-9,0|1001428,-18107,2367,-1,2,-1|929758,624,375291,1,7,0]
[2188559975:-912277,-26850,409883,0,-1,0|1001918,-17617,1876,-2,0,0|931228,-355,366932,0,0,0]
[2188564975:-910312,-27339,404468,1,9,0|1001428,-17617,1384,0,-3,0|931718,134,361523,0,-5,0]
[2188569975:-910312,-28319,408899,1,8,0|1000938,-17617,400,0,-4,0|931228,624,364473,0,-3,1]
[2188574975:-909821,-27829,418252,0,1,0|1000447,-17128,-1074,0,-1,0|930248,624,371357,0,0,1]
[2188579975:-909821,-26850,425145,-1,-8,0|1000938,-16638,-2057,0,2,0|929758,-355,375782,1,2,2]
[2188584975:-909330,-27339,422683,-2,-9,0|1000938,-17128,-3040,0,4,0|929267,624,376274,0,3,1]
[2188589975:-907857,-28809,418252,-1,0,0|1000447,-17617,-2057,0,4,0|928777,2094,373324,-2,3,0]
[2188594975:-905892,-28319,415299,0,6,0|999467,-16638,892,1,3,0|927797,1604,369882,-1,0,0]
[2188599975:-905892,-26850,417760,0,3,1|998486,-16638,5317,1,2,0|926326,624,370374,0,-1,0]
[2188604975:-905401,-27829,421699,-1,-4,1|997996,-16638,9742,0,0,0|925346,134,373324,1,1,1]
[2188609975:-905401,-30278,421699,-1,-5,0|997996,-16638,13184,0,-1,0|923875,2094,375782,1,1,1]
[2188614975:-905892,-31747,417268,1,0,-2|998486,-17128,13676,-1,-3,0|923875,3074,374799,1,-2,0]
[2188619975:-906383,-30767,412345,3,7,-2|998977,-17128,11709,-3,-6,0|925346,3074,371849,0,-4,0]
[2188624975:-906383,-29298,412837,1,10,-1|999467,-16149,8759,-3,-7,0|927307,2584,369390,0,-4,0]
[2188629975:-906874,-29298,417760,0,5,0|998486,-15660,4826,-1,-7,0|927307,2584,369882,0,-5,0]
[2188634975:-906874,-29788,423175,-2,-1,0|998486,-15660,1384,1,-4,0|927307,2584,372832,2,-3,1]
[2188639975:-907857,-30278,423668,-2,-5,0|998977,-15170,-2057,1,0,0|928287,2584,375291,2,1,1]
[2188644975:-909330,-31257,420222,0,-2,0|1000447,-14681,-4515,0,2,0|929758,3564,375291,1,3,0]
[2188649975:-910804,-31257,414806,0,2,0|1002409,-14191,-5007,0,2,0|931718,4054,372340,0,1,0]
[2188654975:-912277,-31257,412837,0,3,0|1002899,-13702,-4515,0,1,0|933189,4054,368407,-1,0,0]
[2188659975:-912277,-31257,413822,-1,-1,1|1002899,-13212,-2549,1,0,0|933189,4054,367915,0,0,1]
[2188664975:-910804,-31747,415791,-1,-3,0|1001918,-12723,-582,0,-1,0|931718,3564,369390,2,1,2]
[2188669975:-910312,-33216,415299,0,-1,0|1000938,-12234,400,0,0,0|930248,5034,370374,2,1,1]
[2188674975:-909821,-34196,412345,1,1,0|1000447,-11744,-90,-1,0,0|929758,6014,369390,0,0,0]
[2188679975:-909330,-34685,412345,0,4,0|999957,-11744,-582,-2,-1,0|929267,6995,367915,0,0,0]
[2188684975:-908348,-34685,415299,-1,2,0|999467,-11255,-582,0,0,-1|928777,7485,367915,0,-1,0]
[2188689975:-906874,-34196,420222,-1,0,0|998486,-10276,-90,1,1,0|928287,6995,370374,0,0,1]
[2188694975:-906874,-33706,422683,-2,-4,0|998486,-10276,400,2,3,0|928287,6014,373324,2,3,1]
[2188699975:-907857,-33706,420714,-1,-5,0|999467,-10765,892,1,3,0|928287,6014,373324,2,5,2]
[2188704975:-909330,-34685,416283,-1,-3,0|1000447,-11255,1384,0,2,0|928777,6995,371357,1,1,1]
[2188709975:-910312,-34196,412345,0,2,0|1001428,-11744,1876,-1,0,0|929267,6995,369882,0,-1,1]
[2188714975:-910804,-32726,412837,1,3,0|1002409,-12234,2367,-2,0,0|930738,5524,369882,0,-1,1]
[2188719975:-910804,-31747,415791,1,0,0|1002409,-12234,2367,0,0,0|930248,4544,370374,0,-1,0]
[2188724975:-909821,-31747,418745,0,-3,0|1000938,-12234,1876,0,0,0|929267,4054,370865,1,-3,1]
[2188729975:-908348,-32237,419237,-1,-4,0|999957,-12723,892,0,1,0|928287,5034,371849,0,-2,1]
[2188734975:-906874,-32237,418252,0,-1,0|998977,-13212,400,0,2,0|927307,5524,372832,-1,-1,0]
[2188739975:-905401,-32237,418252,0,2,0|997996,-13702,1384,0,3,0|926326,5524,373816,-1,-1,0]
[2188744975:-905401,-31747,420222,0,2,0|997506,-14191,3351,0,4,0|925836,5034,374307,-1,-1,1]
[2188749975:-905892,-30767,422191,-1,-2,0|997996,-14681,5809,0,3,0|925836,4054,374307,0,0,0]
[2188754975:-905892,-30278,421206,-2,-5,0|997996,-14681,8267,0,2,0|926326,2584,374307,1,1,1]
[2188759975:-905892,-30278,417268,0,-1,0|998977,-15660,10234,0,-1,0|926326,2094,373324,2,1,1]
[2188764975:-906874,-30767,412837,2,4,0|999467,-16149,10234,0,-3,0|927307,2584,372340,1,0,1]
[2188769975:-908348,-30278,411360,3,7,0|999467,-16638,8759,-2,-5,0|927307,2584,369882,1,-2,0]
[2188774975:-908839,-29298,413329,1,4,0|999467,-17128,5809,-2,-7,0|928777,2094,370374,1,0,0]
[2188779975:-908348,-28319,417760,0,0,0|999467,-17617,2859,-2,-6,0|928287,1114,371357,1,0,0]
[2188784975:-907857,-27829,419729,0,0,0|998977,-18107,-1074,0,-2,0|928287,624,372832,2,0,1]
[2188789975:-908348,-27339,418745,0,0,0|998977,-18107,-4024,0,0,0|928287,624,371849,2,1,1]
[2188794975:-909821,-27339,417268,-1,0,0|999467,-18596,-5990,1,1,0|929267,1114,370865,0,2,0]
[2188799975:-910312,-27829,416283,-1,0,0|1000447,-18596,-5499,0,1,0|929267,1114,369882,0,1,0]
[2188804975:-910312,-27339,416776,0,0,0|1001428,-18596,-3532,0,2,0|930738,134,371357,0,3,0]
[2188809975:-910804,-26850,417268,0,-1,0|1001918,-18596,-90,0,2,0|930738,-845,371357,0,5,0]
[2188814975:-910804,-26850,416776,0,-3,0|1001918,-18596,2859,0,1,0|931228,-1335,370374,0,3,1]
[2188819975:-910312,-27339,415299,0,-1,1|1001918,-18107,3842,0,0,0|930248,-845,368407,1,-1,0]
[2188824975:-909821,-27829,414314,0,2,0|1001918,-17617,3842,0,-2,0|929758,134,368407,1,-2,0]
[2188829975:-907857,-28319,414806,1,4,0|1000938,-17617,3351,-1,-2,0|928777,624,370374,0,0,0]
[2188834975:-906874,-28319,418745,1,2,0|999957,-17617,2367,-1,-1,0|927307,624,372340,0,1,0]
[2188839975:-906874,-28319,421206,0,-2,0|998977,-17128,1384,0,0,0|926816,624,372832,2,1,1]
[2188844975:-907366,-28319,420714,-2,-5,0|998486,-17128,400,1,2,0|926816,1604,372340,2,1,1]
[2188849975:-907366,-29298,417268,-2,-3,0|998486,-16149,-90,2,1,0|927797,2094,370865,1,2,0]
[2188854975:-907857,-29788,414314,0,1,0|998977,-16149,400,1,1,0|927797,2094,370865,0,0,0]
[2188859975:-909330,-30278,413822,0,3,0|999957,-15660,1384,0,0,0|928777,2584,371357,0,1,0]
[2188864975:-909821,-29788,415791,0,0,0|1000447,-15660,2367,0,0,0|929267,2584,371849,0,2,0]
[2188869975:-909821,-29788,417760,0,-2,0|1000938,-15660,3842,0,0,0|928287,2584,371357,0,0,0]
[2188874975:-908348,-30278,417268,0,-1,0|1000447,-15660,4826,0,-1,0|927797,2584,371357,1,0,0]
[2188879975:-906874,-30767,415791,0,2,0|999957,-15170,4334,0,0,0|926816,3564,371357,0,-1,0]
[2188884975:-905892,-31257,416283,0,4,0|999467,-14681,3842,0,0,0|926816,4054,371357,0,0,0]
[2188889975:-906383,-31747,418252,0,2,0|998977,-13702,3842,0,0,0|926326,5034,371849,0,-1,0]
[2188894975:-906874,-31747,420222,-1,-1,0|998977,-13702,4334,0,0,0|926816,5034,373324,0,0,0]
[2188899975:-906874,-32237,420714,-1,-2,0|999467,-12723,4334,0,0,0|927307,4544,374307,1,1,0]
[2188904975:-907366,-32726,419237,0,-1,0|999957,-12723,4334,0,0,0|927797,4544,373324,2,1,0]
[2188909975:-908348,-33216,415791,0,1,0|999957,-12723,3842,0,-1,0|927797,5524,371357,2,0,0]
[2188914975:-909330,-33216,414314,0,1,0|999957,-12723,2859,0,-2,0|928777,6014,370374,0,0,0]
[2188919975:-908839,-33216,414806,1,1,0|999957,-12723,2367,0,-2,0|928777,5524,370865,0,-1,0]
[2188924975:-908839,-33216,417268,0,1,0|999957,-12723,1876,0,-1,0|928777,5524,372340,1,0,0]
[2188929975:-908839,-32726,418252,0,0,0|1000447,-12234,892,0,0,0|929267,5524,372340,0,0,0]
[2188934975:-908839,-32237,417760,0,-1,0|1000447,-12234,-90,0,0,0|929267,6014,370865,0,-1,0]
[2188939975:-908839,-32237,416776,-1,0,0|1000447,-11744,-1074,0,0,0|929267,6014,369882,0,-3,0]
[2188944975:-908348,-32237,416283,0,0,0|999957,-11744,-1074,0,0,0|929267,5524,370374,0,-3,0]
[2188949975:-907857,-32237,416776,0,1,0|999467,-11744,-582,0,0,0|929267,5524,371849,0,-1,0]
[2188954975:-908348,-32726,418252,0,0,0|999467,-12234,892,0,1,0|928777,5034,372340,0,0,0]
[2188959975:-908839,-32726,418252,0,-2,0|999957,-12723,2367,0,1,0|928777,5034,372340,0,-1,0]
[2188964975:-908839,-32726,416283,-1,-1,0|999957,-12723,3351,0,0,0|929267,4544,371357,0,-1,0]
[2188969975:-908348,-32237,414806,0,1,0|999957,-13212,3842,0,0,0|928777,4544,370865,0,-1,0]
[2188974975:-907857,-32237,414314,0,3,0|999957,-13702,3842,0,-1,0|928287,4544,370865,0,-2,0]
[2188979975:-908348,-31257,416283,0,2,0|999467,-13702,3351,0,-1,0|927797,4054,371849,1,-2,0]
[2188984975:-908839,-30278,418252,0,-1,0|999467,-14191,2367,0,0,0|927797,4054,372340,1,-1,0]
[2188989975:-908839,-29788,419237,0,-3,0|999957,-14681,1384,0,0,0|927797,3564,372340,1,-1,0]
[2188994975:-908348,-29298,418252,0,-2,0|999957,-15170,400,0,1,0|928287,2584,371849,1,-2,0]
[2188999975:-908839,-28809,416776,0,0,0|999957,-15660,-90,0,1,0|928777,2094,371357,0,-1,0]
[2189004975:-909330,-28809,416776,0,1,0|999957,-16149,-582,0,1,0|929267,2094,370865,0,-2,0]
[2189009975:-909330,-28319,417760,0,-1,0|999957,-16638,400,0,0,0|928777,2094,371357,0,-2,0]
[2189014975:-909330,-28809,417760,0,-2,0|999957,-16638,1384,0,0,0|928287,1604,371849,0,-2,0]
[2189019975:-908348,-28319,416776,0,0,0|999957,-17128,2859,0,0,0|927797,1114,371849,0,-2,0]
[2189024975:-907857,-28809,415791,0,1,0|999467,-17128,3351,-1,0,0|928287,624,371849,1,1,0]
[2189029975:-907366,-28319,415299,0,3,0|998977,-17617,3842,0,0,0|927797,1114,371357,1,3,0]
[2189034975:-906874,-28319,416776,0,2,0|998977,-17617,4334,-1,-1,0|927797,624,371849,0,3,0]
[2189039975:-906874,-28319,418252,0,0,0|998486,-17617,4334,-1,-1,0|926816,624,371357,0,0,0]
[2189044975:-907366,-27829,418745,-1,0,0|998977,-17617,3842,0,0,0|927797,624,371357,1,0,0]
[2189049975:-907857,-27829,418252,-1,0,0|999467,-17617,3351,0,0,0|928287,624,370865,1,1,0]
[2189054975:-908348,-27829,416776,0,1,0|999957,-17617,1876,0,-1,0|929267,624,370374,1,1,0]
[2189059975:-908839,-27829,416283,0,1,0|1000447,-17617,1384,0,0,0|929267,624,370865,1,1,0]
[2189064975:-909330,-28319,416776,0,1,0|1000447,-17128,892,0,0,0|929267,1114,371357,0,1,0]
[2189069975:-909330,-28809,417760,0,0,0|999957,-17128,400,0,0,0|928777,1114,371357,0,2,0]
[2189074975:-909330,-28809,417760,0,0,0|999957,-17128,400,0,0,0|928777,1114,370865,1,1,0]
[2189079975:-908839,-28809,416776,0,-1,0|999957,-17128,400,0,0,0|929267,1604,370374,0,1,0]
[2189084975:-908839,-29298,416776,0,0,0|999957,-16638,892,0,0,0|929267,1604,369882,0,1,0]
[2189089975:-908839,-29788,417268,0,0,0|1000447,-16149,1384,0,0,0|928777,1604,370374,0,0,0]
[2189094975:-908839,-29788,417760,0,0,0|1000447,-15660,1876,0,0,0|928777,2094,371357,0,0,0]
[2189099975:-908348,-30278,418252,0,-1,0|999957,-15170,2859,0,0,0|928287,2584,371849,1,1,0]
[2189104975:-907366,-30767,417760,0,0,0|999957,-14681,3351,0,0,0|927797,2584,371849,1,0,0]
[2189109975:-907366,-30767,416776,0,0,0|999957,-14191,3842,0,0,0|927307,3074,370865,0,0,0]
[2189114975:-907857,-30767,416283,0,1,0|999957,-14191,3842,0,-1,0|927797,3074,370374,0,0,0]
[2189119975:-907857,-31257,416776,0,1,0|999957,-14191,3351,0,-1,0|928287,3564,370865,0,0,0]
[2189124975:-907857,-31257,417760,0,0,0|999957,-14191,3351,0,-1,0|927797,3564,371849,1,0,0]
[2189129975:-908348,-31257,418745,0,0,0|999957,-13702,3351,0,0,0|927797,3564,372340,1,0,0]
[2189134975:-908839,-31257,418252,0,0,0|999957,-13702,2367,0,0,0|928287,4054,372340,1,0,0]
[2189139975:-908839,-31257,417760,0,0,0|999957,-13702,1384,0,0,0|928777,4054,371357,1,0,0]
[2189144975:-908348,-31747,416776,0,1,0|999957,-13702,400,0,-1,0|928777,4544,370374,0,0,0]
[2189149975:-908348,-31747,416776,0,1,0|999957,-13212,-90,0,0,0|928777,4544,371357,0,0,0]
[2189154975:-908348,-31747,417760,0,0,0|999957,-13212,400,0,0,0|928287,5034,371849,0,1,0]
[2189159975:-908348,-32237,418252,0,-1,0|999957,-12723,1384,0,0,0|928287,5524,371849,0,1,0]
[2189164975:-908348,-31747,417760,0,-1,0|999957,-12723,2367,0,1,0|928287,5524,371849,0,0,0]
[2189169975:-907857,-32237,416283,0,0,0|999957,-12234,2859,0,0,0|928287,5034,371357,0,0,0]
[2189174975:-907366,-32237,416283,0,1,0|999957,-12723,3351,0,0,0|928287,4544,370865,0,0,0]
[2189179975:-907857,-32726,416776,0,0,0|999957,-12723,3351,0,-1,0|927797,4544,370865,1,0,0]
[2189184975:-907857,-32726,417268,0,0,0|999957,-13212,3351,-1,-1,0|927307,5034,371357,1,0,0]
[2189189975:-907857,-32237,417268,0,-1,0|999957,-13212,2859,0,0,0|927797,5034,371357,1,0,0]
[2189194975:-907857,-31747,416776,0,0,0|1000447,-13212,2367,0,-1,0|927797,5034,370865,0,0,0]
[2189199975:-908348,-31257,416776,0,1,0|1000447,-13212,1384,-1,-1,0|928777,4544,370374,0,-1,0]
[2189204975:-908839,-31257,416776,0,0,0|1000447,-13702,400,-2,-1,0|928777,4544,370374,0,0,0]
[2189209975:-908348,-31257,417268,0,0,0|999957,-13702,400,-1,0,0|928777,4054,370865,0,0,0]
[2189214975:-908348,-31257,417760,0,0,0|999957,-13702,400,0,0,0|928777,3564,371849,1,0,0]
[2189219975:-908348,-31257,417760,0,0,0|999957,-13702,400,0,0,0|928777,3564,371357,0,0,0]
[2189224975:-908839,-31257,416776,0,0,0|1000447,-14191,892,0,0,0|929267,3074,370865,0,0,0]
[2189229975:-908839,-30767,416283,0,0,0|1000938,-14191,1384,0,0,0|929267,3074,370374,0,0,0]
[2189234975:-908839,-30278,416283,0,0,0|1000447,-14681,1876,0,0,0|929267,2584,370865,1,0,0]
[2189239975:-908348,-30278,416776,0,0,0|1000447,-14681,2367,0,0,0|928777,2584,371357,0,1,0]
[2189244975:-908348,-29788,417268,0,0,0|1000447,-14681,2367,0,0,0|928287,2094,371357,1,1,0]
[2189249975:-908348,-29788,417268,0,0,0|999957,-15170,2367,0,0,0|928287,2094,371357,1,0,0]
[2189254975:-908839,-29298,416776,0,0,0|999957,-15660,1876,0,0,0|928777,1604,371357,1,0,0]
[2189259975:-908348,-28809,415791,0,0,0|999957,-15660,1876,0,0,0|928777,1604,371357,0,0,0]
[2189264975:-908348,-28809,416283,0,0,0|999957,-16149,1876,0,0,0|928287,1604,371357,1,0,0]
[2189269975:-908348,-28809,416776,0,0,0|999957,-16149,1876,0,0,0|928287,1604,371357,1,0,0]
[2189274975:-908839,-28809,417268,-1,-1,0|999957,-16149,2367,0,0,0|928287,1604,371357,1,1,0]
[2189279975:-908839,-28809,417268,0,0,0|999957,-16638,2367,0,0,0|917013,14345,388075,-5,-2,0]
[2189284975:-908348,-28809,416776,0,0,0|999957,-16638,2367,0,0,0|919954,13855,384633,-1,0,0]
[2189289975:-908348,-28809,416776,0,0,0|999957,-16149,1876,0,0,0|923385,10915,379716,0,2,0]
[2189294975:-908348,-28319,417268,0,0,0|999957,-16638,1384,0,0,0|925836,6995,375291,0,0,0]
[2189299975:-908348,-28319,417760,0,-1,0|999467,-16638,1876,0,0,0|927307,4054,372340,1,0,0]
[2189304975:-907857,-28809,418252,0,0,0|998977,-16638,2367,0,0,0|928287,2094,371357,2,1,0]
[2189309975:-907857,-29788,417268,0,0,0|998977,-16638,2859,0,0,0|927797,2094,371849,0,3,0]
[2189314975:-907366,-29788,416776,0,0,0|998977,-16149,3351,-1,0,0|927797,1114,370865,-1,0,0]
[2189319975:-907366,-29298,416283,-1,0,0|998977,-16149,3351,0,0,0|928287,1114,370865,0,1,0]
[2189324975:-907857,-29788,416776,0,0,0|999467,-16149,3351,0,0,0|928777,1604,370865,1,1,0]
[2189329975:-908348,-30278,417760,0,0,0|999467,-16149,3351,0,-1,0|928777,2094,371849,1,2,0]
[2189334975:-908348,-29788,418252,0,0,0|999957,-16149,3351,0,-1,0|928287,2094,371849,1,0,0]
[2189339975:-908839,-29788,417268,0,0,0|1000447,-15660,2367,0,-1,0|928287,2584,371849,0,-1,0]
[2189344975:-909330,-30278,416283,0,0,0|1000447,-15660,1384,0,-1,0|929267,3074,371357,0,0,0]
[2189349975:-908839,-30767,415791,0,1,0|999957,-15660,892,0,0,0|929267,3564,370865,0,0,0]
[2189354975:-908839,-30278,416283,0,0,0|999957,-15170,400,0,0,0|929267,3074,370865,1,0,0]
[2189359975:-908839,-30278,416776,0,-1,0|999957,-14191,-90,0,0,0|929267,3074,370865,1,0,0]
[2189364975:-909330,-30767,417268,0,-2,0|999957,-14191,-90,0,0,0|929267,3564,371357,0,1,0]
[2189369975:-909330,-30767,416283,0,-1,0|999957,-14191,-90,0,1,0|928777,3564,370865,0,0,0]
[2189374975:-908839,-30767,415791,0,0,0|999467,-14191,892,0,0,0|928777,3564,370374,0,0,0]
[2189379975:-910804,-28809,422683,2,3,0|999467,-14191,1876,0,0,0|928287,3564,370374,0,0,0]
[2189384975:-910312,-28809,422683,1,1,0|999467,-14191,2859,0,0,0|927797,3564,370865,0,0,0]
[2189389975:-908839,-29298,421699,0,-1,0|999467,-13702,3351,0,0,0|927307,3564,371357,1,0,0]
[2189394975:-908348,-30278,419729,0,0,0|999467,-13702,3842,0,0,0|926816,3564,371849,1,0,0]
[2189399975:-907366,-31257,418252,0,0,0|999467,-13702,4334,0,0,0|926816,4054,372340,0,0,0]
[2189404975:-906874,-32237,417268,0,2,0|999467,-13702,4334,0,-1,0|926816,4544,372340,0,0,0]
[2189409975:-906874,-32237,417760,0,1,0|999467,-13702,4334,0,-1,0|927307,4544,372340,0,0,0]
[2189414975:-906874,-31257,418252,0,0,0|998977,-13702,3842,0,-1,0|927797,4054,372832,1,1,0]
[2189419975:-906874,-31257,418745,0,-1,0|998486,-13212,3842,0,-1,0|926816,4054,372340,1,-1,0]
[2189424975:-906874,-31747,417760,0,0,0|998486,-13212,3842,0,0,0|927307,4054,372340,1,-2,0]
[2189429975:-907366,-31257,416283,0,3,0|998977,-13212,3842,0,-1,0|927797,4544,371849,0,-1,0]
[2189434975:-907857,-30767,415791,0,3,0|999467,-13702,3351,-1,-1,0|928777,4054,371357,0,0,0]
[2189439975:-908839,-30767,417268,0,2,0|999957,-14191,3351,-1,-2,0|928777,3564,371357,0,0,0]
[2189444975:-909330,-30767,418252,0,0,0|999957,-14191,3351,-1,-2,0|928777,3564,371849,1,-2,0]
[2189449975:-909330,-30278,418252,0,0,0|999957,-14681,2859,-1,-1,0|929267,3564,371357,1,0,0]
[2189454975:-909330,-30278,417268,0,0,0|999957,-15170,2367,-1,0,0|929267,3564,370865,0,0,0]
[2189459975:-909330,-30767,415791,0,2,0|999957,-15170,1384,-1,0,0|929267,3564,369882,0,-1,0]
[2189464975:-909821,-30767,415791,0,2,0|999957,-15170,-90,0,-1,0|929758,3564,369882,0,0,0]
[2189469975:-910312,-30278,416283,0,0,0|1000447,-15170,-582,0,0,0|930248,3074,370865,0,1,0]
[2189474975:-910312,-30278,417268,0,0,0|1000447,-15170,-582,0,0,0|929758,2584,371357,0,1,0]
[2189479975:-909821,-30278,416776,0,-1,0|1000938,-15170,-582,0,0,0|929758,2584,371357,1,0,0]
[2189484975:-909821,-29788,415299,0,0,0|1000938,-15660,-582,0,0,0|930248,2584,370374,0,1,0]
[2189489975:-909821,-29788,414806,0,0,0|1000938,-15660,-582,0,0,0|929758,2584,369390,0,1,0]
[2189494975:-909330,-29788,415299,0,0,0|1000447,-15660,-90,0,0,0|929267,2094,369882,0,0,0]
[2189499975:-908839,-29788,416776,0,0,0|1000447,-15660,892,0,0,0|929267,2094,371357,1,0,0]
[2189504975:-908348,-29788,417760,0,-1,0|1000447,-15660,1876,0,1,0|928777,2094,372340,0,2,0]
[2189509975:-908348,-29788,418252,0,-2,0|999957,-15660,2859,0,1,0|928287,2584,371849,0,1,0]
[2189514975:-907857,-29788,417268,0,-1,0|999467,-15660,3351,-1,1,0|928287,2584,371357,0,0,0]
[2189519975:-907366,-29788,416776,0,0,0|999467,-15660,4334,0,0,0|927307,2584,371357,0,1,0]
[2189524975:-906874,-30278,417268,0,1,0|998977,-15660,4826,0,0,0|927307,2584,371849,0,1,0]
[2189529975:-906874,-30278,418252,0,0,0|998977,-15660,5317,0,0,0|926326,2094,372340,0,0,0]
[2189534975:-907366,-30278,418745,0,-1,0|998977,-15170,5317,-1,0,0|926816,2584,372340,0,1,0]
[2189539975:-907366,-30278,418252,0,-1,0|999467,-15170,5317,-1,-1,0|926816,2584,372340,1,0,0]
[2189544975:-907366,-30278,417268,0,0,0|999467,-15170,4826,0,0,0|927307,2584,372340,0,0,0]
[2189549975:-907366,-30278,416776,0,1,0|999467,-15170,4334,0,0,0|927307,2584,371849,0,-1,0]
[2189554975:-907857,-29788,417268,0,2,0|999467,-15170,3351,-1,-1,0|927797,3074,371849,0,0,0]
[2189559975:-907857,-30278,417760,0,0,0|998977,-15170,1876,-1,-1,0|927307,3074,371849,0,0,0]
[2189564975:-907857,-30278,418252,0,0,0|999467,-15170,892,0,-1,0|927797,3074,371849,0,-1,0]
[2189569975:-908348,-29788,417268,0,0,0|999467,-15170,892,0,-1,0|928777,2584,371849,1,0,0]
[2189574975:-908348,-29788,416283,0,1,0|999957,-15170,400,0,-1,0|929267,2584,371849,1,0,0]
[2189579975:-908839,-29788,416283,0,1,0|1000447,-15170,892,0,0,0|929267,2094,371849,0,0,0]
[2189584975:-908839,-29788,416776,0,1,0|1000447,-15660,892,0,0,0|929267,2584,371357,0,-1,0]
[2189589975:-908839,-29788,416776,0,0,0|1000447,-15660,892,0,0,0|929267,2584,371357,0,0,0]
[2189594975:-908839,-29788,416776,0,0,0|999957,-15660,892,0,0,0|929267,2584,371357,0,0,0]
[2189599975:-908839,-30278,416776,0,0,0|999957,-15660,400,0,0,0|927797,2584,369882,0,-3,0]
[2189604975:-908839,-30278,416283,0,1,0|999957,-15660,-90,0,0,0|928287,3074,369882,0,-4,0]
[2189609975:-909330,-30278,415791,0,0,0|999957,-15660,400,0,0,0|928777,3564,369882,0,-3,0]
[2189614975:-908839,-30767,416283,0,0,0|999957,-15170,892,0,0,0|929267,3564,371357,0,0,0]
[2189619975:-908839,-30767,417760,1,0,0|999957,-14681,1384,0,0,0|929267,3564,372340,1,0,0]
[2189624975:-908839,-30767,417760,0,0,0|999957,-14191,1384,0,0,0|929758,3564,372340,1,0,0]
[2189629975:-909330,-30278,416776,0,0,0|999957,-14191,1384,0,0,0|929758,3564,370865,0,0,0]
[2189634975:-909330,-30767,416283,-1,0,0|999957,-14191,1384,0,0,0|929267,3564,370374,0,0,0]
[2189639975:-908839,-30767,415791,0,0,0|999957,-14191,1876,0,0,0|928777,3564,370865,0,-1,0]
[2189644975:-908348,-31257,416283,0,0,0|999957,-13702,2367,0,0,0|928777,3564,371357,0,0,0]
[2189649975:-908348,-31257,416776,0,0,0|999957,-13702,2367,0,0,0|928287,4054,371357,0,1,0]
[2189654975:-908348,-31747,417268,0,-1,0|999467,-13702,2367,0,0,0|928287,4544,371357,1,1,0]
[2189659975:-907857,-31257,416776,0,0,0|999467,-14191,2367,0,0,0|928287,4544,371357,1,4,0]
[2189664975:-907366,-31257,416283,0,1,0|999467,-14191,2367,0,0,0|927797,4054,371849,0,2,0]
[2189669975:-905401,-31747,415791,0,3,0|999467,-14191,2859,0,0,0|928287,7485,365948,-5,-8,0]
[2189674975:-890667,-33216,393145,1,58,-7|1000938,-13702,3842,1,0,0|864563,3074,347263,-12,-149,-6]
[2189679975:-674571,10859,177519,-146,621,-5|1004370,-16149,23509,2,3,0|614567,-8196,246953,33,-1002,9]
[2189684975:-48385,122517,-493975,-856,3495,-39|1007312,-11255,39735,-13,44,0|122908,9445,-159693,26,-3446,-64]
[2189689975:217805,92154,-1079809,-501,6320,315|991622,-11255,4826,-8,127,0|-185910,44238,-659766,78,-6627,-192]
[2189694975:-83746,13307,-1250144,-318,7868,416|980835,-17128,-31558,-4,104,-11|-16795,55509,-959220,89,-8496,-273]
[2189699975:-607287,-142916,-1111808,211,7601,291|983287,-25448,-27133,-14,-12,-15|327316,44728,-977905,4,-9172,-297]
[2189704975:-855797,-248697,-909966,409,8025,-133|994074,-24959,25476,5,-141,-4|655252,10425,-693694,-76,-9567,-281]
[2189709975:-813560,-152221,-693355,155,9360,-439|1011234,-19575,71694,22,-133,9|1038579,-4276,-157726,18,-9263,-252]
[2189714975:-863164,44650,-486098,-365,10624,-44|1019079,-14681,69727,-1,-47,0|1327790,-19957,184506,202,-8473,-229]
[2189719975:-1223651,103907,-113428,-205,10144,302|1013195,-15660,6301,-42,6,-9|1449357,7975,237611,72,-8026,-222]
[2189724975:-1580701,45629,196718,15,8613,198|1002899,-13212,-46800,-48,-20,11|418491,314255,-3820,-7,-6793,-196]
[2189729975:-1771258,-530782,-285240,-579,8795,10|990151,-18596,-55650,-44,-68,11|522411,259369,9456,-55,-6833,-197]
[2189734975:-1683346,-425000,-202042,-411,8717,20|978874,-14191,-42375,13,-42,-9|701330,140288,3063,39,-6961,-194]
[2189739975:-1571860,-215886,-70106,-331,8459,53|980345,-9787,-40900,28,37,-15|793975,54039,-133141,49,-7492,-189]
[2189744975:-1495244,-43011,-3154,-364,8033,190|1004860,-11744,-49258,0,85,2|860641,5034,-375555,68,-8125,-210]
[2189749975:-1425504,8410,-100136,-216,7561,344|1023001,-16149,-50733,15,73,5|930738,-2805,-587976,91,-8513,-229]
[2189754975:-1225125,22122,-411269,-323,7887,212|1028885,-15170,-24674,37,24,-3|988090,1114,-673534,125,-8745,-225]
[2189759975:-1051266,45140,-670217,-723,9004,63|1022021,-14681,16626,4,2,-1|1079265,17286,-619446,49,-8966,-229]
[2189764975:-1129355,-22932,-630833,-217,8922,303|1002899,-14681,40718,-3,12,0|1182695,10915,-498976,82,-8809,-240]
[2189769975:-1181414,-74843,-628864,154,8575,291|991132,-15170,40227,23,16,7|1244458,5524,-434561,65,-8457,-211]
[2189774975:-1161769,-98840,-731754,-55,8964,53|991622,-18596,28426,-4,-21,0|1253772,29537,-422760,37,-8115,-194]
[2189779975:-1212355,-112063,-728308,-133,9189,-39|999957,-19575,20559,-10,-25,-12|1221910,46198,-457180,16,-7900,-188]
[2189784975:-1266379,-49377,-623941,-37,8871,29|999467,-12723,18101,-27,-16,-6|1194459,38358,-487666,45,-7776,-205]
[2189789975:-1244770,59342,-558958,-228,8761,156|991622,-5382,15643,-5,0,7|1199851,19246,-482257,79,-7505,-214]
[2189794975:-1216284,83828,-555020,-337,8765,224|983777,-8808,892,28,8,8|1189557,12385,-465047,49,-7104,-191]
[2189799975:-1182888,81870,-588003,-716,8813,85|989170,-14191,-18774,20,-9,-2|1199361,11405,-436528,55,-6495,-149]
[2189804975:-1358220,3513,-366962,-676,7834,117|997506,-13702,-25658,27,-30,-5|1285634,21206,-359329,11,-5389,-98]
[2189809975:-1497209,-51336,-116382,-225,6212,203|1011724,-11744,-14349,5,-34,4|1458671,7975,-169036,-5,-3840,-51]
[2189814975:-1580209,-82679,73152,-28,4892,203|1014176,-13212,14168,-21,11,9|1620433,8465,39450,-15,-2195,-31]
[2189819975:-1551233,-118919,105151,103,4024,161|1009273,-16638,28918,-13,57,1|1629256,25616,120091,-26,-908,-24]
[2189824975:-1427960,-126755,45583,64,3409,40|1000938,-18107,12201,-2,48,-7|1469455,42278,10439,-21,-93,-34]
[2189829975:-1268344,-110594,-37614,0,2603,-111|991622,-18107,-10415,-3,-3,-3|1218969,17286,-204439,-1,464,-19]
[2189834975:-1153911,-82189,-91275,135,1585,-121|987700,-16149,-12382,2,-33,-1|994953,11405,-398666,6,756,29]
[2189839975:-1067473,-37134,-156750,164,891,-80|987209,-13702,11709,-1,-7,-3|859170,18756,-520119,-31,779,60]
[2189844975:-1032112,11838,-190719,61,494,-36|989661,-11744,36293,6,33,-2|802799,29537,-573716,-10,650,7]
[2189849975:-1007555,47588,-213365,-7,17,34|995544,-13212,37276,-2,33,0|746917,19736,-636656,11,437,-12]
[2189854975:-924555,75013,-305424,-104,-450,66|1003880,-13212,19576,-7,-7,0|668978,20226,-734015,18,234,-5]
[2189859975:-817489,83339,-436868,-234,-759,98|1007802,-12234,7284,0,-47,-1|635154,28557,-780236,-15,121,18]
[2189864975:-744803,51996,-570773,-266,-853,87|1000447,-12723,13676,0,-37,2|667507,21206,-743849,-11,7,8]
[2189869975:-693234,-14606,-728308,-138,-597,22|991622,-13702,22034,4,2,4|745937,13365,-647473,22,-27,-12]
[2189874975:-643630,-51826,-846460,16,-212,13|992603,-15660,9742,11,19,0|800348,25126,-583059,35,27,-25]
[2189879975:-609743,-63579,-894705,46,-51,9|1002899,-17128,-14349,-3,-6,-7|801818,37868,-594860,2,138,-6]
[2189884975:-595009,-47418,-899136,12,-50,-24|1010744,-18107,-27624,-11,-29,-5|779270,33947,-636656,-29,180,15]
[2189889975:-616127,-15586,-855814,-1,-30,-19|1010744,-16638,-21232,-14,-17,0|764564,20226,-657799,-30,70,24]
[2189894975:-681447,85,-759815,2,-26,-3|1003880,-15660,-8940,-7,9,2|777309,13855,-637147,0,-37,5]
[2189899975:-737927,85,-677109,20,-101,4|998977,-15660,-6974,8,20,0|788093,17776,-615512,22,-36,-16]
[2189904975:-737927,-4812,-663325,19,-165,-9|997506,-16149,-16316,9,5,-1|780740,24146,-618954,8,30,-12]
[2189909975:-697654,1064,-701724,4,-162,-23|998486,-16149,-21232,-2,-7,0|759172,22676,-645015,-11,47,6]
[2189914975:-667205,5961,-742093,-7,-77,-18|1000938,-17128,-13857,-5,-3,0|750349,20226,-656816,-14,-26,16]
[2189919975:-677518,3023,-742585,-5,-5,-8|1003389,-17128,892,-3,9,-2|775839,23166,-630755,-7,-58,11]
[2189924975:-705021,-404,-719447,6,-3,2|1004860,-14681,12201,0,16,-1|808681,25126,-597810,3,0,-7]
[2189929975:-715826,3023,-705663,8,-17,6|1004370,-14191,13676,7,10,2|813093,20226,-596335,5,59,-12]
[2189934975:-703057,8900,-711078,-1,-15,2|1001428,-15170,9251,6,0,4|784172,14345,-625838,7,39,-6]
[2189939975:-682430,4492,-727324,-10,0,-5|998486,-16149,5317,0,-10,2|756231,17776,-647965,1,-30,7]
[2189944975:-680465,-5301,-730278,-6,15,-8|997015,-17128,7284,-3,-11,-2|760152,26106,-637639,-5,-55,11]
[2189949975:-700601,-9219,-711078,2,5,-2|998486,-16149,12201,-6,-2,-4|790054,29537,-605186,-5,-9,2]
[2189954975:-720246,-4322,-690894,9,-8,7|999467,-14191,12692,-6,6,0|809661,24146,-589451,0,33,-7]
[2189959975:-721720,2533,-687448,6,-13,11|1000447,-13702,5317,1,8,4|798877,18266,-605186,6,27,-7]
[2189964975:-705021,1064,-703693,-4,-4,0|998977,-15660,-2549,8,0,2|772407,19246,-631738,3,-4,2]
[2189969975:-688814,-4812,-721909,-9,8,-11|998486,-16149,-3532,4,-5,-1|762113,24636,-639606,-2,-31,10]
[2189974975:-695199,-6771,-717478,-4,13,-9|998977,-14681,3842,-1,-1,-1|779760,26106,-620429,-5,-16,7]
[2189979975:-714844,-1384,-696801,1,-2,1|999957,-13702,13184,-3,8,1|801818,22676,-598302,0,15,-1]
[2189984975:-723193,1554,-686955,4,-18,8|1000447,-13702,15151,0,8,3|803779,20716,-597318,6,30,-7]
[2189989975:-708950,85,-701724,1,-16,4|1000938,-13702,9742,3,-2,1|781231,21696,-622396,6,13,-2]
[2189994975:-686850,-2853,-726339,-3,1,-3|1002409,-14191,2859,2,-16,0|759662,23656,-647473,1,-21,3]
[2189999975:-680465,-2363,-736185,-6,16,-5|1003389,-14191,-1074,-3,-17,0|763094,24636,-646490,-2,-35,4]
[2190004975:-695690,-894,-720924,-3,12,0|1002409,-13212,-1565,-5,-5,2|784662,24146,-623379,-2,-18,0]
[2190009975:-714844,-2853,-698278,3,-4,6|999957,-13212,-4024,0,8,2|802309,25126,-600760,2,20,-4]
[2190014975:-717791,-6281,-692371,6,-15,4|997996,-14191,-9924,2,11,0|794956,26106,-604202,5,30,-4]
[2190019975:-703548,-7260,-707140,1,-11,-1|998486,-13702,-16316,3,5,-1|775839,26596,-625838,2,7,1]
[2190024975:-690288,-5301,-721909,-5,1,-7|1001428,-12723,-16807,4,2,0|765054,25126,-641573,-2,-13,6]
[2190029975:-693234,-2363,-722401,-9,3,-8|1003389,-13212,-9432,3,5,1|774858,24146,-635180,-3,-12,6]
[2190034975:-706986,-1873,-709109,-5,-5,-2|1002899,-13212,892,2,12,1|792505,23656,-615512,1,12,1]
[2190039975:-715335,-2853,-699263,2,-15,3|1001918,-13212,6792,0,14,1|797407,24146,-607644,5,24,-2]
[2190044975:-707477,-3343,-705663,3,-17,4|1001918,-13212,6792,-2,6,2|787113,24636,-617479,3,18,0]
[2190049975:-692252,-2853,-721416,-1,-4,0|1002409,-12723,4826,-3,-3,1|770937,25616,-635672,-1,-3,3]
[2190054975:-687341,-2853,-726831,-6,8,-3|1001918,-11744,5809,0,-7,1|767995,25616,-638622,-2,-19,5]
[2190059975:-698146,-3343,-714032,-5,7,-1|999467,-12234,9742,3,0,2|780250,24636,-622396,1,-10,3]
[2190064975:-713862,-4322,-693847,-1,-4,1|997015,-12723,11709,2,7,2|794466,24636,-602236,6,8,-1]
[2190069975:-718773,-5301,-686955,1,-13,3|995544,-13212,10234,2,9,1|796917,25616,-596827,5,22,-2]
[2190074975:-708950,-6281,-696309,0,-9,0|995544,-13702,7284,0,4,0|784172,27086,-609120,0,12,0]
[2190079975:-696181,-7750,-710586,-3,0,-3|996035,-14681,6792,0,-2,0|771917,27577,-622888,-2,-6,4]
[2190084975:-693234,-6771,-713539,-4,5,-5|996035,-14191,9742,1,-4,0|770446,26596,-625346,-1,-15,3]
[2190089975:-700601,-4322,-705663,-2,1,-2|997506,-14191,12201,2,-2,0|781721,24146,-616495,2,-5,-1]
[2190094975:-707968,-894,-699755,1,-4,2|999957,-14681,11217,0,-1,0|790544,21696,-610103,4,9,-4]
[2190099975:-706495,574,-704678,2,-4,3|1002409,-15170,6301,-2,-2,1|788093,21696,-616495,3,7,-1]
[2190104975:-699128,-404,-716001,1,0,2|1004370,-16149,-90,-4,-6,0|780250,22186,-628296,0,-5,2]
[2190109975:-696181,-404,-721416,-1,5,0|1004860,-16638,-4024,-2,-7,0|777309,21696,-633705,-1,-15,3]
[2190114975:-702566,1064,-715016,-3,3,-1|1003880,-16638,-5499,2,0,2|784172,19246,-627313,0,-6,2]
[2190119975:-711406,3023,-703201,-3,-4,0|1002899,-16149,-6482,5,6,4|792015,17776,-617970,5,9,0]
[2190124975:-712879,3023,-700740,-2,-10,1|1002409,-17128,-7957,4,8,3|792015,17776,-616495,6,16,0]
[2190129975:-705512,574,-709109,-2,-10,0|1002409,-17617,-9924,2,6,2|784172,20716,-623871,4,10,2]
[2190134975:-696181,-1384,-720432,-4,-4,-2|1003389,-17128,-9432,0,3,2|776819,23166,-632230,0,0,5]
[2190139975:-694217,-894,-722401,-4,-1,-2|1003880,-16638,-6974,0,3,2|777309,22186,-633214,-1,-2,5]
[2190144975:-700110,1064,-715509,-4,-5,0|1002899,-15660,-3532,3,5,4|782701,20716,-627313,3,4,1]
[2190149975:-705021,1064,-708616,-3,-10,3|1002899,-14681,-3040,5,7,5|786132,20716,-622888,7,12,0]
[2190154975:-704039,-404,-710093,-2,-11,3|1003389,-14681,-5499,4,7,4|783681,21696,-624854,7,13,0]
[2190159975:-698146,-894,-720432,-3,-7,1|1004370,-14681,-7465,1,5,3|779760,22676,-630263,3,7,4]
[2190164975:-704039,85,-714524,-6,-5,0|1005841,-13702,-7465,1,6,5|780250,22676,-632230,1,3,6]
[2190169975:-710915,1064,-706647,-7,-8,0|1006331,-12723,-6974,3,9,6|786132,21696,-627805,4,7,4]
[2190174975:-710915,85,-705170,-8,-14,1|1005350,-11744,-5007,7,14,8|791524,21206,-621904,8,16,2]
[2190179975:-704530,-2363,-710586,-8,-17,2|1004370,-11744,-5499,9,15,8|790054,22186,-621412,10,22,1]
[2190184975:-697654,-5301,-716986,-9,-15,0|1002899,-11744,-6482,8,14,7|782701,24146,-626330,8,16,4]
[2190189975:-697163,-6771,-716986,-9,-10,0|1002409,-11744,-5499,6,12,7|776819,27577,-629772,5,8,7]
[2190194975:-701092,-7260,-710586,-9,-9,0|1000938,-11255,-3040,4,12,7|778780,28557,-624854,4,8,6]
[2190199975:-704530,-7750,-705170,-7,-12,1|999467,-11255,892,4,14,7|783681,28557,-616987,6,16,3]
[2190204975:-702566,-8240,-705663,-6,-16,2|997506,-10765,2859,5,15,7|784172,28067,-614528,8,20,1]
[2190209975:-698146,-9219,-710093,-6,-16,1|996525,-11744,3351,5,13,6|778780,29047,-617970,7,16,3]
[2190214975:-696672,-9219,-711078,-7,-12,0|996035,-11744,3351,4,11,5|774858,30027,-620921,4,7,5]
[2190219975:-700601,-8730,-705663,-7,-9,-1|995544,-12234,5317,2,10,4|776329,30027,-617970,1,6,5]
[2190224975:-705021,-9709,-697294,-5,-9,0|994074,-12723,9251,2,12,3|780740,30027,-609611,1,10,4]
[2190229975:-704530,-10199,-694340,-3,-12,0|990641,-13212,13184,2,13,2|782701,30517,-602236,2,12,1]
[2190234975:-700110,-8730,-697294,-1,-12,0|988190,-14681,16134,2,11,1|779270,30027,-601744,2,14,0]
[2190239975:-697163,-6281,-702217,-1,-9,-2|988190,-16638,17609,2,7,0|774368,27577,-607153,0,8,2]
[2190244975:-700601,-3343,-702217,-1,-2,-4|990151,-18107,20559,1,2,0|773878,24636,-611086,0,-1,4]
[2190249975:-707968,574,-698278,-1,0,-3|994074,-19086,24001,0,0,0|780740,22186,-610103,-1,-5,2]
[2190254975:-713371,3513,-695324,0,-1,-1|997506,-20554,27443,-1,0,0|790054,19246,-604694,-1,0,0]
[2190259975:-713862,5961,-695324,1,-3,1|998486,-21533,28426,-3,-1,0|794956,16795,-602727,0,5,-1]
[2190264975:-710915,6941,-698770,2,-1,2|999467,-22511,25968,-2,-2,0|792015,14835,-607153,1,0,0]
[2190269975:-708459,6941,-701232,0,1,0|999467,-23490,22034,-1,-5,0|787603,13855,-612562,1,-8,0]
[2190274975:-708459,6451,-699263,-1,4,0|998486,-23980,18101,0,-7,0|786132,14345,-613053,0,-10,1]
[2190279975:-710915,4982,-695817,-1,4,0|997015,-23980,15643,0,-6,0|788093,15325,-609120,0,-5,0]
[2190284975:-709441,4002,-696309,0,2,0|995544,-23980,13184,0,-4,0|789564,15815,-605678,0,0,-1]
[2190289975:-703548,4002,-702709,2,0,0|995054,-23980,9742,0,-4,-1|786132,16305,-608136,1,0,-2]
[2190294975:-697163,4002,-711570,2,1,0|996035,-23490,5809,0,-7,-1|780250,16795,-616004,0,-4,0]
[2190299975:-695199,4002,-716493,2,5,0|998486,-23001,2367,-2,-10,-1|775348,17286,-624854,-1,-9,0]
[2190304975:-697654,4492,-716001,1,7,-1|1000938,-22511,-90,-3,-12,-1|775348,17776,-628296,-1,-13,0]
[2190309975:-700601,4982,-714524,1,5,0|1002899,-22022,-3040,-3,-11,-2|779760,17286,-627313,0,-9,-1]
[2190314975:-701092,4982,-715509,2,3,1|1003880,-21533,-6974,-4,-9,-1|783681,16795,-625838,0,-1,0]
[2190319975:-699619,4982,-718462,3,1,1|1004370,-20554,-11399,-3,-7,0|782701,16305,-628788,0,1,0]
[2190324975:-699619,4002,-719939,2,1,0|1004860,-20064,-15824,-2,-5,0|779270,17286,-633705,0,-3,0]
[2190329975:-701583,2533,-716986,0,1,-1|1004860,-19086,-17791,0,-2,0|778780,17776,-634197,0,-6,0]
[2190334975:-704530,2043,-712063,0,-1,-2|1003389,-18596,-18774,0,1,0|781721,18756,-629280,0,-1,1]
[2190339975:-706004,574,-708616,-1,-3,-2|1001428,-17617,-16807,2,7,0|784662,19246,-623379,0,7,1]
[2190344975:-704039,-1384,-709601,-1,-7,-2|1000447,-17128,-13857,2,11,0|784662,20716,-620921,0,11,1]
[2190349975:-700601,-2363,-713047,-1,-8,-2|999957,-16149,-9432,2,11,0|781721,22676,-622888,0,8,1]
[2190354975:-699128,-2363,-713539,-1,-7,-3|999957,-15660,-4024,1,8,-1|779270,23656,-624854,-1,5,2]
[2190359975:-701583,-2363,-710093,-1,-4,-3|999957,-14681,3351,1,6,-1|780250,24146,-623379,-1,3,2]
[2190364975:-705021,-3343,-705170,-1,-3,-2|999467,-13702,10726,1,5,0|783191,24146,-618954,0,2,1]
[2190369975:-706004,-4812,-703201,0,-5,-1|998486,-12723,16134,0,4,0|785642,24636,-614528,0,2,0]
[2190374975:-705021,-6281,-703201,1,-4,0|997996,-12234,18593,0,2,0|786623,26106,-612562,0,2,0]
[2190379975:-704530,-6771,-702709,0,-2,0|997506,-11744,19576,-2,-1,0|785152,27086,-613053,0,0,0]
[2190384975:-706495,-7260,-700247,0,0,-1|996525,-11255,19576,-1,-3,-1|784172,27577,-612562,-1,-5,0]
[2190389975:-709441,-7260,-697294,0,2,-1|996525,-10765,18593,-1,-3,-1|785642,27086,-610595,0,-6,0]
[2190394975:-710915,-7260,-696309,0,1,-1|996525,-10276,17609,0,-3,0|788093,27086,-607153,1,-4,0]
[2190399975:-710424,-7260,-698770,1,1,0|997015,-9787,16134,0,-3,0|789564,27577,-606661,1,0,0]
[2190404975:-707477,-7260,-702709,0,1,0|997996,-9787,14168,0,-4,0|788093,28067,-610103,1,-2,0]
[2190409975:-704039,-7260,-706155,0,2,0|998977,-10276,11709,-1,-5,0|785152,28067,-614528,0,-6,0]
[2190414975:-703057,-7750,-708124,0,3,0|999467,-10276,9251,-1,-6,0|783681,28557,-616987,0,-7,0]
[2190419975:-703057,-7750,-708124,0,4,0|999467,-9787,6792,-2,-7,0|783681,28557,-617479,0,-5,0]
[2190424975:-702566,-7750,-709601,1,3,0|999957,-9297,4334,-2,-7,-1|783681,29047,-618462,0,-4,0]
[2190429975:-700601,-7750,-712555,2,2,0|1000447,-9297,892,-2,-6,0|782701,29537,-620429,0,-5,-1]
[2190434975:-699128,-7750,-715016,1,2,0|1000938,-9787,-2549,-2,-5,0|781231,29537,-622888,-1,-4,0]
[2190439975:-700110,-7260,-714524,0,3,0|1001428,-9787,-5990,-2,-5,0|780250,29047,-625346,-1,-4,0]
[2190444975:-701583,-6281,-712555,0,1,0|1001428,-9787,-7957,-1,-3,0|780250,28067,-625838,0,-4,0]
[2190449975:-702566,-5301,-712063,0,0,0|1001428,-10276,-9432,0,0,0|781721,26596,-624854,0,-2,0]
[2190454975:-701583,-4812,-712555,0,-1,-1|1001918,-10765,-9924,1,1,0|782701,26106,-624363,1,1,0]
[2190459975:-700601,-4322,-714032,0,-3,-1|1002409,-11255,-9432,1,2,0|781721,25616,-625346,0,2,0]
[2190464975:-699619,-3343,-714524,-1,-3,-1|1002409,-12234,-7957,0,2,0|780740,25126,-626330,-1,0,0]
[2190469975:-701092,-2363,-713047,-1,-2,-1|1002409,-13212,-5990,0,2,0|781231,24146,-625838,0,0,1]
[2190474975:-702566,-1384,-710586,-1,-2,-1|1001918,-14191,-3040,0,3,0|782701,23166,-623871,0,2,1]
[2190479975:-704039,-404,-709601,0,-3,0|1001428,-15170,-90,0,3,0|784172,21696,-622396,0,4,0]
[2190484975:-703548,85,-709109,0,-4,0|1001428,-16149,2367,0,3,0|784172,20716,-621412,0,3,0]
[2190489975:-703548,574,-709109,0,-3,-1|1000938,-17128,3842,0,3,0|784172,20226,-620921,0,2,1]
[2190494975:-704039,1554,-707140,-1,-3,-1|1000447,-18107,4826,1,2,0|784172,19736,-619446,0,1,1]
[2190499975:-705512,2043,-704678,-1,-3,-1|998977,-19086,6792,0,2,0|784662,19246,-616987,0,2,1]
[2190504975:-706495,2533,-702709,-1,-3,0|997996,-19575,8759,0,3,0|785152,18756,-615020,0,2,1]
[2190509975:-706004,3023,-703201,-1,-3,0|997506,-20554,10726,1,3,0|784662,17776,-614037,1,2,0]
[2190514975:-704530,3513,-705170,-1,-3,0|997996,-21043,11709,1,0,0|784172,17286,-614528,1,1,1]
[2190519975:-704039,4002,-706155,0,0,0|998486,-21533,12201,0,0,0|783191,17286,-616004,0,0,0]
[2190524975:-704530,4002,-706155,0,0,0|998977,-22022,12201,0,-2,0|783681,16795,-616987,0,-3,0]
[2190529975:-705021,4002,-705170,1,0,0|998977,-22022,11709,-1,-3,0|784172,16305,-616004,1,-3,0]
[2190534975:-705021,3513,-705170,0,0,0|998977,-22511,9742,-1,-2,0|784662,16795,-615512,1,-1,0]
[2190539975:-704039,3513,-706647,0,0,0|998977,-22022,7284,0,-3,0|784172,17286,-616987,1,-1,-1]
[2190544975:-703057,3023,-708124,0,0,-1|998977,-22022,4334,0,-3,0|782701,17286,-618462,1,-2,0]
[2190549975:-703057,3023,-708616,0,0,-1|999467,-21043,1384,0,-2,0|782211,17776,-619937,1,-2,0]
[2190554975:-704039,3023,-709109,0,-1,0|999957,-20554,-582,0,-1,0|783191,17776,-620429,1,-1,0]
[2190559975:-704530,3023,-709601,0,-2,0|1001428,-19575,-2057,1,0,0|784172,18266,-621412,1,0,0]
[2190564975:-703548,2533,-711570,-1,-2,0|1002409,-18596,-3532,1,0,0|784172,18266,-622888,2,1,0]
[2190569975:-701583,1554,-714032,-2,-2,0|1002899,-18107,-4515,1,0,0|783191,18756,-625346,2,1,0]
[2190574975:-700110,574,-715016,-2,-2,0|1002899,-17617,-5499,1,0,0|781231,20226,-626821,1,0,0]
[2190579975:-700110,-1384,-714032,-1,-2,0|1002409,-16638,-6482,0,1,1|780740,21696,-626821,1,0,0]
[2190584975:-700601,-2853,-712063,-1,-3,0|1000938,-16149,-6482,1,1,1|780740,23166,-624854,1,2,0]
[2190589975:-700601,-3343,-711078,-1,-5,0|1000447,-15170,-5990,1,3,1|781721,24146,-622888,0,4,0]
[2190594975:-701092,-3832,-710586,-1,-5,0|1000447,-14681,-5499,1,5,0|781721,24636,-622396,0,6,1]
[2190599975:-701092,-4322,-710586,-1,-5,0|1000447,-13702,-4515,1,5,0|781231,25616,-622888,1,5,1]
[2190604975:-702075,-3832,-710093,-2,-5,0|1000938,-12723,-2549,1,5,0|781721,26106,-622888,0,4,2]
[2190609975:-704039,-3832,-708616,-2,-5,0|1001428,-12234,-90,2,5,0|783681,25616,-621904,0,5,1]
[2190614975:-705512,-3832,-707140,-2,-6,0|1001918,-12234,2367,3,6,1|786132,25126,-620429,1,6,1]
[2190619975:-706004,-3832,-706647,-2,-6,0|1002409,-11744,5317,3,6,2|787113,24636,-619446,2,7,1]
[2190624975:-705512,-4322,-707632,-3,-5,0|1001918,-11255,6792,2,5,2|786132,25126,-619446,3,5,0]
[2190629975:-705021,-4812,-707632,-4,-5,0|1001918,-11255,8267,2,5,2|785642,25616,-619446,3,4,1]
[2190634975:-705021,-5301,-706647,-4,-5,0|1001428,-10765,8759,3,3,2|785152,26106,-618954,3,3,2]
[2190639975:-706004,-6281,-705663,-3,-5,0|1000938,-10765,8759,3,2,2|785642,26596,-617479,4,3,1]
[2190644975:-705512,-7260,-705170,-3,-6,0|999957,-10276,8759,3,3,3|785152,27577,-616004,4,4,0]
[2190649975:-704039,-8240,-705170,-3,-5,0|998977,-10276,8267,3,3,3|784172,28557,-615512,4,5,1]
[2190654975:-702566,-9219,-705663,-3,-4,0|997996,-10276,7284,2,3,2|782701,29537,-615512,4,5,1]
[2190659975:-701583,-9219,-706647,-3,-3,0|997996,-10276,5809,2,2,2|781231,30027,-616495,3,2,2]
[2190664975:-702075,-9219,-706647,-2,-4,0|997996,-10276,4826,2,1,2|781231,30027,-617479,3,1,2]
[2190669975:-703057,-7260,-707632,-2,-4,0|998486,-9787,4334,2,1,2|783191,28557,-617970,3,5,1]
[2190674975:-705512,-3832,-709601,-3,-4,0|1001428,-9297,3351,2,1,3|786132,25616,-621412,4,8,2]
[2190679975:-708459,-1384,-713047,-6,-5,0|1005841,-8808,2367,4,1,4|789074,23656,-626821,7,6,3]
[2190684975:-709933,-404,-717478,-8,-7,0|1011234,-8318,400,5,0,6|791524,23166,-631738,8,6,3]
[2190689975:-706986,-3832,-718955,-8,-7,0|1013686,-7829,-2549,4,0,7|790544,26106,-632722,7,4,4]
[2190694975:-699619,-12647,-713539,-6,-8,0|1006331,-6850,-5990,1,4,6|781721,33947,-625346,3,0,1]
[2190699975:-688814,-22932,-703693,-1,-7,0|991132,-6850,-7465,0,7,3|768486,42278,-612070,-3,-2,0]
[2190704975:-679974,-31257,-693847,3,-4,-6|973481,-8318,-5990,-2,10,-1|756721,47669,-595843,-8,2,2]
[2190709975:-680465,-32726,-686463,9,-1,-9|960733,-10276,892,-2,11,-8|751819,48649,-585517,-10,9,2]
[2190714975:-692252,-20483,-688924,9,-1,-10|965146,-11744,10726,0,9,-12|759662,40808,-589451,-8,8,2]
[2190719975:-710915,85,-700740,5,-1,-5|988190,-13702,21543,2,4,-8|781721,25126,-607153,-3,5,0]
[2190724975:-728104,18205,-714524,-1,-1,1|1016627,-14681,29901,0,-1,-1|805740,10425,-628296,0,-2,0]
[2190729975:-737436,27020,-721909,-7,-1,7|1038201,-16149,33343,-3,-6,4|823387,2094,-641081,3,-7,0]
[2190734975:-734489,24081,-717478,-7,-2,9|1041142,-18596,31376,-6,-9,9|825347,134,-639606,4,-9,0]
[2190739975:-721720,13797,-703693,-4,-2,8|1023492,-21533,24493,-4,-8,9|811622,4544,-624854,7,-9,0]
[2190744975:-707477,2533,-690401,-4,-2,2|998486,-23001,14659,0,-3,7|791034,11405,-607644,7,-2,0]
[2190749975:-696181,-7260,-684986,-2,-1,-3|978384,-24469,5317,5,0,3|772407,19246,-595843,4,3,0]
[2190754975:-690779,-11178,-688924,0,0,-7|969558,-25937,-582,6,3,-1|762113,26596,-592401,1,5,0]
[2190759975:-691761,-7750,-696801,2,-1,-7|973481,-26916,-1565,3,3,-4|761623,27577,-597318,-2,2,0]
[2190764975:-693725,85,-706155,4,0,-4|984268,-27895,1384,-1,1,-5|768486,23166,-606169,-5,-1,0]
[2190769975:-694708,8410,-713047,6,2,-1|993093,-29363,6301,-5,-1,-5|774858,17286,-615020,-5,-3,0]
[2190774975:-695199,14776,-717478,6,6,0|999467,-30342,10234,-8,-7,-5|777799,10425,-623379,-5,-6,0]
[2190779975:-698146,19184,-720432,4,7,1|1004370,-31321,11217,-6,-13,-3|780740,4544,-631738,-3,-8,0]
[2190784975:-705512,24081,-720924,2,7,2|1010744,-31810,7776,-3,-17,-1|785642,-845,-639606,1,-12,0]
[2190789975:-713862,27999,-721909,-2,4,2|1018589,-31321,892,-1,-16,1|795446,-4766,-643540,4,-12,0]
[2190794975:-719264,26530,-719447,-6,0,3|1023492,-30342,-7465,0,-11,5|803779,-4766,-642064,5,-4,0]
[2190799975:-718773,18205,-713047,-7,-4,3|1020059,-28874,-16316,1,-1,6|803779,1114,-634689,4,3,0]
[2190804975:-709933,6941,-705170,-5,-8,0|1007312,-26916,-22707,2,7,4|792995,10425,-623871,3,3,0]
[2190809975:-696181,-4812,-698770,-3,-9,-5|990151,-24959,-24182,2,15,2|777309,19736,-611086,0,6,0]
[2190814975:-686850,-13137,-695324,0,-7,-9|975932,-23001,-19757,3,17,-1|764074,27577,-601744,-4,16,0]
[2190819975:-686359,-13627,-697294,2,-6,-10|972500,-21043,-8940,6,16,-5|758682,31007,-601744,-4,19,0]
[2190824975:-691761,-7750,-705663,3,-5,-6|981816,-19086,2859,6,12,-6|763094,29047,-611086,-2,7,0]
[2190829975:-699128,1064,-716001,3,-1,-2|997015,-17128,14659,1,5,-4|775839,24146,-621904,-1,-4,0]
[2190834975:-706495,6941,-722401,2,1,2|1011724,-15660,22526,-4,-2,-1|790054,19736,-629280,-3,-5,0]
[2190839975:-711897,6941,-719939,2,2,5|1017608,-14681,25968,-8,-8,0|777309,32967,-628788,3,-8,0]
[2190844975:-713862,4002,-710093,1,1,5|1014176,-13212,24493,-6,-9,1|774858,31007,-624363,3,-10,0]
[2190849975:-713371,574,-700740,-2,0,2|1006331,-11255,18101,-1,-8,2|777799,27577,-619937,5,-10,0]
[2190854975:-712388,-4322,-695817,-4,0,-1|999957,-10276,9742,4,-5,2|783191,26106,-612562,5,-1,0]
[2190859975:-713371,-10199,-693847,-4,-2,-3|996035,-9297,2367,6,0,2|786623,28557,-607153,3,4,0]
[2190864975:-712388,-14606,-694340,-2,-6,-3|994564,-8318,-582,3,6,1|788583,32477,-604202,1,4,0]
[2190869975:-707968,-16076,-697294,0,-6,-2|993583,-7829,400,0,8,0|787113,34437,-603219,0,4,0]
[2190874975:-700110,-16076,-700740,1,-4,-2|991622,-7339,4334,0,6,-1|781721,35907,-605678,-2,7,0]
[2190879975:-692743,-16076,-705663,1,0,-2|990151,-7339,8267,0,2,-2|773388,36397,-611086,-2,2,0]
[2190884975:-688814,-14606,-711570,3,4,-2|989661,-7829,12692,0,-4,-3|768486,34927,-618462,-2,-7,0]
[2190889975:-692252,-10199,-716493,4,7,0|994074,-8318,15643,-3,-11,-3|772897,31987,-623871,-1,-11,0]
[2190894975:-700601,-4322,-719447,4,6,2|1002899,-8318,14659,-6,-15,-3|784172,27577,-627313,-1,-9,0]
[2190899975:-709933,85,-717970,2,4,4|1011724,-8318,10234,-8,-14,0|793975,23656,-629772,0,-6,0]
[2190904975:-714353,574,-713539,0,0,4|1015647,-8808,2367,-6,-9,2|797407,22186,-629772,2,-5,0]
[2190909975:-712388,-2363,-708124,-3,-1,1|1012215,-8808,-6482,-2,-4,3|792995,22676,-627313,4,-5,0]
[2190914975:-706986,-7750,-703693,-4,-2,-2|1003880,-9297,-13857,2,1,2|785642,26106,-621904,3,0,0]
[2190919975:-702566,-11668,-700740,-5,-5,-5|995544,-9297,-17791,4,5,1|779760,30027,-616495,2,8,0]
[2190924975:-700110,-13137,-702217,-3,-7,-5|991622,-9297,-16316,5,9,0|777799,32477,-613545,0,10,0]
[2190929975:-699619,-12647,-707632,0,-7,-3|993093,-8808,-10415,4,12,0|778780,33457,-615512,0,10,0]
[2190934975:-698146,-10199,-715016,0,-5,-1|997506,-9297,-3532,1,9,-1|779270,32967,-620921,0,6,0]
[2190939975:-696672,-7750,-719447,0,-2,0|1001918,-9297,3842,0,4,0|778780,31497,-626330,-1,0,0]
[2190944975:-696181,-6281,-718462,0,0,0|1002899,-9297,9251,-3,-1,0|777799,29537,-627313,-2,-5,0]
[2190949975:-699619,-5791,-711570,0,1,0|1000938,-9787,11709,-4,-4,0|779270,28067,-622396,-1,-6,0]
[2190954975:-705021,-6281,-703693,2,0,0|998486,-11255,12692,-2,-4,0|783191,26596,-615512,0,-1,0]
[2190959975:-711406,-5301,-698278,1,-2,0|997506,-12234,11217,-1,-1,0|788093,24636,-610595,0,1,0]
[2190964975:-714844,-1873,-697786,0,-3,-1|998977,-12723,8759,0,1,0|792015,22186,-611086,2,3,0]
[2190969975:-715826,85,-699755,-2,-4,-1|1001428,-13702,6792,1,3,1|792995,19736,-613545,2,3,0]
[2190974975:-712879,574,-701724,-4,-4,-1|1002409,-14681,6792,2,3,1|790544,19246,-615512,2,2,0]
[2190979975:-707968,-404,-702709,-3,-2,-1|1000447,-16149,8267,2,3,1|786623,20226,-614528,2,0,0]
[2190984975:-702566,-404,-704186,0,-1,0|996525,-18107,10726,1,1,0|782701,20716,-612562,1,0,0]
[2190989975:-698146,85,-707140,1,0,0|994074,-20554,12201,0,-2,0|779760,20716,-613053,0,0,0]
[2190994975:-696181,2043,-710586,2,3,0|994564,-22022,12692,-2,-5,-1|777799,19736,-616495,-1,-2,0]
[2190999975:-698146,4492,-713539,2,4,1|997506,-23490,10726,-4,-8,0|777799,17776,-621412,0,-5,0]
[2191004975:-701583,7431,-713539,1,3,1|1000938,-24959,7284,-4,-10,0|780740,14835,-623871,0,-9,0]
[2191009975:-705512,9389,-710093,1,1,1|1002899,-25448,2367,-3,-7,0|784662,12385,-622888,0,-6,0]
[2191014975:-707477,9879,-705663,0,-1,0|1002409,-26427,-2057,-2,-3,0|786623,11405,-619937,0,-1,0]
[2191019975:-707968,8900,-703201,0,-3,-1|999957,-27406,-5990,0,0,0|786132,11405,-616495,0,2,0]
[2191024975:-706495,9389,-703693,0,-4,-3|997996,-27895,-7465,0,4,-1|784662,11405,-616987,0,4,0]
[2191029975:-705512,10859,-706647,-2,-4,-4|998977,-27406,-6974,2,6,0|784172,10425,-620429,0,5,0]
[2191034975:-705021,11838,-711570,-3,-4,-3|1001428,-26916,-4515,3,5,0|784172,9935,-624854,0,4,0]
[2191039975:-703548,11348,-714524,-2,-3,-1|1004370,-26427,-1074,2,3,1|784172,10915,-627805,1,0,0]
[2191044975:-701092,9389,-716001,0,-1,0|1001428,-24959,5317,0,1,1|783191,13365,-627313,1,0,0]
[2191049975:-698146,5472,-714524,1,0,0|1001428,-24959,5317,-2,0,0|781231,16305,-623379,0,0,0]
[2191054975:-696672,2043,-711078,2,0,0|994564,-22511,5317,-3,-2,-1|777799,18266,-619937,-1,-1,0]
[2191059975:-698146,85,-707632,2,0,0|993583,-21043,3351,-2,-2,-1|776329,19736,-617479,-1,-1,0]
[2191064975:-701583,-404,-705170,1,0,-1|996035,-19086,2367,0,-1,-1|777799,20226,-616004,0,-2,0]
[2191069975:-706495,-404,-703693,0,-1,-2|999467,-17617,2367,0,0,-1|782211,20716,-615020,0,0,0]
[2191074975:-710915,-404,-703201,0,-2,-2|1001918,-16149,3842,0,1,-1|787603,20716,-615020,0,2,0]
[2191079975:-712388,-404,-703201,0,-4,-1|1002409,-15170,5809,0,3,0|790544,20716,-615020,0,2,0]
[2191084975:-711406,-894,-704186,-1,-4,-2|1001428,-14191,8759,0,4,0|790544,21206,-615512,0,3,0]
[2191089975:-707968,-2363,-705170,0,-2,-1|1000447,-12723,11217,0,2,0|788093,22186,-616495,0,3,0]
[2191094975:-705512,-3832,-706155,0,-1,-1|999957,-11744,13184,1,0,0|785152,24146,-617970,1,0,0]
[2191099975:-704530,-4812,-706647,-1,0,0|999957,-10765,13676,1,-1,0|783681,25616,-617970,1,-2,0]
[2191104975:-704039,-5791,-707140,0,0,0|999467,-10276,12692,0,-2,0|784172,27577,-616987,1,-2,0]
[2191109975:-704039,-7750,-706155,1,0,1|997506,-10276,10726,-1,-3,0|784662,29047,-615020,0,-3,0]
[2191114975:-702566,-9709,-705663,1,2,0|995544,-10276,8267,-3,-3,-1|783681,30517,-613053,-1,-3,0]
[2191119975:-701583,-10689,-704186,2,1,0|994074,-10276,5317,-3,-3,-1|780740,31497,-612562,-1,-3,0]
[2191124975:-701092,-10199,-703693,1,2,-1|994564,-10276,2859,-1,-3,-1|778780,31007,-613545,-1,-2,0]
[2191129975:-702566,-9219,-705170,0,1,-1|997506,-10276,1384,0,-3,-1|779270,29537,-615512,0,-2,0]
[2191134975:-705021,-6771,-707140,0,0,-1|1001918,-10276,892,0,-3,-1|781721,27577,-618462,0,-2,0]
[2191139975:-706495,-4322,-710586,0,0,0|1005841,-10765,892,0,-2,-1|785642,25616,-620921,0,-2,0]
[2191144975:-706986,-2363,-713047,0,-1,0|1006821,-10765,-90,-1,-1,0|788093,24146,-623379,0,-1,0]
[2191149975:-705512,-2363,-713539,0,-1,1|1005350,-10765,-1565,-1,-2,0|787603,23656,-625346,0,0,0]
[2191154975:-703057,-3832,-713047,-1,-1,0|1001918,-10765,-3532,-1,-2,1|784172,24636,-625838,1,-1,0]
[2191159975:-700601,-5791,-711078,-1,-1,0|998977,-10765,-5007,0,-1,1|780740,25616,-623871,1,-2,0]
[2191164975:-699619,-7750,-709601,-1,-2,-1|997015,-10765,-5007,0,0,1|778780,27086,-620921,1,0,0]
[2191169975:-700110,-8240,-708124,0,-2,-1|997015,-10765,-4024,0,1,0|779270,29047,-618954,0,2,0]
[2191174975:-706495,-9709,-699263,4,-15,-2|999467,-11255,-2057,0,3,0|782701,29047,-616495,0,7,0]
[2191179975:-745294,-16565,-637233,7,-194,-22|1003880,-11255,-2057,-1,3,0|815054,31497,-599285,4,113,-11]
[2191184975:-964336,-86107,-349731,163,-1030,-61|1016627,-13212,-13366,-3,-5,0|886131,6014,-538313,65,577,4]
[2191189975:-1513907,-133121,393638,757,-4255,-136|1026924,-9787,-22707,2,-36,0|1218969,9445,-280655,37,2444,98]
[2191194975:-1826755,-17055,787968,336,-7152,-60|1010744,-9297,400,8,-101,-3|1708176,10425,133367,-90,5156,200]
[2191199975:-1868010,25551,687539,151,-7986,-130|988190,-12234,35310,18,-93,7|2381695,472540,402335,-32,8867,121]
[2191204975:-1744737,72565,426129,-391,-7768,-236|973971,-11744,28918,2,29,24|2191992,402953,269572,51,8965,97]
[2191209975:-1715269,15266,249887,-202,-8850,-84|970049,-13702,-19266,-27,133,11|1853762,317195,-63809,63,9431,110]
[2191214975:-1624411,-57213,-74044,148,-10143,-16|972500,-17617,-59092,1,117,-11|1466514,185372,-472423,11,9856,182]
[2191219975:-1473635,-121857,-489544,337,-10576,-178|983287,-16638,-42866,2,23,-16|1092010,84422,-840225,-106,9565,282]
[2191224975:-1199586,-84638,-905043,207,-9701,-341|1000938,-9297,22526,-2,-15,-7|911130,34437,-915949,-188,8964,295]
[2191229975:-1007555,-85128,-1114270,181,-8302,-343|1008783,-13212,79069,28,40,0|743976,11895,-887430,-119,7967,205]
[2191234975:-853833,11838,-1172361,390,-7655,-132|1012215,-22022,76611,29,111,2|513588,-10156,-969546,-36,6333,150]
[2191239975:-662293,95092,-1305774,142,-6849,3|1010744,-18596,49077,-47,85,2|315552,-13096,-1139679,14,4633,114]
[2191244975:-476156,57383,-1505647,12,-5512,-52|1014666,-20554,31868,-59,-5,0|194475,134,-1251790,66,3112,71]
[2191249975:-379404,5472,-1555369,113,-4014,-129|1013686,-25937,35310,13,-68,0|217514,23166,-1151972,20,1806,40]
[2191254975:-356812,8900,-1400787,180,-2821,-78|1002899,-21533,49077,20,-83,-5|356237,24146,-880546,-7,923,10]
[2191259975:-376458,30938,-1175807,150,-1747,2|998486,-17128,47602,-10,-59,0|529274,5524,-602236,37,386,-13]
[2191264975:-459458,36814,-963627,79,-921,37|997015,-25937,19576,7,-30,13|676820,4544,-424235,34,32,-10]
[2191269975:-587642,7431,-791322,16,-502,21|991622,-32300,-14841,9,-35,7|787603,27577,-342611,3,-134,-1]
[2191274975:-687832,-10689,-655941,-7,-228,-8|987700,-27406,-31558,-28,-57,-11|865543,45218,-287047,-62,-240,1]
[2191279975:-780164,-4322,-479698,-3,50,-3|982306,-23490,-31558,-41,-56,-13|937110,18266,-224108,-58,-255,-3]
[2191284975:-858253,-4322,-328070,37,196,16|981326,-23980,-33033,3,-22,0|991521,-9666,-155268,0,-193,-4]
[2191289975:-927993,-18034,-253241,55,247,8|997996,-25937,-46308,25,10,3|1022403,-9176,-129698,31,-114,-6]
[2191294975:-976614,-17545,-258164,33,231,-10|1025453,-26916,-59092,17,16,-1|1043971,2584,-168544,7,-20,1]
[2191299975:-1001171,-8240,-280810,8,243,-21|1037710,-27895,-56142,10,2,-4|1040050,6014,-221649,-24,22,9]
[2191304975:-1010011,-1384,-264564,25,246,-8|1033298,-23980,-37949,-8,1,0|1017011,2584,-232467,-37,-67,8]
[2191309975:-1006573,-10199,-221734,58,248,-4|1011724,-19575,-19266,-26,21,6|995443,2584,-215257,-19,-155,-2]
[2191314975:-992822,-18524,-193673,73,222,-7|990641,-19575,-11890,-1,38,6|984659,5034,-203456,6,-112,-5]
[2191319975:-982508,-14606,-198104,34,132,-11|984268,-19575,-8940,27,31,2|980737,11405,-208373,13,17,3]
[2191324975:-981035,-6771,-208442,-14,44,-9|989170,-17128,892,16,9,0|974855,14835,-222632,-9,75,16]
[2191329975:-986437,-16076,-198596,-18,14,-5|991622,-16149,19576,1,0,0|966031,24636,-212798,-21,28,8]
[2191334975:-991839,-29788,-174473,7,3,-1|990641,-15170,36785,-10,14,-3|962110,31007,-177395,-10,-53,-11]
[2191339975:-981035,-29788,-173981,25,8,0|986229,-13702,42193,-15,32,-6|971914,22676,-155268,5,-59,-15]
[2191344975:-964827,-17055,-196134,8,14,-3|986719,-12723,41210,1,26,-3|982698,9445,-169036,7,30,1]
[2191349975:-962372,-10199,-220257,-22,-8,-2|997015,-12234,41702,13,-19,0|981717,7485,-200014,5,91,11]
[2191354975:-970721,-16565,-230103,-25,-8,-1|1005841,-11744,45635,3,-20,0|973384,15815,-213782,0,34,3]
[2191359975:-981035,-23421,-219272,0,9,1|1011234,-12723,46127,-6,-10,0|968482,18756,-204931,5,-81,-10]
[2191364975:-982508,-22932,-216811,20,19,5|1011234,-14191,36293,-11,-6,1|981227,13855,-184770,8,-116,-9]
[2191369975:-976614,-17545,-228626,15,23,5|1007802,-13212,20068,-6,-13,3|1000345,9445,-177886,6,-27,3]
[2191374975:-971212,-17545,-237487,-6,8,4|1000447,-12234,5317,1,-21,2|1001815,14835,-190671,-3,65,10]
[2191379975:-964827,-25380,-238472,-12,1,1|990151,-11744,-2549,0,-18,0|983678,22676,-201489,-1,80,3]
[2191384975:-960407,-35175,-229611,0,4,0|982306,-11744,-6974,-6,-5,-4|955247,28557,-206406,5,2,-5]
[2191389975:-957461,-42031,-225672,12,11,-5|979365,-12723,-12382,-6,3,-7|940052,32477,-205914,0,-81,-6]
[2191394975:-958934,-36644,-233549,8,11,-8|987700,-13212,-15824,-2,3,-8|952306,30517,-204439,-6,-61,-1]
[2191399975:-965810,-22442,-242903,-6,3,-7|1000938,-11255,-12382,0,-1,-3|976325,22676,-207881,-12,10,3]
[2191404975:-975141,-11668,-242410,-11,0,0|1012705,-10276,-2549,0,-3,1|994953,12385,-210831,-12,42,4]
[2191409975:-984964,-13137,-236503,-2,2,3|1018589,-10765,6792,0,-3,2|998874,8465,-211323,5,27,0]
[2191414975:-986437,-18034,-237980,7,3,4|1016627,-10765,7284,0,-6,1|990541,11895,-217715,13,-22,-4]
[2191419975:-978579,-18034,-248318,2,2,3|1010744,-10276,-582,0,-12,2|984659,14345,-226074,10,-40,-3]
[2191424975:-969248,-15586,-257672,-6,5,3|1004860,-10765,-9924,0,-13,4|981717,14345,-230500,2,-16,2]
[2191429975:-966301,-20973,-255210,-7,11,3|1000447,-10276,-16316,-1,-6,3|979267,17286,-224108,-3,-4,6]
[2191434975:-968265,-31747,-242903,1,14,0|996525,-9297,-19757,1,4,0|979757,24636,-207881,0,9,3]
[2191439975:-971212,-36644,-231087,7,5,-1|993093,-9297,-23199,3,13,-2|976816,29537,-198538,5,22,-2]
[2191444975:-970230,-32726,-228134,0,-13,-2|990641,-9787,-24182,2,16,-2|972894,29537,-200505,1,22,-1]
[2191449975:-966792,-28319,-231087,-11,-25,-3|990641,-10276,-18774,3,17,-1|967992,26596,-207881,-3,24,2]
[2191454975:-965810,-27339,-234041,-13,-22,-5|994564,-10765,-6482,4,17,-3|964561,25126,-212798,-9,8,4]
[2191459975:-967774,-26850,-235518,-5,-9,-5|1001428,-11744,9742,2,16,-2|971914,21696,-206406,-7,1,3]
[2191464975:-972194,-20973,-235518,3,3,-1|1009273,-12234,23018,0,11,1|983678,15815,-199522,1,7,1]
[2191469975:-977106,-13627,-236995,4,6,2|1014666,-13212,30885,-3,1,4|992502,9445,-200014,2,8,0]
[2191474975:-979561,-11178,-238472,-1,4,5|1013686,-14681,33343,-4,-7,4|994462,7975,-205914,0,8,1]
[2191479975:-977106,-14606,-233549,-2,3,4|1004860,-16149,32360,-2,-10,3|985149,10425,-208373,1,-8,0]
[2191484975:-969248,-19014,-225180,1,8,2|992603,-17128,28426,-1,-7,2|975345,12875,-200505,2,-23,-1]
[2191489975:-961881,-21463,-216811,4,13,1|983287,-18596,23018,0,-4,1|967992,13855,-188212,2,-21,0]
[2191494975:-959425,-23421,-211396,1,7,0|980345,-20064,18101,1,-2,-1|965541,15815,-180837,0,-4,1]
[2191499975:-962372,-24401,-211888,-1,-2,-3|984758,-21533,13676,1,-3,-3|964561,17776,-183787,0,7,0]
[2191504975:-967283,-21463,-218288,-4,-9,-4|992603,-22511,11217,-2,-5,-3|967992,16795,-191163,0,4,-1]
[2191509975:-970230,-15586,-228134,-2,-5,-2|1000447,-23490,8759,-4,-6,-2|974365,12385,-198047,2,-1,-3]
[2191514975:-971703,-9709,-237980,1,6,0|1005350,-24469,5317,-2,-8,0|981717,6504,-203456,2,1,-3]
[2191519975:-972194,-6281,-245364,3,12,0|1007802,-24959,892,-2,-9,1|985149,2584,-210340,1,4,0]
[2191524975:-973177,-5791,-248810,2,10,0|1008783,-25448,-4515,-1,-9,0|983678,2094,-219682,1,-5,2]
[2191529975:-975141,-6281,-248810,0,5,0|1009763,-25448,-9432,-3,-8,0|982208,3074,-223616,0,-17,2]
[2191534975:-976614,-6771,-246349,1,2,1|1008783,-24469,-13857,-2,-4,1|982698,3564,-222141,0,-24,1]
[2191539975:-975632,-7750,-243395,0,3,2|1005841,-23490,-17791,0,0,2|985639,4054,-217224,1,-12,0]
[2191544975:-973177,-10199,-240441,-2,0,2|1000447,-22511,-20249,3,4,1|984168,6014,-212798,1,8,2]
[2191549975:-969248,-14606,-238964,-4,-4,0|994564,-22022,-18774,1,7,0|978286,10915,-209848,-2,17,4]
[2191554975:-966792,-19993,-237487,-3,-8,-2|991622,-21043,-12874,0,9,-2|970443,15815,-208373,-3,12,2]
[2191559975:-964827,-22932,-237487,-1,-8,-3|992603,-19575,-5990,0,9,-3|966031,17776,-208864,-2,0,0]
[2191564975:-964827,-21463,-239457,0,-3,-4|996525,-18107,2367,1,5,-2|969463,16795,-208373,-1,1,0]
[2191569975:-967283,-17545,-239949,0,0,-2|1001918,-17128,8759,2,2,-1|974855,13365,-210340,0,6,0]
[2191574975:-971703,-14606,-238964,-1,3,0|1007312,-16638,12201,1,0,0|980247,10915,-211815,0,0,1]
[2191579975:-977106,-14117,-235518,0,2,0|1009273,-15660,14168,-1,0,0|984659,10915,-209356,1,-9,0]
[2191584975:-978579,-16076,-232072,0,0,1|1006821,-15170,13184,-3,1,0|986129,12875,-203456,0,-12,0]
[2191589975:-976614,-18524,-227641,0,0,1|1000938,-14681,11217,0,2,0|987110,14345,-196080,1,2,0]
[2191594975:-971703,-20973,-223703,-1,0,0|995544,-14191,9251,3,4,1|982698,15815,-193130,2,18,1]
[2191599975:-967774,-22932,-221734,-2,-2,0|992603,-13702,7776,4,4,0|976325,17776,-193621,1,19,2]
[2191604975:-967283,-24401,-222226,-4,-5,-1|992603,-13702,8759,4,4,0|971424,19246,-197063,1,9,1]
[2191609975:-967774,-25870,-225180,-4,-6,-1|994074,-13702,11709,1,2,-1|969463,21206,-199522,0,-4,0]
[2191614975:-967283,-26850,-229611,-1,-2,-2|996035,-13702,16134,-2,0,-1|971424,21696,-198538,-2,-7,0]
[2191619975:-966301,-26360,-232564,2,4,-1|996525,-13702,20068,-4,-3,-1|972894,20226,-197555,-3,-5,0]
[2191624975:-965319,-24891,-234041,4,9,0|997015,-13702,21543,-4,-7,-1|972894,18266,-200014,-1,-10,0]
[2191629975:-966301,-22932,-235026,4,11,0|998486,-13702,19576,-3,-11,-1|973874,17286,-203456,1,-12,-1]
[2191634975:-969248,-20973,-234534,2,9,0|1000938,-13702,15151,-1,-13,0|975345,16795,-206898,1,-17,0]
[2191639975:-972685,-19014,-232564,1,8,0|1003389,-13702,8267,-1,-11,0|979267,15325,-206406,2,-21,0]
[2191644975:-975141,-18524,-231087,2,7,1|1003880,-13212,892,-2,-7,0|984168,14835,-202472,3,-12,-1]
[2191649975:-976123,-19993,-230103,1,3,1|1002899,-13212,-6482,-1,-3,0|986619,15815,-200997,1,1,0]
[2191654975:-975141,-21952,-231580,0,0,0|1000938,-13212,-11890,1,0,0|983678,17776,-203456,0,8,0]
[2191659975:-972194,-22932,-235026,-2,-4,0|998977,-12234,-15332,3,2,-1|977306,18756,-210831,2,2,0]
[2191664975:-969248,-22932,-240933,-4,-5,-1|998486,-11744,-15824,3,2,0|973384,19736,-217224,1,-5,0]
[2191669975:-967774,-23911,-246841,-5,-5,0|999467,-11744,-13366,1,3,0|973384,20716,-219682,-1,-4,1]
[2191674975:-968265,-25380,-250287,-2,-1,0|1001918,-11255,-8940,-1,2,-1|975835,21206,-218699,-2,-3,1]
[2191679975:-970721,-25380,-250287,2,0,0|1004860,-11255,-5499,-3,2,0|979267,21206,-216240,-1,-4,0]
[2191684975:-972194,-24401,-249303,2,1,0|1005350,-10765,-2549,-4,1,0|982698,20716,-213782,-1,-1,0]
[2191689975:-971703,-23421,-245364,1,2,1|1003389,-10765,-1074,-2,0,0|983188,19246,-211815,-1,7,0]
[2191694975:-970721,-23421,-238964,0,1,0|1000447,-10276,892,0,2,0|980247,18756,-209356,-1,9,1]
[2191699975:-970721,-24891,-231580,0,2,0|997996,-10765,3351,2,4,0|976325,19246,-205914,0,2,2]
[2191704975:-971703,-24891,-225180,-1,-1,0|997506,-10765,5809,2,7,0|973874,19736,-201489,0,-8,1]
[2191709975:-972685,-23911,-222718,-2,-5,0|997996,-11744,8759,2,7,0|976816,19246,-196572,0,-6,0]
[2191714975:-973177,-22442,-222718,-4,-6,0|998486,-12723,12201,3,6,0|981227,18266,-193130,0,10,0]
[2191719975:-971703,-21463,-224688,-4,-5,0|997996,-13702,15643,2,4,0|983188,17286,-191654,1,26,1]
[2191724975:-969739,-21463,-227149,-1,-1,0|997506,-14681,18101,1,1,0|981227,15815,-193621,3,30,1]
[2191729975:-968756,-20973,-230103,0,0,0|997506,-16638,19084,0,-1,0|974365,16305,-200014,2,11,0]
[2191734975:-967283,-20483,-234534,1,1,0|997506,-18107,17609,-2,-5,0|970443,16305,-205914,1,-9,0]
[2191739975:-967283,-19014,-236995,0,3,0|998486,-19086,14659,-2,-7,0|968973,15325,-209356,0,-19,0]
[2191744975:-967283,-17545,-236995,1,7,0|998977,-20064,10726,-2,-7,0|972404,13365,-207389,0,-20,0]
[2191749975:-969248,-16076,-234041,2,9,0|998977,-21043,6792,-2,-5,0|978286,10915,-201980,0,-6,0]
[2191754975:-971703,-15096,-229611,2,6,0|999467,-22022,3351,-1,-3,0|979267,9935,-200014,0,-2,0]
[2191759975:-973177,-14117,-227149,1,0,0|998977,-23001,400,-1,0,0|979267,9445,-200014,0,-6,0]
[2191764975:-972685,-13137,-228134,-1,-3,0|998486,-23490,-1074,0,0,0|977306,8465,-202964,0,-7,0]
[2191769975:-970721,-12158,-231087,-2,-1,-1|998977,-23980,-582,1,0,0|977796,7485,-204439,-1,-7,0]
[2191774975:-970230,-11668,-233549,-1,1,-1|1000447,-23490,1384,1,0,0|981227,6504,-203456,0,5,1]
[2191779975:-971703,-11178,-234534,0,2,0|1001918,-23490,3351,1,0,0|982208,6504,-204931,1,10,1]
[2191784975:-972685,-11178,-236010,0,0,1|1003389,-23001,3842,0,-2,0|981717,6995,-207389,1,4,0]
[2191789975:-972685,-12158,-238964,0,-2,1|1002409,-22511,3351,-1,-4,0|979267,7975,-211323,1,-2,0]
[2191794975:-970230,-13627,-242903,0,0,0|1000447,-22022,892,-1,-4,0|975345,9445,-214765,0,-10,0]
[2191799975:-967774,-15096,-243887,0,4,0|998486,-21043,-2057,0,-3,-1|974365,10915,-214765,1,-11,0]
[2191804975:-967283,-16565,-242410,0,5,0|997506,-20064,-5007,0,-1,-1|974855,11895,-211323,2,-1,0]
[2191809975:-969248,-17545,-238964,0,2,-1|998486,-19086,-6974,1,0,-1|975835,13365,-209356,0,3,0]
[2191814975:-972194,-18034,-236503,0,-2,-1|1000447,-18596,-7957,0,3,-1|976325,13365,-209356,0,-3,0]
[2191819975:-973668,-17545,-237487,-1,-4,-1|1002409,-17617,-6974,0,4,0|977796,13855,-210340,0,-9,1]
[2191824975:-973668,-17055,-239457,-2,-3,0|1003389,-16638,-5007,0,4,0|980737,13855,-210340,-1,-7,0]
[2191829975:-973177,-17545,-238964,-2,0,0|1003389,-15660,-582,0,4,0|984659,13365,-206898,-2,9,1]
[2191834975:-973177,-18524,-235026,-1,0,-1|1002409,-15170,3351,1,4,0|985149,13365,-203456,0,18,2]
[2191839975:-972685,-19993,-230595,0,0,0|1000938,-14681,7284,1,4,0|982208,14345,-201489,1,14,1]
[2191844975:-971703,-20973,-229118,0,-4,0|999957,-14191,10234,0,3,0|978776,15815,-201980,1,7,0]
[2191849975:-970230,-22442,-230103,0,-4,0|998977,-13702,12201,0,1,0|975835,17776,-203456,0,1,0]
[2191854975:-968756,-23421,-230595,0,0,0|997506,-13212,14168,0,0,0|973874,18756,-202964,0,-1,1]
[2191859975:-967774,-23911,-229611,1,2,0|995544,-12723,15151,0,0,0|973384,18756,-200505,1,-2,0]
[2191864975:-967283,-24401,-228134,0,1,0|995054,-13212,15151,0,-2,0|973874,18756,-198538,1,1,0]
[2191869975:-967774,-24401,-228626,0,0,-1|995544,-13702,13184,0,-3,0|975345,18756,-198538,1,6,0]
[2191874975:-968756,-23421,-231087,0,0,-1|997506,-13702,11217,-1,-4,-1|975345,18266,-200997,0,4,0]
[2191879975:-969739,-21952,-234041,0,2,-1|999957,-13702,9251,-2,-4,0|976325,17776,-204931,0,-5,0]
[2191884975:-971212,-20483,-236010,1,4,0|1002409,-13702,6792,-1,-4,0|978286,16305,-206898,1,-10,0]
[2191889975:-972194,-19504,-237487,1,4,0|1003389,-13212,3351,-1,-4,0|980737,16305,-207881,1,-7,0]
[2191894975:-972685,-19504,-236995,0,3,0|1002899,-13212,400,-1,-2,0|983678,15815,-205914,2,3,0]
[2191899975:-972194,-20483,-236010,0,3,0|1001918,-13212,-2057,-1,0,0|982698,16795,-204931,1,9,0]
[2191904975:-971703,-22442,-235026,0,0,0|999957,-13212,-4024,-1,0,0|980247,18266,-204439,0,6,1]
[2191909975:-970721,-24401,-235026,0,0,0|998486,-12723,-4515,-1,2,0|975345,19736,-206898,0,0,1]
[2191914975:-969248,-24891,-235518,0,-2,0|997996,-12723,-4024,0,2,0|972894,20716,-209356,0,-9,1]
[2191919975:-968265,-24401,-237487,-1,0,0|997996,-11744,-1565,1,2,0|973874,19736,-209848,0,-6,0]
[2191924975:-968756,-24401,-237487,-2,0,0|998977,-11255,1384,1,2,0|975345,19246,-209356,0,-3,0]
[2191929975:-969739,-24401,-236503,-1,0,0|999957,-11255,4334,0,1,0|977796,19246,-206406,0,0,0]
[2191934975:-970721,-24891,-236010,0,0,-1|1000938,-11255,6301,-1,0,0|978286,18756,-205422,0,-1,0]
[2191939975:-971212,-23911,-236010,1,-1,0|1000938,-11255,6792,-1,-1,0|979757,18266,-204931,0,-1,0]
[2191944975:-970721,-22442,-236995,0,1,0|1001428,-11744,6301,0,-2,0|980247,17776,-205422,0,5,0]
[2191949975:-971212,-21952,-236503,0,2,0|1001428,-11744,4334,0,-2,0|979267,17776,-206898,0,3,0]
[2191954975:-972194,-21952,-235026,0,1,0|1001428,-12234,2859,0,0,0|977796,17776,-206898,1,-1,0]
[2191959975:-972685,-22442,-233549,0,-1,0|1000447,-13702,1876,0,1,0|975835,17776,-206898,0,-9,0]
[2191964975:-971703,-22442,-233057,0,-1,0|999467,-14681,1384,0,1,0|975835,18266,-204931,-1,-12,0]
[2191969975:-970721,-21952,-233549,0,0,0|997996,-15660,2367,0,2,0|976325,17776,-202964,-2,-5,0]
[2191974975:-969248,-20973,-233057,0,0,0|997506,-16638,4334,0,2,0|977306,17286,-201489,-1,1,0]
[2191979975:-969248,-19993,-231580,0,0,0|997506,-17617,7284,0,2,0|977796,15325,-200997,-1,6,0]
[2191984975:-969739,-18524,-231087,0,0,0|998977,-18596,9742,0,1,0|977306,13365,-202964,0,0,0]
[2191989975:-970721,-16565,-232564,0,0,0|1000447,-19575,11217,-1,0,0|977796,11405,-204439,0,-4,0]
[2191994975:-970721,-15096,-234534,0,0,0|1000938,-20554,11217,-1,-2,0|979757,10425,-204439,1,0,0]
[2191999975:-970721,-14117,-235518,1,2,0|1000938,-21533,10234,-1,-4,0|980247,9935,-203456,0,5,0]
[2192004975:-970721,-13627,-234041,1,3,0|1000447,-22022,8267,-1,-3,0|978286,8955,-204439,0,1,0]
[2192009975:-970721,-13627,-233057,1,2,0|999467,-22511,4826,-1,-2,0|975835,8465,-206898,3,-7,0]
[2192014975:-970230,-13137,-234534,0,0,0|998977,-23001,1384,0,-2,0|974855,8955,-209356,2,-10,0]
[2192019975:-969739,-13137,-236995,-1,-1,0|998977,-23001,-1565,0,-2,0|976325,9445,-208864,0,-5,0]
[2192024975:-969739,-13627,-238472,-1,0,0|998977,-23001,-3532,0,0,0|977796,9445,-207389,0,0,0]
[2192029975:-970230,-13627,-237980,0,2,0|999467,-22511,-4024,-1,1,0|979267,9935,-205422,0,3,0]
[2192034975:-971212,-14117,-236503,0,0,0|1000447,-22511,-3532,-1,2,0|979757,9935,-205914,0,4,0]
[2192039975:-971703,-14117,-236503,0,-2,0|1000938,-21043,-2057,0,2,0|978776,9935,-207881,0,3,0]
[2192044975:-971212,-14117,-236995,-1,-2,0|1000938,-20064,-90,0,1,0|978286,9935,-210340,0,-1,0]
[2192049975:-970721,-14606,-237980,-1,0,0|1000938,-19575,2367,0,0,0|978286,10425,-209848,0,-2,0]
[2192054975:-971212,-17545,-233057,0,1,0|1000447,-18596,5317,0,0,0|979267,11405,-206406,0,0,0]
[2192059975:-971212,-18524,-231087,0,0,0|999957,-17617,7284,0,0,0|979757,12875,-202964,0,2,0]
[2192064975:-969739,-19504,-231580,0,0,0|998977,-16638,8759,0,0,0|979267,13855,-201489,1,4,0]
[2192069975:-969739,-19504,-231580,0,0,0|998486,-15660,8759,0,0,0|977796,14835,-202964,0,2,0]
[2192074975:-968756,-20483,-232564,0,2,0|997996,-15170,8759,0,-1,0|974855,15815,-205422,0,-2,0]
[2192079975:-968756,-21952,-233057,0,2,0|997996,-14681,8267,1,-1,0|974855,16795,-205914,1,-6,0]
[2192084975:-970230,-22442,-232072,0,1,0|998486,-13702,7776,0,-2,0|976325,17286,-204439,0,-3,0]
[2192089975:-971212,-21952,-232072,0,0,0|999467,-13212,7284,0,-1,0|978776,17286,-201980,0,2,0]
[2192094975:-971703,-21952,-233057,1,1,0|1000447,-13212,5809,-1,-1,0|979757,17776,-201489,0,5,0]
[2192099975:-971212,-21463,-234534,1,1,0|1000447,-13212,4826,0,-1,0|977796,17776,-204439,0,-1,0]
[2192104975:-970721,-20973,-235518,0,0,0|1000447,-13702,3351,0,-1,0|977306,17776,-206406,0,-5,0]
[2192109975:-970230,-20973,-234534,0,0,0|999957,-13702,2367,0,-1,0|976816,17776,-207389,0,-4,0]
[2192114975:-970721,-20973,-233057,0,1,0|999957,-14191,2367,0,0,0|978286,17286,-204931,0,0,0]
[2192119975:-971212,-21463,-232072,0,0,0|999467,-14191,2859,0,0,0|979267,17286,-201980,1,6,0]
[2192124975:-970721,-21463,-233549,1,-1,0|999467,-14191,3351,0,1,0|978776,17286,-201980,0,5,0]
[2192129975:-969739,-21463,-236010,0,-1,0|999957,-14191,3842,0,0,0|977796,17286,-203947,0,4,0]
[2192134975:-969248,-21463,-237487,0,0,0|999957,-14191,3842,0,0,0|976325,17286,-207881,0,0,0]
[2192139975:-969248,-21952,-236503,0,1,0|999957,-13702,4334,0,-1,0|975835,16795,-209356,0,-2,0]
[2192144975:-969739,-22442,-235026,0,1,0|999957,-13702,3842,0,-1,0|975345,16795,-208864,1,-2,0]
[2192149975:-970721,-22932,-235518,0,0,0|1000447,-13702,3351,0,0,0|975345,17286,-207881,1,-6,0]
[2192154975:-970721,-22442,-236503,1,0,0|1000447,-13702,1876,-1,0,0|977306,17776,-206898,1,-5,0]
[2192159975:-970721,-22442,-237487,0,0,0|1000938,-13212,-90,0,0,0|978776,17776,-206898,0,-1,0]
[2192164975:-971212,-22442,-236010,0,1,0|1000938,-13212,-1074,0,0,0|979757,18266,-206898,0,2,0]
[2192169975:-971703,-22442,-234041,0,0,0|1000447,-12723,-1074,0,1,0|979757,17776,-206406,0,5,0]
[2192174975:-971703,-22442,-232564,0,-1,0|1000447,-12234,-582,0,1,0|978286,17776,-205914,0,1,0]
[2192179975:-971212,-22932,-233549,-1,-2,0|999957,-11744,400,0,2,0|978776,17776,-204439,0,1,0]
[2192184975:-970230,-23421,-234041,-1,-2,0|999467,-11744,2367,0,2,0|977796,18266,-204439,-1,3,0]
[2192189975:-969739,-23421,-234041,-1,0,0|999467,-12234,5317,0,1,0|976325,18266,-204931,-1,0,0]
[2192194975:-969739,-22932,-233549,0,0,0|999467,-12723,7776,0,1,0|975835,17776,-205422,0,-4,0]
[2192199975:-969739,-21952,-233549,0,1,0|999467,-12723,9251,0,0,0|975345,17776,-205914,0,-7,0]
[2192204975:-969248,-21463,-234041,0,1,0|998977,-13212,10234,0,-2,0|976816,17776,-204439,0,-4,0]
[2192209975:-969248,-21463,-234041,0,1,0|998977,-14191,9742,0,-2,0|977306,17776,-203456,1,-1,0]
[2192214975:-969739,-20973,-234041,1,1,0|998486,-15170,8759,-1,-2,0|977306,17286,-202472,0,-1,0]
[2192219975:-970230,-19504,-233549,1,1,0|998486,-16149,6792,-1,-1,0|977306,16795,-202964,0,-1,0]
[2192224975:-970721,-18034,-233549,0,1,0|998977,-17128,4826,0,0,0|976816,15325,-204439,0,-5,0]
[2192229975:-971212,-16565,-234534,0,0,0|999467,-17617,2859,0,-1,0|977796,13365,-204931,0,-3,0]
[2192234975:-971703,-16076,-235026,0,0,0|999957,-18596,1384,0,0,0|978776,12385,-205422,0,0,0]
[2192239975:-972194,-15096,-235026,0,0,0|1000447,-19575,892,0,0,0|979757,11895,-205422,0,2,0]
[2192244975:-971703,-14606,-234534,0,0,0|1000447,-20554,892,0,1,0|978776,10915,-206406,0,-2,0]
[2192249975:-971212,-13627,-236010,0,0,0|1000447,-21533,1876,0,1,0|978286,9935,-206898,0,-5,0]
[2192254975:-970721,-13137,-236010,0,0,0|999957,-22022,2859,0,0,0|981227,12385,-207389,-4,2,0]
[2192259975:-970230,-13137,-235518,0,0,0|999467,-22022,3351,0,-1,0|980247,11895,-206898,-1,4,0]
[2192264975:-970230,-16565,-235518,0,1,0|998977,-22022,3842,0,0,0|977796,10425,-207389,0,0,0]
[2192269975:-969248,-16076,-236995,-3,0,0|998486,-22022,4334,0,0,0|976325,9935,-207389,1,-4,0]
[2192274975:-969248,-15586,-237487,-1,1,0|998486,-22022,4826,-1,0,0|976325,9935,-205914,0,-3,0]
[2192279975:-969739,-15096,-236503,0,1,0|998486,-21533,4826,0,0,0|977306,9935,-204931,0,0,0]
[2192284975:-970230,-14606,-234534,0,2,0|998977,-21043,4826,0,0,0|977306,9935,-204931,0,1,0]
[2192289975:-971212,-15096,-234041,0,1,0|999467,-20554,4826,0,0,0|977306,9935,-205914,1,-1,0]
[2192294975:-971703,-15586,-235026,0,0,0|1000447,-20064,4334,0,-1,0|977796,10915,-206406,1,-3,0]
[2192299975:-971703,-16565,-235518,0,0,0|1000938,-19575,3842,0,-1,0|978776,11895,-205914,0,0,0]
[2192304975:-971212,-17545,-235518,0,1,0|1000938,-18596,3351,0,-1,0|978776,12875,-205422,0,0,0]
[2192309975:-971212,-18524,-234534,0,1,0|1000938,-17617,2859,-1,0,0|978286,13855,-204931,0,0,0]
[2192314975:-970721,-19993,-234041,0,0,0|999957,-16638,2859,0,0,0|977306,14835,-204439,0,0,0]
[2192319975:-970230,-20973,-234534,0,0,0|999467,-16149,2859,0,0,0|976325,15325,-204931,0,-2,0]
[2192324975:-970230,-20973,-234534,0,0,0|998977,-15660,3351,0,0,0|976816,16305,-205422,0,-1,0]
[2192329975:-970230,-21952,-234534,0,0,0|998977,-14681,3842,0,0,0|976325,17286,-205422,0,-2,0]
[2192334975:-970721,-21952,-234041,0,0,0|998977,-14191,4826,-1,0,0|976816,17776,-204931,0,-2,0]
[2192339975:-970721,-21952,-234041,0,0,0|999467,-13702,5317,-1,0,0|978286,17776,-203456,0,0,0]
[2192344975:-971212,-21463,-234534,1,1,0|999467,-13702,5809,-1,0,0|978286,17776,-203947,1,4,0]
[2192349975:-970721,-21463,-235026,0,1,0|999467,-13212,5317,0,-2,0|978286,16795,-205422,0,5,0]
[2192354975:-970721,-21463,-235518,0,1,0|999957,-13702,4334,0,-2,0|977796,16795,-207881,1,2,0]
[2192359975:-970721,-21952,-236010,0,1,0|999957,-13702,3351,0,-1,0|976816,17286,-208373,0,-3,0]
[2192364975:-970721,-21952,-236010,0,0,0|999957,-13702,1876,0,0,0|977796,17286,-207389,0,0,0]
[2192369975:-971703,-21463,-234041,0,0,0|999957,-13702,1384,-1,0,0|978286,17776,-206406,0,1,0]
[2192374975:-972194,-21463,-232564,0,-3,0|999957,-13702,892,0,0,0|977796,17776,-206406,0,0,0]
[2192379975:-972685,-21463,-231580,-1,-9,0|999957,-13212,400,0,1,0|977306,17776,-206898,0,-2,0]
[2192384975:-972685,-20973,-231580,-3,-15,0|999467,-13212,892,0,1,0|977306,17776,-207389,0,-3,0]
[2192389975:-971703,-21463,-232072,-5,-20,0|999467,-13212,1876,0,1,0|977796,17776,-206898,0,0,0]
[2192394975:-970721,-21952,-233057,-5,-21,0|999467,-13212,3842,0,1,0|978286,17776,-204931,0,2,0]
[2192399975:-969248,-22932,-235518,-3,-18,0|999467,-12723,5317,0,1,0|978286,17776,-203947,0,3,0]
[2192404975:-968756,-22932,-237487,-2,-13,0|999467,-13212,6792,0,0,0|977796,17776,-203947,0,2,0]
[2192409975:-968265,-22932,-237487,-1,-6,0|999467,-13212,7776,0,0,0|977306,17776,-204931,0,1,0]
[2192414975:-968265,-22442,-236010,0,-1,0|999467,-12723,8267,0,-1,0|976325,17776,-205914,0,-2,0]
[2192419975:-969248,-22932,-233057,0,0,0|999467,-12723,8267,0,-2,0|976816,17776,-205422,0,-5,0]
[2192424975:-970230,-22932,-231580,0,-1,0|999467,-12723,7776,0,-2,0|976816,18266,-203947,1,-5,0]
[2192429975:-969739,-22932,-232072,0,0,0|998977,-12723,6792,0,-1,0|977796,18756,-201980,1,-1,0]
[2192434975:-969248,-22932,-234041,0,0,0|998977,-13212,5809,0,-1,0|978776,18756,-200997,0,4,0]
[2192439975:-969248,-22442,-235518,1,6,0|998977,-13212,4826,0,-1,0|978286,18266,-201980,0,6,0]
[2192444975:-969248,-21952,-236503,1,8,0|999467,-13702,4334,0,0,0|977306,17776,-204439,0,2,0]
[2192449975:-970230,-20973,-236010,1,9,0|999957,-14191,3351,0,-1,0|976816,17286,-206898,1,-1,0]
[2192454975:-971212,-19993,-235518,1,4,0|1000447,-14681,3351,0,-1,0|977306,16305,-206898,1,0,0]
[2192459975:-972194,-18524,-234041,1,2,0|1000938,-15660,3351,0,-1,0|979267,15815,-205914,0,5,0]
[2192464975:-973177,-18034,-232564,0,0,0|1000938,-16149,3351,-1,-1,0|979267,14835,-205422,0,6,0]
[2192469975:-971703,-17055,-234534,0,0,0|1000938,-17128,2859,0,0,0|977796,13855,-206898,0,0,0]
[2192474975:-970721,-16076,-236503,0,1,0|1000938,-17617,1876,0,0,0|976325,13855,-207881,0,-5,0]
[2192479975:-970230,-15096,-237487,0,2,0|1000447,-18596,400,0,0,0|976816,13365,-208864,0,-2,0]
[2192484975:-970230,-14606,-236010,0,3,0|999957,-19575,-90,0,0,0|977796,12385,-207881,0,3,0]
[2192489975:-971212,-14606,-234041,0,1,0|999957,-20554,400,0,1,0|976816,11405,-206898,0,1,0]
[2192494975:-971212,-14606,-234534,0,0,0|999467,-21043,1384,0,2,0|976816,10915,-206406,0,-4,0]
[2192499975:-971212,-14117,-235026,0,0,0|999467,-21533,1876,0,1,0|977796,10425,-205422,0,0,0]
[2192504975:-970721,-13137,-235518,-1,0,0|999467,-21533,2859,0,0,0|978286,9935,-206406,0,3,0]
[2192509975:-970721,-13137,-234534,0,1,0|999467,-21533,3842,0,0,0|978776,9445,-206406,0,5,0]
[2192514975:-971212,-14117,-233057,0,0,0|999467,-21533,4334,0,0,0|977796,9445,-206406,1,2,0]
[2192519975:-971212,-14606,-232564,0,0,0|999467,-21533,4826,0,0,0|977796,9935,-205422,1,0,0]
[2192524975:-970721,-15096,-232564,0,0,0|999467,-21533,5809,0,0,0|977796,10425,-203947,0,3,0]
[2192529975:-970230,-15586,-232564,0,1,0|999467,-21043,6301,0,0,0|976816,10425,-203947,0,1,0]
[2192534975:-970721,-16076,-231580,0,0,0|998977,-20064,7284,0,0,0|976325,10915,-203947,0,0,0]
[2192539975:-970230,-17545,-232072,0,1,0|998977,-19575,7776,0,0,0|975835,11895,-203947,1,-4,0]
[2192544975:-970230,-18034,-232564,0,3,0|998977,-18596,8267,0,-1,0|976816,12875,-202964,0,-2,0]
[2192549975:-969739,-18524,-233057,1,5,0|998977,-17617,8267,0,-2,0|977796,13855,-201980,0,0,0]
[2192554975:-970230,-19504,-233057,1,5,0|999467,-17128,8267,0,-2,0|978286,14345,-201980,0,0,0]
[2192559975:-970721,-19993,-232564,1,2,0|999957,-16638,7776,0,-2,0|978286,14835,-202964,0,1,0]
[2192564975:-971212,-20483,-233057,0,2,0|1000447,-16149,7284,-1,-2,0|977796,15815,-204439,0,0,0]
[2192569975:-971212,-19993,-233549,0,2,0|1000447,-15170,5809,0,-3,0|977796,15815,-205422,0,0,0]
[2192574975:-971212,-20483,-234534,0,1,0|1000447,-14681,3842,0,-3,0|976816,15815,-206898,1,-4,0]
[2192579975:-970721,-21952,-235518,0,1,0|1000447,-14191,1876,0,-2,0|977306,16795,-207389,0,-5,0]
[2192584975:-970721,-22442,-236010,0,1,0|1000938,-14191,892,0,-1,0|977306,17776,-207389,0,-3,0]
[2192589975:-970721,-21952,-236010,0,1,0|1000938,-13702,400,0,-1,0|978286,17776,-206406,0,-1,0]
[2192594975:-970721,-21952,-235518,0,0,0|1000447,-13702,-90,0,0,0|979267,17776,-205914,0,4,0]
[2192599975:-970721,-21952,-235518,0,-1,0|1000447,-13702,-90,0,0,0|978776,17776,-206406,0,3,0]
[2192604975:-970230,-22442,-236995,0,0,0|1000447,-13702,-90,0,0,0|978286,17776,-207389,0,2,0]
[2192609975:-969739,-21952,-237487,0,0,0|1000938,-14191,400,0,0,0|976816,17776,-208864,0,0,0]
[2192614975:-970230,-21463,-236995,0,0,0|1000447,-14191,892,0,0,0|977306,17776,-208373,0,-2,0]
[2192619975:-970230,-21463,-235026,0,0,0|999957,-13702,2859,0,0,0|977796,17776,-207389,0,1,0]
[2192624975:-970721,-21952,-233549,0,0,0|999467,-13212,3842,0,0,0|977796,17776,-206406,0,1,0]
[2192629975:-970721,-21952,-233549,0,0,0|998977,-13212,4334,0,0,0|977306,17776,-205914,0,0,0]
[2192634975:-970230,-21463,-234041,0,0,0|998977,-12723,4826,0,0,0|976325,17776,-206406,0,-4,0]
[2192639975:-969739,-21463,-235026,0,0,0|998977,-12723,5317,0,0,0|976816,17776,-206406,0,-6,0]
[2192644975:-970230,-21952,-234041,0,0,0|999467,-12723,5809,0,0,0|977306,18266,-205914,0,-7,0]
[2192649975:-970230,-22442,-232564,0,0,0|999467,-12723,6792,0,1,0|978286,17776,-203456,0,-4,0]
[2192654975:-970230,-22932,-232072,0,0,0|999957,-12723,7284,0,0,0|978776,17776,-201980,0,1,0]
