[1152105592:-992822,-23421,-103582,0,0,0|999957,-16149,3842,0,0,0|994953,12385,-90361,0,0,0]
[1152110592:-992822,-23421,-103582,0,0,0|999957,-16638,3351,0,0,0|994953,12385,-90361,0,0,0]
[1152115592:-992822,-22932,-103582,0,0,0|1000447,-16638,2859,0,0,0|994953,12385,-90361,0,0,0]
[1152120592:-992822,-22932,-103582,0,0,0|1000447,-16638,2859,0,0,0|994953,12385,-90361,0,0,0]
[1152125592:-992822,-22932,-103582,0,0,0|999957,-16638,2859,0,0,0|994953,12875,-90361,0,0,0]
[1152130592:-993313,-22932,-103090,0,0,0|999957,-16638,3351,0,0,0|994953,12875,-90361,0,0,0]
[1152135592:-993313,-22932,-103090,0,0,0|999467,-16149,3351,0,0,0|995443,12875,-90361,0,0,0]
[1152140592:-993313,-22932,-103582,0,0,0|999467,-16149,3842,0,0,0|995443,12875,-90361,0,0,0]
[1152145592:-993313,-22932,-103582,0,0,0|999467,-16149,3842,0,0,0|995443,12875,-89870,0,0,0]
[1152150592:-993313,-22932,-103582,0,0,0|999467,-16149,3842,0,0,0|994953,12875,-89870,0,0,0]
[1152155592:-993313,-22932,-103090,0,0,0|999467,-16149,3842,0,0,0|994953,12385,-89870,0,0,0]
[1152160592:-993313,-22932,-103090,0,0,0|999467,-16149,3842,0,0,0|994953,12385,-89870,0,0,0]
[1152165592:-993313,-22932,-103090,0,0,0|999957,-16638,3842,0,0,0|994953,12385,-89378,0,0,0]
[1152170592:-992822,-22932,-103090,0,0,0|999957,-16638,3842,0,0,0|994462,12385,-89870,0,0,0]
[1152175592:-993313,-22932,-103090,0,0,0|999957,-16638,3842,0,0,0|994462,12875,-89870,0,0,0]
[1152180592:-993313,-22932,-103090,0,0,0|999957,-16638,3842,0,0,0|994953,12875,-89870,0,0,0]
[1152185592:-993313,-22932,-103090,0,0,0|999957,-16638,3842,0,0,0|994953,12875,-89870,0,0,0]
[1152190592:-993313,-22932,-103582,0,0,0|999957,-16638,4334,0,0,0|995443,12875,-89870,0,0,0]
[1152195592:-993804,-22932,-103582,0,0,0|999957,-16638,4334,0,0,0|995443,12875,-89870,0,0,0]
[1152200592:-993804,-22932,-103582,0,0,0|999957,-16638,4334,0,0,0|994953,12875,-89870,0,0,0]
[1152205592:-993804,-22932,-103090,0,0,0|999467,-16149,3842,0,0,0|994953,12875,-89378,0,0,0]
[1152210592:-993804,-22442,-103582,0,0,0|999467,-16638,3351,0,0,0|994953,12385,-89870,0,0,0]
[1152215592:-993313,-22442,-103582,0,0,0|999467,-16638,3351,0,0,0|994953,12385,-89870,0,0,0]
[1152220592:-993313,-22442,-103582,0,0,0|999957,-16638,3351,0,0,0|994953,12385,-89870,0,0,0]
[1152225592:-993313,-22932,-103582,0,0,0|999957,-16149,3842,0,0,0|994462,12385,-89870,0,0,0]
[1152230592:-993313,-22932,-103090,0,0,0|999957,-16149,3842,0,0,0|994953,12385,-90361,0,0,0]
[1152235592:-993313,-22932,-103582,0,0,0|999467,-16149,3842,0,0,0|995443,12875,-90361,0,0,0]
[1152240592:-992822,-22932,-103582,0,0,0|999467,-16149,3842,0,0,0|995443,12875,-90361,0,0,0]
[1152245592:-992822,-22932,-103582,0,0,0|999467,-16149,4334,0,0,0|994953,13365,-90361,0,0,0]
[1152250592:-992822,-22932,-103582,0,0,0|999467,-16149,4334,0,0,0|994953,13365,-90361,0,0,0]
[1152255592:-992822,-22932,-103582,0,0,0|999467,-16149,4334,0,0,0|994953,13365,-89870,0,0,0]
[1152260592:-992822,-22442,-103582,0,0,0|999467,-15660,3842,0,0,0|994953,12875,-89870,0,0,0]
[1152265592:-992822,-22442,-103582,0,0,0|999467,-15660,3842,0,0,0|994953,12875,-89870,0,0,0]
[1152270592:-993313,-22442,-103582,0,0,0|999957,-16149,3842,0,0,0|994953,12875,-89870,0,0,0]
[1152275592:-993313,-22442,-103090,0,0,0|999957,-16149,3842,0,0,0|994953,12875,-89870,0,0,0]
[1152280592:-993313,-22442,-103090,0,0,0|1000447,-16149,3842,0,0,0|994953,12875,-90361,0,0,0]
[1152285592:-993313,-22442,-103090,0,0,0|1000447,-16638,3842,0,0,0|994953,12875,-90361,0,0,0]
[1152290592:-993313,-22442,-103582,0,0,0|1000447,-16638,3842,0,0,0|994953,12875,-90853,0,0,0]
[1152295592:-992822,-22932,-104075,0,0,0|999957,-16638,4334,0,0,0|994462,12385,-90853,0,0,0]
[1152300592:-992822,-22932,-104075,0,0,0|999957,-16638,4334,0,0,0|994462,12385,-90361,0,0,0]
[1152305592:-992822,-22932,-103582,0,0,0|999957,-16638,4334,0,0,0|994953,12385,-90361,0,0,0]
[1152310592:-992822,-22932,-103582,0,0,0|999957,-16638,4334,0,0,0|995443,12875,-90361,0,0,0]
[1152315592:-993313,-22442,-103090,0,0,0|999957,-16638,3842,0,0,0|994953,12385,-90361,0,0,0]
[1152320592:-993313,-22442,-103090,0,0,0|999957,-17128,3842,0,0,0|994953,12385,-90361,0,0,0]
[1152325592:-993313,-22932,-103090,0,0,0|999957,-17128,3842,0,0,0|994953,12875,-89870,0,0,0]
[1152330592:-993313,-22932,-103090,0,0,0|999957,-16638,3842,0,0,0|994953,12875,-89870,0,0,0]
[1152335592:-993313,-22932,-103090,0,0,0|999957,-16638,3842,0,0,0|995443,12875,-89870,0,0,0]
[1152340592:-993313,-23421,-103582,0,0,0|999957,-16638,4334,0,0,0|995443,12875,-90361,0,0,0]
[1152345592:-992822,-23421,-103582,0,0,0|999957,-16638,4334,0,0,0|994953,13365,-90361,0,0,0]
[1152350592:-992822,-23421,-103582,0,0,0|999957,-17128,3842,0,0,0|994953,12875,-89870,0,0,0]
[1152355592:-992822,-22932,-104075,0,0,0|999957,-17128,3842,0,0,0|995443,12875,-89870,0,0,0]
[1152360592:-993313,-22932,-104567,0,0,0|999957,-16638,3842,0,0,0|995443,12385,-89378,0,0,0]
[1152365592:-993313,-22932,-104075,0,0,0|999957,-16638,3842,0,0,0|994953,12875,-89870,0,0,0]
[1152370592:-993313,-23421,-103582,0,0,0|999957,-16638,3842,0,0,0|994953,12875,-90361,0,0,0]
[1152375592:-993313,-23421,-103582,0,0,0|999957,-16149,3842,0,0,0|994953,12875,-90361,0,0,0]
[1152380592:-993313,-23421,-103090,0,0,0|999957,-16149,3842,0,0,0|995443,12875,-90361,0,0,0]
[1152385592:-993313,-23421,-103582,0,0,0|999957,-16149,3842,0,0,0|994953,12875,-90361,0,0,0]
[1152390592:-993313,-23421,-103090,0,0,0|999957,-16149,3842,0,0,0|994953,12875,-90361,0,0,0]
[1152395592:-993313,-22932,-103090,0,0,0|999467,-16149,3842,0,0,0|994953,12385,-90361,0,0,0]
[1152400592:-993804,-22932,-103090,0,0,0|999467,-16149,3842,0,0,0|995443,12385,-89870,0,0,0]
[1152405592:-993804,-22932,-103582,0,0,0|999957,-16149,3351,0,0,0|995443,12385,-89870,0,0,0]
[1152410592:-993804,-22932,-104075,0,0,0|999957,-16149,3842,0,0,0|995443,12385,-90361,0,0,0]
[1152415592:-993804,-22932,-103582,0,0,0|999957,-16149,3842,0,0,0|994953,12875,-90853,0,0,0]
[1152420592:-993804,-22932,-103090,0,0,0|999957,-15660,3842,0,0,0|994953,12385,-90853,0,0,0]
[1152425592:-993804,-22932,-103090,0,0,0|999957,-16149,3842,0,0,0|995443,12385,-90853,0,0,0]
[1152430592:-993804,-22932,-103582,0,0,0|999957,-16149,3842,0,0,0|995443,12385,-90361,0,0,0]
[1152435592:-993313,-22932,-103090,0,0,0|999957,-16149,3842,0,0,0|995443,12385,-90361,0,0,0]
[1152440592:-993313,-22932,-103090,0,0,0|1000447,-16149,3842,0,0,0|994953,12875,-90361,0,0,0]
[1152445592:-993313,-22932,-103090,0,0,0|1000447,-16149,3842,0,0,0|994953,12875,-90853,0,0,0]
[1152450592:-993313,-22932,-103582,0,0,0|999957,-16149,3842,0,0,0|994953,12385,-90853,0,0,0]
[1152455592:-993313,-22932,-103582,0,0,0|999957,-16149,3351,0,0,0|995443,12385,-90361,0,0,0]
[1152460592:-993313,-22932,-103090,0,0,0|999957,-16149,3842,0,0,0|995443,12875,-90361,0,0,0]
[1152465592:-993313,-22932,-102598,0,0,0|999957,-16638,3842,0,0,0|994953,12875,-90361,0,0,0]
[1152470592:-993313,-22932,-102598,0,0,0|999957,-16638,4334,0,0,0|994953,12875,-90361,0,0,0]
[1152475592:-993313,-22932,-102598,0,0,0|999957,-16638,4826,0,0,0|994953,12875,-89870,0,0,0]
[1152480592:-993313,-22932,-103090,0,0,0|999957,-16638,4826,0,0,0|995443,12875,-89870,0,0,0]
[1152485592:-993313,-23421,-103090,0,0,0|999957,-16149,4334,0,0,0|995443,12875,-89870,0,0,0]
[1152490592:-993313,-23421,-103582,0,0,0|999957,-16149,4334,0,0,0|994953,12875,-90361,0,0,0]
[1152495592:-993313,-22932,-103582,0,0,0|999957,-16149,3842,0,0,0|994953,12875,-90361,0,0,0]
[1152500592:-993313,-22932,-103582,0,0,0|999957,-16149,3842,0,0,0|994953,12875,-89870,0,0,0]
[1152505592:-993313,-22932,-103582,0,0,0|999957,-15660,3842,0,0,0|995443,12875,-89870,0,0,0]
[1152510592:-993313,-22932,-103090,0,0,0|999957,-15660,4334,0,0,0|995443,12875,-90361,0,0,0]
[1152515592:-993313,-22442,-103090,0,0,0|999467,-15660,4334,0,0,0|994953,12875,-90361,0,0,0]
[1152520592:-993313,-22442,-103090,0,0,0|999467,-15660,4826,0,0,0|994953,12385,-90361,0,0,0]
[1152525592:-993313,-22442,-103090,0,0,0|999957,-15660,4334,0,0,0|995443,12385,-90361,0,0,0]
[1152530592:-993313,-22932,-103090,0,0,0|999957,-16149,4334,0,0,0|995443,12875,-89870,0,0,0]
[1152535592:-993313,-22932,-102598,0,0,0|999957,-16638,3842,0,0,0|995443,12875,-89870,0,0,0]
[1152540592:-992822,-22932,-102598,0,0,0|999957,-16638,3842,0,0,0|994953,12875,-89870,0,0,0]
[1152545592:-992822,-22932,-102598,0,0,0|1000447,-16638,3842,0,0,0|994953,12875,-89870,0,0,0]
[1152550592:-992822,-22932,-103090,0,0,0|1000447,-16638,4334,0,0,0|995443,12875,-89870,0,0,0]
[1152555592:-993313,-22932,-103090,0,0,0|1000447,-16149,3842,0,0,0|995443,12875,-89378,0,0,0]
[1152560592:-993313,-22932,-103090,0,0,0|1000447,-16149,3842,0,0,0|995443,13365,-89870,0,0,0]
[1152565592:-993313,-22932,-103090,0,0,0|999957,-16149,3842,0,0,0|995443,13365,-89870,0,0,0]
[1152570592:-993313,-22932,-103582,0,0,0|1000447,-16149,3842,0,0,0|995443,13365,-89870,0,0,0]
[1152575592:-993313,-22932,-103582,0,0,0|1000447,-16149,3842,0,0,0|995443,13365,-90361,0,0,0]
[1152580592:-993804,-22932,-103582,0,0,0|999957,-16638,3842,0,0,0|994953,12875,-90361,0,0,0]
[1152585592:-993313,-22932,-103582,0,0,0|999957,-16638,3842,0,0,0|994462,13365,-90361,0,0,0]
[1152590592:-993313,-22932,-103582,0,0,0|999957,-16638,3842,0,0,0|994462,12875,-90361,0,0,0]
[1152595592:-993313,-22932,-103582,0,0,0|999957,-16149,3842,0,0,0|994462,12875,-90361,0,0,0]
[1152600592:-993313,-23421,-103582,0,0,0|999957,-16638,3351,0,0,0|994953,12875,-90361,0,0,0]
[1152605592:-993313,-23421,-103582,0,0,0|999467,-16638,3351,0,0,0|994953,12875,-90853,0,0,0]
[1152610592:-992822,-22932,-103090,0,0,0|999467,-16638,3842,0,0,0|994953,12875,-90853,0,0,0]
[1152615592:-992822,-22932,-103090,0,0,0|999957,-16638,3842,0,0,0|994953,12875,-90361,0,0,0]
[1152620592:-992822,-22932,-103582,0,0,0|999957,-16149,4334,0,0,0|994953,12875,-90361,0,0,0]
[1152625592:-993313,-22932,-103582,0,0,0|999957,-16638,4334,0,0,0|995443,12875,-89870,0,0,0]
[1152630592:-993313,-22932,-103582,0,0,0|999957,-16149,4334,0,0,0|995443,12875,-89870,0,0,0]
[1152635592:-993313,-22932,-103090,0,0,0|999957,-16638,4334,0,0,0|995443,12875,-89870,0,0,0]
[1152640592:-993313,-23421,-103090,0,0,0|999957,-16638,4334,0,0,0|995443,12875,-89870,0,0,0]
[1152645592:-993313,-23421,-103090,0,0,0|999957,-16638,4334,0,0,0|995443,13365,-89870,0,0,0]
[1152650592:-993313,-23421,-103090,0,0,0|999957,-16638,4334,0,0,0|994953,13365,-90361,0,0,0]
[1152655592:-993313,-23421,-102598,0,0,0|999957,-16638,4334,0,0,0|994462,13855,-90361,0,0,0]
[1152660592:-993313,-23421,-102598,0,0,0|999957,-16149,4334,0,0,0|994953,13365,-90361,0,0,0]
[1152665592:-993313,-22932,-103090,0,0,0|999957,-16638,4334,0,0,0|994953,12875,-90361,0,0,0]
[1152670592:-993804,-22932,-103090,0,0,0|999957,-16149,4334,0,0,0|995443,12875,-90361,0,0,0]
[1152675592:-993804,-22932,-103090,0,0,0|999467,-16149,4334,0,0,0|995443,12385,-90361,0,0,0]
[1152680592:-993313,-22932,-103090,0,0,0|999467,-16638,4334,0,0,0|994953,12875,-90361,0,0,0]
[1152685592:-993313,-22932,-103090,0,0,0|998977,-16149,4334,0,0,0|994953,12875,-90361,0,0,0]
[1152690592:-993313,-23421,-103090,0,0,0|998977,-16149,3842,0,0,0|994953,12875,-90361,0,0,0]
[1152695592:-992822,-23421,-103090,0,0,0|999467,-16149,3351,0,0,0|994953,12875,-90361,0,0,0]
[1152700592:-993313,-23421,-103090,0,0,0|999957,-16149,3351,0,0,0|994953,12875,-90361,0,0,0]
[1152705592:-993313,-22932,-103090,0,0,0|999957,-16638,3842,0,0,0|994462,12875,-90361,0,0,0]
[1152710592:-993313,-22932,-103090,0,0,0|999957,-17128,3842,0,0,0|994462,12875,-90361,0,0,0]
[1152715592:-993313,-22932,-103090,0,0,0|999957,-17128,3842,0,0,0|994462,12875,-89870,0,0,0]
[1152720592:-992822,-22442,-103582,0,0,0|999957,-17128,4334,0,0,0|994462,12875,-89870,0,0,0]
[1152725592:-993313,-22932,-103090,0,0,0|999467,-16638,4334,0,0,0|994462,12875,-89870,0,0,0]
[1152730592:-993313,-22932,-103582,0,0,0|999957,-16638,3842,0,0,0|994462,12875,-90361,0,0,0]
[1152735592:-993313,-22932,-103582,0,0,0|999957,-16638,3842,0,0,0|994953,12875,-90361,0,0,0]
[1152740592:-993313,-22932,-103582,0,0,0|999957,-16638,3351,0,0,0|994953,12385,-90361,0,0,0]
[1152745592:-993313,-23421,-103582,0,0,0|999957,-16638,3351,0,0,0|995443,12385,-90361,0,0,0]
[1152750592:-992822,-23421,-103582,0,0,0|999957,-16638,3842,0,0,0|995443,12875,-90853,0,0,0]
[1152755592:-993313,-23421,-103090,0,0,0|999957,-16638,4334,0,0,0|994953,12875,-90853,0,0,0]
[1152760592:-992822,-23421,-103090,0,0,0|999467,-16638,4826,0,0,0|994953,12875,-90361,0,0,0]
[1152765592:-992822,-22932,-103090,0,0,0|999957,-16638,4334,0,0,0|995443,12875,-90361,0,0,0]
[1152770592:-992822,-22932,-103090,0,0,0|999957,-16638,4334,0,0,0|995443,12875,-89870,0,0,0]
[1152775592:-992822,-22932,-103090,0,0,0|999957,-16638,4334,0,0,0|994953,12875,-89870,0,0,0]
[1152780592:-993313,-23421,-103090,0,0,0|999957,-16638,4334,0,0,0|994953,12385,-89870,0,0,0]
[1152785592:-993313,-23421,-103090,0,0,0|999957,-16638,4334,0,0,0|995443,12385,-90361,0,0,0]
[1152790592:-993313,-23421,-103582,0,0,0|999957,-16638,4334,0,0,0|995443,12385,-90361,0,0,0]
[1152795592:-993313,-23421,-103090,0,0,0|999957,-16638,4334,0,0,0|995443,12385,-90361,0,0,0]
[1152800592:-993313,-22932,-102598,0,0,0|999957,-16638,4826,0,0,0|995443,12875,-90361,0,0,0]
[1152805592:-993313,-22932,-102598,0,0,0|999957,-16149,4826,0,0,0|995443,12875,-90361,0,0,0]
[1152810592:-993313,-22932,-102598,0,0,0|999957,-16149,4826,0,0,0|995443,12385,-90361,0,0,0]
[1152815592:-993313,-22932,-103090,0,0,0|999957,-16638,4826,0,0,0|995443,12875,-90361,0,0,0]
[1152820592:-993313,-22932,-103582,0,0,0|999957,-16638,4826,0,0,0|994953,12875,-90361,0,0,0]
[1152825592:-993313,-22932,-103582,0,0,0|999957,-16638,4826,0,0,0|994953,12875,-90361,0,0,0]
[1152830592:-992822,-22442,-103582,0,0,0|999957,-16638,4826,0,0,0|994953,13365,-90361,0,0,0]
[1152835592:-992822,-22932,-104075,0,0,0|999957,-16638,4334,0,0,0|994953,13365,-90361,0,0,0]
[1152840592:-992822,-22932,-104075,0,0,0|999957,-16638,4334,0,0,0|994953,12875,-90361,0,0,0]
[1152845592:-992822,-23421,-103582,0,0,0|999957,-16638,4334,0,0,0|995443,12875,-90361,0,0,0]
[1152850592:-993313,-23421,-103090,0,0,0|999467,-16149,3842,0,0,0|995443,12875,-90361,0,0,0]
[1152855592:-993313,-23421,-103090,0,0,0|999467,-15660,4334,0,0,0|995443,12875,-90361,0,0,0]
[1152860592:-992822,-23421,-103090,0,0,0|999467,-16149,4334,0,0,0|995443,12875,-90361,0,0,0]
[1152865592:-992822,-23421,-103582,0,0,0|999467,-16149,4334,0,0,0|995443,13365,-90361,0,0,0]
[1152870592:-992822,-22932,-103582,0,0,0|999467,-16149,4334,0,0,0|995443,13365,-90361,0,0,0]
[1152875592:-993313,-22932,-103582,0,0,0|999957,-16149,4334,0,0,0|994953,13365,-90361,0,0,0]
[1152880592:-993313,-22932,-103582,0,0,0|999467,-16149,3842,0,0,0|994953,12875,-90361,0,0,0]
[1152885592:-993313,-22932,-103582,0,0,0|999957,-15660,3842,0,0,0|995443,12875,-90361,0,0,0]
[1152890592:-993313,-22932,-103090,0,0,0|999957,-15660,3351,0,0,0|995443,12875,-90361,0,0,0]
[1152895592:-993804,-22932,-103090,0,0,0|999957,-15660,3351,0,0,0|995443,12875,-90361,0,0,0]
[1152900592:-993804,-22932,-103090,0,0,0|999957,-16149,3351,0,0,0|995443,13365,-90361,0,0,0]
[1152905592:-993804,-22932,-103582,0,0,0|999467,-15660,3842,0,0,0|994953,12875,-89870,0,0,0]
[1152910592:-993313,-22932,-103582,0,0,0|999467,-16149,3842,0,0,0|994953,12875,-89870,0,0,0]
[1152915592:-993313,-22932,-103582,0,0,0|999467,-16149,3351,0,0,0|994953,12875,-90361,0,0,0]
[1152920592:-992822,-22932,-103090,0,0,0|999467,-16638,3351,0,0,0|994953,12875,-90361,0,0,0]
[1152925592:-992822,-23421,-103090,0,0,0|999467,-16638,3351,0,0,0|994953,12875,-90361,0,0,0]
[1152930592:-992822,-22932,-103090,0,0,0|999467,-16638,3351,0,0,0|994953,12875,-90361,0,0,0]
[1152935592:-993313,-22932,-103090,0,0,0|999467,-16638,3842,0,0,0|995443,12875,-90361,0,0,0]
[1152940592:-993804,-22932,-103090,0,0,0|999467,-16638,3842,0,0,0|995443,13365,-89870,0,0,0]
[1152945592:-993313,-22932,-103090,0,0,0|999957,-16638,3842,0,0,0|995443,12875,-89870,0,0,0]
[1152950592:-993313,-22932,-103090,0,0,0|999467,-16638,3351,0,0,0|995443,12875,-90361,0,0,0]
[1152955592:-993313,-22932,-103582,0,0,0|999957,-16638,3351,0,0,0|995443,12875,-90361,0,0,0]
[1152960592:-993313,-22932,-103582,0,0,0|999957,-16638,3351,0,0,0|995443,12385,-90361,0,0,0]
[1152965592:-993313,-22932,-103582,0,0,0|999467,-16638,3351,0,0,0|994953,12385,-89870,0,0,0]
[1152970592:-993313,-22442,-103090,0,0,0|999467,-16149,3842,0,0,0|994953,12385,-89870,0,0,0]
[1152975592:-993313,-22442,-103090,0,0,0|999467,-16149,3842,0,0,0|994953,12385,-89870,0,0,0]
[1152980592:-993313,-22442,-103090,0,0,0|999467,-16638,3842,0,0,0|994953,12875,-89870,0,0,0]
[1152985592:-993313,-22442,-103090,0,0,0|999467,-16638,3842,0,0,0|994953,12875,-89870,0,0,0]
[1152990592:-993313,-22442,-103090,0,0,0|999467,-17128,3842,0,0,0|994953,13365,-89870,0,0,0]
[1152995592:-993313,-22442,-103582,0,0,0|999467,-16638,3842,0,0,0|994953,13365,-89870,0,0,0]
[1153000592:-993313,-22442,-103582,0,0,0|999467,-16638,3842,0,0,0|994953,12875,-89870,0,0,0]
[1153005592:-993313,-22442,-103090,0,0,0|999957,-16638,3842,0,0,0|995443,12875,-89870,0,0,0]
[1153010592:-993313,-22442,-103090,0,0,0|999467,-16149,3842,0,0,0|994953,12875,-89870,0,0,0]
[1153015592:-993804,-22932,-103090,0,0,0|999467,-16638,3842,0,0,0|994953,12875,-90361,0,0,0]
[1153020592:-993804,-22932,-103090,0,0,0|999467,-17128,3842,0,0,0|994462,12875,-90853,0,0,0]
[1153025592:-993313,-22932,-103090,0,0,0|999467,-17128,3842,0,0,0|994462,12875,-90853,0,0,0]
[1153030592:-993313,-22932,-103090,0,0,0|999467,-16638,3842,0,0,0|994953,12875,-90361,0,0,0]
[1153035592:-993804,-22932,-103090,0,0,0|999467,-16638,3842,0,0,0|995443,12875,-90361,0,0,0]
[1153040592:-993804,-22932,-103090,0,0,0|999467,-16149,3842,0,0,0|995443,12875,-89870,0,0,0]
[1153045592:-993313,-22932,-102598,0,0,0|999467,-16149,3842,0,0,0|994953,12875,-89870,0,0,0]
[1153050592:-993313,-22932,-103090,0,0,0|999467,-16149,3842,0,0,0|994953,12385,-89870,0,0,0]
[1153055592:-993313,-22442,-103582,0,0,0|999467,-16149,3842,0,0,0|994953,12385,-89870,0,0,0]
[1153060592:-993313,-22442,-103582,0,0,0|999467,-16149,3351,0,0,0|994953,12385,-89870,0,0,0]
[1153065592:-993313,-22932,-103090,0,0,0|999957,-16638,3351,0,0,0|994953,12385,-89870,0,0,0]
[1153070592:-993313,-22932,-103090,0,0,0|999957,-16638,3842,0,0,0|994953,12875,-89870,0,0,0]
[1153075592:-993804,-22932,-103090,0,0,0|999957,-16638,4334,0,0,0|995443,13365,-89870,0,0,0]
[1153080592:-993804,-22932,-103090,0,0,0|999467,-16638,4334,0,0,0|995443,13365,-90361,0,0,0]
[1153085592:-993313,-22932,-103090,0,0,0|999957,-16638,3842,0,0,0|994953,12875,-90853,0,0,0]
[1153090592:-993313,-23421,-103090,0,0,0|999957,-16638,4334,0,0,0|994953,12875,-90853,0,0,0]
[1153095592:-993313,-23421,-103090,0,0,0|999957,-16638,4334,0,0,0|994953,12875,-90361,0,0,0]
[1153100592:-993313,-22932,-103090,0,0,0|999957,-16638,4334,0,0,0|994953,12385,-89870,0,0,0]
[1153105592:-993313,-22932,-103090,0,0,0|999957,-16149,4334,0,0,0|995443,11895,-89870,0,0,0]
[1153110592:-992822,-22932,-103090,0,0,0|999957,-16149,4334,0,0,0|995443,11895,-89378,0,0,0]
[1153115592:-993313,-22442,-103090,0,0,0|999957,-16149,4334,0,0,0|995443,12385,-89378,0,0,0]
[1153120592:-993313,-22442,-102598,0,0,0|999957,-16149,3842,0,0,0|994953,12875,-89870,0,0,0]
[1153125592:-993313,-22442,-102598,0,0,0|999957,-16149,3842,0,0,0|994953,12875,-89870,0,0,0]
[1153130592:-992822,-22442,-103090,0,0,0|999957,-16638,3842,0,0,0|994953,13365,-89870,0,0,0]
[1153135592:-992822,-22932,-103090,0,0,0|999957,-16149,3351,0,0,0|994953,13365,-89870,0,0,0]
[1153140592:-992822,-22932,-102598,0,0,0|999957,-16149,3842,0,0,0|994953,13365,-89870,0,0,0]
[1153145592:-992822,-22932,-102598,0,0,0|999957,-16149,3842,0,0,0|994462,12875,-90361,0,0,0]
[1153150592:-993313,-22932,-103090,0,0,0|999467,-16149,4334,0,0,0|994953,12385,-89870,0,0,0]
[1153155592:-993313,-22932,-103090,0,0,0|999957,-16149,4334,0,0,0|994953,12875,-89870,0,0,0]
[1153160592:-993313,-23421,-103582,0,0,0|999957,-16149,4334,0,0,0|994953,12875,-90361,0,0,0]
[1153165592:-993313,-23421,-103090,0,0,0|999957,-16638,3842,0,0,0|994953,13365,-90361,0,0,0]
[1153170592:-993313,-22932,-103582,0,0,0|999467,-16638,4334,0,0,0|994953,13365,-90361,0,0,0]
[1153175592:-992822,-22932,-103582,0,0,0|999467,-16638,4334,0,0,0|995443,12875,-90361,0,0,0]
[1153180592:-992822,-22932,-103582,0,0,0|999467,-16638,4334,0,0,0|995443,13365,-90361,0,0,0]
[1153185592:-993313,-22442,-103090,0,0,0|999467,-16638,4334,0,0,0|995443,13365,-90361,0,0,0]
[1153190592:-993313,-22932,-102598,0,0,0|999467,-16638,4334,0,0,0|994953,13365,-90361,0,0,0]
[1153195592:-993313,-22932,-103090,0,0,0|999467,-16638,4334,0,0,0|994953,13365,-90361,0,0,0]
[1153200592:-993313,-22932,-103582,0,0,0|999467,-16638,4334,0,0,0|994953,13365,-90361,0,0,0]
[1153205592:-993313,-22932,-103582,0,0,0|999467,-16638,4334,0,0,0|994953,13365,-90361,0,0,0]
[1153210592:-993313,-22932,-103582,0,0,0|999957,-16638,4334,0,0,0|994953,13365,-90853,0,0,0]
[1153215592:-993313,-22932,-103582,0,0,0|999957,-16638,4334,0,0,0|994953,13365,-90853,0,0,0]
[1153220592:-993313,-22932,-103090,0,0,0|999957,-16149,3842,0,0,0|994953,12875,-90361,0,0,0]
[1153225592:-992822,-22932,-103582,0,0,0|999957,-16149,3842,0,0,0|995443,13365,-90361,0,0,0]
[1153230592:-992822,-22442,-103582,0,0,0|999957,-16149,3842,0,0,0|995443,12875,-89870,0,0,0]
[1153235592:-992822,-22932,-103582,0,0,0|999957,-16149,4334,0,0,0|994462,12875,-90361,0,0,0]
[1153240592:-993313,-22932,-103090,0,0,0|999957,-16149,3842,0,0,0|994462,12385,-90853,0,0,0]
[1153245592:-993313,-22932,-103582,0,0,0|1000447,-16638,3842,0,0,0|994462,12385,-90361,0,0,0]
[1153250592:-993313,-22932,-103582,0,0,0|999957,-16638,3351,0,0,0|994462,12385,-90361,0,0,0]
[1153255592:-993313,-22932,-103090,0,0,0|999957,-16638,3351,0,0,0|994953,12875,-90361,0,0,0]
[1153260592:-993313,-22932,-103090,0,0,0|999957,-17128,3351,0,0,0|994953,12875,-90361,0,0,0]
[1153265592:-993313,-22932,-103090,0,0,0|999957,-16638,3842,0,0,0|995443,12875,-90361,0,0,0]
[1153270592:-993313,-22932,-103582,0,0,0|999957,-16638,3842,0,0,0|995443,12875,-90361,0,0,0]
[1153275592:-993313,-22442,-103090,0,0,0|999467,-16149,3842,0,0,0|995443,12385,-90361,0,0,0]
[1153280592:-993313,-22442,-103090,0,0,0|999467,-16638,3842,0,0,0|994953,12385,-89870,0,0,0]
[1153285592:-993313,-22932,-103090,0,0,0|999467,-16149,3842,0,0,0|994953,12385,-89870,0,0,0]
[1153290592:-993313,-22932,-103090,0,0,0|999467,-16149,3842,0,0,0|994953,12385,-89870,0,0,0]
[1153295592:-993313,-22442,-103582,0,0,0|998977,-16149,3842,0,0,0|994953,12385,-89870,0,0,0]
[1153300592:-993313,-22932,-103582,0,0,0|999467,-16149,3842,0,0,0|995443,12385,-89870,0,0,0]
[1153305592:-993313,-22932,-103582,0,0,0|999467,-16638,3842,0,0,0|995443,12875,-89870,0,0,0]
[1153310592:-992822,-22932,-103090,0,0,0|999957,-16149,3842,0,0,0|994953,12875,-90361,0,0,0]
[1153315592:-992822,-22442,-103090,0,0,0|999467,-16149,3842,0,0,0|994953,12875,-90361,0,0,0]
[1153320592:-992822,-22442,-103090,0,0,0|999957,-16149,3842,0,0,0|995443,12385,-90361,0,0,0]
[1153325592:-992822,-22932,-102598,0,0,0|999467,-16638,3842,0,0,0|995443,12385,-90361,0,0,0]
[1153330592:-992822,-22932,-102598,0,0,0|999957,-16638,3842,0,0,0|995443,12385,-90361,0,0,0]
[1153335592:-992822,-22932,-102598,0,0,0|999957,-16638,3842,0,0,0|995443,12875,-90361,0,0,0]
[1153340592:-992822,-22932,-103090,0,0,0|999957,-16638,3351,0,0,0|995443,12875,-90361,0,0,0]
[1153345592:-992822,-22932,-103582,0,0,0|999957,-16149,3351,0,0,0|995443,12875,-90361,0,0,0]
[1153350592:-992822,-22932,-104075,0,0,0|999467,-16149,3351,0,0,0|995443,13365,-90361,0,0,0]
[1153355592:-993313,-23421,-103582,0,0,0|999467,-16149,3842,0,0,0|994953,13365,-89870,0,0,0]
[1153360592:-993313,-23421,-103582,0,0,0|999467,-16638,3842,0,0,0|994953,12875,-89870,0,0,0]
[1153365592:-993804,-22932,-103582,0,0,0|999467,-16638,3842,0,0,0|995443,12875,-89870,0,0,0]
[1153370592:-993804,-22932,-103582,0,0,0|999467,-16638,3842,0,0,0|995443,12875,-89870,0,0,0]
[1153375592:-993804,-22932,-103090,0,0,0|999957,-16638,3842,0,0,0|994953,12875,-89870,0,0,0]
[1153380592:-993804,-22932,-103090,0,0,0|1000447,-16638,4334,0,0,0|994953,12875,-89870,0,0,0]
[1153385592:-993313,-22932,-102598,0,0,0|999957,-16149,4334,0,0,0|994953,12875,-90361,0,0,0]
[1153390592:-992822,-22442,-102598,0,0,0|999957,-16149,3842,0,0,0|994953,13365,-90361,0,0,0]
[1153395592:-992822,-22932,-102598,0,0,0|999467,-15660,3351,0,0,0|995443,12875,-90853,0,0,0]
[1153400592:-992822,-22932,-102598,0,0,0|999467,-16149,3351,0,0,0|995443,12875,-90853,0,0,0]
[1153405592:-993313,-22932,-102598,0,0,0|999467,-16149,3842,0,0,0|994953,12875,-90853,0,0,0]
[1153410592:-993313,-23421,-102598,0,0,0|999467,-16149,3351,0,0,0|994953,12875,-90361,0,0,0]
[1153415592:-993313,-22932,-103090,0,0,0|999467,-16149,3351,0,0,0|994953,12875,-90361,0,0,0]
[1153420592:-993313,-22932,-103090,0,0,0|999467,-16149,3842,0,0,0|994953,12875,-89870,0,0,0]
[1153425592:-993313,-22932,-103090,0,0,0|999957,-16149,4334,0,0,0|994953,13365,-89870,0,0,0]
[1153430592:-993313,-22932,-103090,0,0,0|999467,-16638,4334,0,0,0|994953,13365,-89870,0,0,0]
[1153435592:-993313,-22932,-103090,0,0,0|999957,-16638,4334,0,0,0|994953,13365,-89870,0,0,0]
[1153440592:-993313,-22932,-103090,0,0,0|999957,-16638,4334,0,0,0|995443,12875,-89870,0,0,0]
[1153445592:-993804,-22932,-103090,0,0,0|999957,-16149,4334,0,0,0|995443,12385,-89870,0,0,0]
[1153450592:-993804,-23421,-102598,0,0,0|999957,-16149,4334,0,0,0|995443,12385,-89870,0,0,0]
[1153455592:-993313,-23421,-102598,0,0,0|999957,-16149,3842,0,0,0|994953,12385,-89870,0,0,0]
[1153460592:-992822,-23421,-103090,0,0,0|999467,-16638,3842,0,0,0|994953,12385,-89870,0,0,0]
[1153465592:-992822,-23421,-103090,0,0,0|999467,-16638,3351,0,0,0|994953,12875,-89378,0,0,0]
[1153470592:-993313,-23421,-103582,0,0,0|999957,-16638,3351,0,0,0|995443,12875,-89378,0,0,0]
[1153475592:-993313,-23421,-103582,0,0,0|1000447,-16638,3842,0,0,0|994953,12875,-89870,0,0,0]
[1153480592:-993313,-23421,-103090,0,0,0|1000447,-16638,3842,0,0,0|994953,12875,-89870,0,0,0]
[1153485592:-993313,-23421,-103090,0,0,0|999957,-16638,3842,0,0,0|994953,12875,-89870,0,0,0]
[1153490592:-993313,-22932,-103582,0,0,0|999957,-16638,3842,0,0,0|995443,12875,-90361,0,0,0]
[1153495592:-993313,-22932,-103582,0,0,0|999957,-16149,3842,0,0,0|995443,12875,-90361,0,0,0]
[1153500592:-993313,-22932,-103582,0,0,0|999467,-16149,3842,0,0,0|995443,12875,-90361,0,0,0]
[1153505592:-993313,-22932,-103582,0,0,0|999467,-16638,3842,0,0,0|994953,12385,-90853,0,0,0]
[1153510592:-993313,-22932,-103582,0,0,0|999467,-16638,3842,0,0,0|995443,12385,-90853,0,0,0]
[1153515592:-992822,-22932,-103582,0,0,0|999957,-16638,3842,0,0,0|995443,11895,-90853,0,0,0]
[1153520592:-993313,-22442,-103090,0,0,0|999957,-16638,4334,0,0,0|995443,12385,-90361,0,0,0]
[1153525592:-993313,-22442,-103582,0,0,0|999467,-16638,4334,0,0,0|994953,12875,-90361,0,0,0]
[1153530592:-993313,-22442,-103090,0,0,0|999467,-16638,4334,0,0,0|994953,12875,-90361,0,0,0]
[1153535592:-993313,-22442,-103090,0,0,0|999957,-16638,4334,0,0,0|994953,12875,-90361,0,0,0]
[1153540592:-993313,-22442,-103582,0,0,0|999957,-16638,4334,0,0,0|995443,12875,-89870,0,0,0]
[1153545592:-993313,-22932,-103090,0,0,0|999957,-16149,3842,0,0,0|995443,12875,-89870,0,0,0]
[1153550592:-993313,-22932,-102598,0,0,0|999957,-16149,3351,0,0,0|994953,12875,-89870,0,0,0]
[1153555592:-993313,-23421,-102598,0,0,0|999957,-16149,3351,0,0,0|995443,12875,-89870,0,0,0]
[1153560592:-993313,-22932,-102598,0,0,0|999957,-16149,3351,0,0,0|995933,12385,-89870,0,0,0]
[1153565592:-993313,-22932,-103090,0,0,0|999957,-16149,3351,0,0,0|995933,12385,-89870,0,0,0]
[1153570592:-993804,-22932,-103090,0,0,0|999957,-16149,3842,0,0,0|995933,12875,-89870,0,0,0]
[1153575592:-993804,-23421,-103090,0,0,0|999957,-16149,4334,0,0,0|995443,12875,-90361,0,0,0]
[1153580592:-993804,-22932,-103582,0,0,0|999957,-16638,4334,0,0,0|994953,12875,-90361,0,0,0]
[1153585592:-993804,-22932,-103582,0,0,0|999957,-16638,4334,0,0,0|994953,12875,-90361,0,0,0]
[1153590592:-993313,-22932,-103582,0,0,0|999957,-16638,4334,0,0,0|994953,12875,-89870,0,0,0]
[1153595592:-993313,-22442,-103582,0,0,0|999957,-16638,3842,0,0,0|994953,12875,-89870,0,0,0]
[1153600592:-993313,-22442,-103090,0,0,0|999957,-16638,3842,0,0,0|994953,12875,-89870,0,0,0]
[1153605592:-993313,-22442,-103090,0,0,0|999957,-16638,3842,0,0,0|995443,12875,-89870,0,0,0]
[1153610592:-993313,-22442,-103090,0,0,0|999957,-16149,3842,0,0,0|995443,12875,-89870,0,0,0]
[1153615592:-993313,-22442,-103090,0,0,0|999957,-16149,3351,0,0,0|995443,12875,-89870,0,0,0]
[1153620592:-993313,-22932,-102598,0,0,0|999467,-16638,3351,0,0,0|994953,12875,-90361,0,0,0]
[1153625592:-993313,-22932,-102598,0,0,0|999957,-16638,3842,0,0,0|994953,12875,-90361,0,0,0]
[1153630592:-993313,-22932,-103090,0,0,0|999957,-16149,4334,0,0,0|994953,12875,-89870,0,0,0]
[1153635592:-993313,-22932,-103090,0,0,0|999957,-16149,4334,0,0,0|995443,12875,-89870,0,0,0]
[1153640592:-993313,-22932,-103090,0,0,0|999957,-16149,3842,0,0,0|994953,12875,-89870,0,0,0]
[1153645592:-993313,-22932,-103090,0,0,0|1000447,-16149,3842,0,0,0|995443,12875,-89870,0,0,0]
[1153650592:-993313,-23421,-103090,0,0,0|1000447,-16149,4334,0,0,0|995443,12875,-89870,0,0,0]
[1153655592:-993313,-23421,-103090,0,0,0|1000447,-16149,4334,0,0,0|995933,12875,-89870,0,0,0]
[1153660592:-992822,-23421,-103582,0,0,0|999957,-16149,4334,0,0,0|995933,12875,-89870,0,0,0]
[1153665592:-992822,-23421,-103582,0,0,0|999957,-16149,4334,0,0,0|995443,12875,-89870,0,0,0]
[1153670592:-992822,-23421,-103090,0,0,0|999957,-16149,4334,0,0,0|994953,12875,-90361,0,0,0]
[1153675592:-993313,-22932,-103090,0,0,0|999957,-16149,4334,0,0,0|994953,13365,-89870,0,0,0]
[1153680592:-993313,-22932,-103090,0,0,0|999467,-16149,3842,0,0,0|995443,13365,-89870,0,0,0]
[1153685592:-993313,-22932,-103090,0,0,0|999467,-16149,4334,0,0,0|995443,12875,-89870,0,0,0]
[1153690592:-993313,-22932,-103090,0,0,0|999467,-16149,4334,0,0,0|995443,12875,-90361,0,0,0]
[1153695592:-993313,-23421,-103090,0,0,0|999467,-16638,4334,0,0,0|995443,12385,-90361,0,0,0]
[1153700592:-993313,-23421,-103090,0,0,0|999467,-16638,4334,0,0,0|995443,11895,-90361,0,0,0]
[1153705592:-993313,-22932,-103090,0,0,0|999467,-16638,4334,0,0,0|995443,12385,-90361,0,0,0]
[1153710592:-993313,-22932,-103582,0,0,0|999467,-16638,4334,0,0,0|995443,12385,-90361,0,0,0]
[1153715592:-993313,-22932,-103582,0,0,0|999467,-16149,4334,0,0,0|995443,12875,-90361,0,0,0]
[1153720592:-993313,-22932,-103582,0,0,0|999467,-16149,4334,0,0,0|995443,12875,-90361,0,0,0]
[1153725592:-993313,-22932,-103090,0,0,0|999467,-16149,3842,0,0,0|995443,12875,-89870,0,0,0]
[1153730592:-992822,-22932,-103582,0,0,0|999467,-16149,3842,0,0,0|995933,12875,-89870,0,0,0]
[1153735592:-992822,-22932,-103582,0,0,0|999467,-16149,3842,0,0,0|995443,12875,-90361,0,0,0]
[1153740592:-992822,-22932,-103582,0,0,0|999467,-16149,3842,0,0,0|995443,12875,-90361,0,0,0]
[1153745592:-992822,-22932,-103090,0,0,0|999467,-16149,3842,0,0,0|994953,12875,-90361,0,0,0]
[1153750592:-993313,-23421,-103090,0,0,0|999957,-16149,4334,0,0,0|995443,12875,-90361,0,0,0]
[1153755592:-993313,-23421,-103090,0,0,0|999957,-16149,4334,0,0,0|995443,12875,-90361,0,0,0]
[1153760592:-993313,-23421,-103582,0,0,0|999957,-16149,4334,0,0,0|994953,13365,-90361,0,0,0]
[1153765592:-993313,-22932,-103582,0,0,0|999957,-16149,4334,0,0,0|994953,13365,-90361,0,0,0]
[1153770592:-993313,-22932,-103090,0,0,0|999467,-15660,4334,0,0,0|994953,12875,-90361,0,0,0]
[1153775592:-992822,-22932,-103090,0,0,0|998977,-15660,4334,0,0,0|994953,12875,-90361,0,0,0]
[1153780592:-993313,-22932,-103582,0,0,0|998977,-16149,4334,0,0,0|995443,12875,-90361,0,0,0]
[1153785592:-992822,-22932,-103090,0,0,0|998977,-16638,4334,0,0,0|995443,12875,-90361,0,0,0]
[1153790592:-992822,-22932,-103090,0,0,0|999467,-16638,4826,0,0,0|995443,12875,-90853,0,0,0]
[1153795592:-992822,-22932,-102598,0,0,0|999467,-16638,4826,0,0,0|995443,12875,-90853,0,0,0]
[1153800592:-992822,-22932,-103090,0,0,0|999467,-16638,4826,0,0,0|994953,12875,-90853,0,0,0]
[1153805592:-992822,-22442,-103582,0,0,0|999467,-16149,4334,0,0,0|995443,12875,-90361,0,0,0]
[1153810592:-992822,-22932,-103582,0,0,0|999467,-16149,4334,0,0,0|994953,12875,-90361,0,0,0]
[1153815592:-992822,-22932,-103090,0,0,0|999467,-16149,4334,0,0,0|994953,12385,-90361,0,0,0]
[1153820592:-992822,-23421,-102598,0,0,0|999467,-16149,4334,0,0,0|994953,12385,-90361,0,0,0]
[1153825592:-993313,-22932,-102598,0,0,0|999957,-16149,3842,0,0,0|994953,12385,-90361,0,0,0]
[1153830592:-993313,-22932,-103090,0,0,0|999467,-16149,4334,0,0,0|995443,12385,-90361,0,0,0]
[1153835592:-993313,-22932,-103090,0,0,0|999467,-16149,4334,0,0,0|995443,12875,-89870,0,0,0]
[1153840592:-993313,-22932,-102598,0,0,0|999957,-16638,4334,0,0,0|995443,12875,-89870,0,0,0]
[1153845592:-993313,-22932,-102598,0,0,0|999957,-16638,4334,0,0,0|994953,13365,-89870,0,0,0]
[1153850592:-993313,-22932,-103090,0,0,0|999957,-16149,3842,0,0,0|994953,13365,-89870,0,0,0]
[1153855592:-993313,-22932,-103090,0,0,0|999467,-16149,3842,0,0,0|995443,13855,-90361,0,0,0]
[1153860592:-992822,-22932,-103090,0,0,0|999467,-16149,3842,0,0,0|995443,13365,-90853,0,0,0]
[1153865592:-992822,-22932,-103090,0,0,0|999467,-16149,3842,0,0,0|994953,13365,-90853,0,0,0]
[1153870592:-992822,-22442,-102598,0,0,0|999957,-16149,3842,0,0,0|994953,12875,-90361,0,0,0]
[1153875592:-992822,-22932,-102598,0,0,0|999957,-16638,3842,0,0,0|995443,12875,-90361,0,0,0]
[1153880592:-993313,-22442,-103090,0,0,0|999957,-16149,3842,0,0,0|995443,12875,-89870,0,0,0]
[1153885592:-993313,-22442,-103090,0,0,0|999957,-16149,3842,0,0,0|995443,13365,-89870,0,0,0]
[1153890592:-993313,-22932,-103090,0,0,0|999467,-16149,3842,0,0,0|994953,13365,-89870,0,0,0]
[1153895592:-993313,-22932,-102598,0,0,0|999467,-16149,3842,0,0,0|994953,13365,-89870,0,0,0]
[1153900592:-993313,-22932,-103090,0,0,0|998977,-16149,3842,0,0,0|995443,13365,-89870,0,0,0]
[1153905592:-993313,-22932,-103090,0,0,0|999467,-16149,3842,0,0,0|994953,12875,-89870,0,0,0]
[1153910592:-993313,-22932,-103090,0,0,0|999467,-16149,3842,0,0,0|994953,12875,-89870,0,0,0]
[1153915592:-993313,-22932,-102598,0,0,0|999467,-16149,3842,0,0,0|994462,12875,-89870,0,0,0]
[1153920592:-993313,-22932,-103090,0,0,0|999467,-16638,3842,0,0,0|994953,12875,-89870,0,0,0]
[1153925592:-993313,-22932,-103090,0,0,0|999957,-16638,3842,0,0,0|994953,12875,-89870,0,0,0]
[1153930592:-992822,-23421,-103582,0,0,0|999957,-16638,3842,0,0,0|994953,12875,-90361,0,0,0]
[1153935592:-992822,-23421,-103090,0,0,0|999957,-16638,4334,0,0,0|994462,12875,-90361,0,0,0]
[1153940592:-993313,-23421,-103090,0,0,0|999957,-16638,4334,0,0,0|994462,12875,-90361,0,0,0]
[1153945592:-993313,-22932,-103090,0,0,0|999957,-16638,4826,0,0,0|994953,12875,-89870,0,0,0]
[1153950592:-993313,-22442,-103090,0,0,0|999957,-16638,4826,0,0,0|994953,12875,-89870,0,0,0]
[1153955592:-993313,-22442,-103582,0,0,0|999957,-16638,4334,0,0,0|994462,12875,-89378,0,0,0]
[1153960592:-993313,-22932,-103090,0,0,0|999957,-16638,4826,0,0,0|994462,12875,-89378,0,0,0]
[1153965592:-993313,-22442,-103090,0,0,0|999957,-16638,4826,0,0,0|994462,12875,-89378,0,0,0]
[1153970592:-992822,-22442,-103090,0,0,0|999957,-16638,4334,0,0,0|994953,12875,-89870,0,0,0]
[1153975592:-992822,-22442,-103582,0,0,0|999957,-16638,4334,0,0,0|995443,12875,-89870,0,0,0]
[1153980592:-993313,-22442,-103090,0,0,0|999957,-16638,3842,0,0,0|995443,12875,-90361,0,0,0]
[1153985592:-993313,-22932,-103090,0,0,0|999957,-16638,3842,0,0,0|995443,12875,-90361,0,0,0]
[1153990592:-993313,-22932,-103090,0,0,0|999957,-16638,3842,0,0,0|995443,12385,-89870,0,0,0]
[1153995592:-993313,-22932,-103090,0,0,0|999957,-16149,3842,0,0,0|995443,12385,-89870,0,0,0]
[1154000592:-993804,-22932,-103582,0,0,0|1000447,-16638,3842,0,0,0|995443,12385,-89378,0,0,0]
[1154005592:-993313,-22932,-103582,0,0,0|1000447,-16638,3842,0,0,0|994953,12385,-89870,0,0,0]
[1154010592:-993313,-22932,-103090,0,0,0|999957,-17128,3842,0,0,0|994953,12385,-89870,0,0,0]
[1154015592:-993313,-22932,-103090,0,0,0|999957,-16638,3842,0,0,0|994953,12385,-89870,0,0,0]
[1154020592:-992822,-22932,-103090,0,0,0|999957,-16638,3842,0,0,0|994953,12875,-89378,0,0,0]
[1154025592:-992822,-22932,-103090,0,0,0|999467,-16149,3842,0,0,0|994953,12875,-89378,0,0,0]
[1154030592:-992822,-22932,-102598,0,0,0|999957,-16149,3842,0,0,0|994953,12875,-89870,0,0,0]
[1154035592:-992822,-22932,-102598,0,0,0|999957,-16149,3842,0,0,0|994953,12385,-89870,0,0,0]
[1154040592:-993313,-22932,-103090,0,0,0|1000447,-16149,3842,0,0,0|994953,12385,-89870,0,0,0]
[1154045592:-992822,-22932,-103090,0,0,0|1000447,-16149,3842,0,0,0|994953,12385,-90361,0,0,0]
[1154050592:-993313,-22932,-103582,0,0,0|1000447,-16149,3842,0,0,0|994953,12385,-90361,0,0,0]
[1154055592:-993313,-22932,-103582,0,0,0|1000447,-16149,4334,0,0,0|994462,12385,-90853,0,0,0]
[1154060592:-993313,-22932,-103090,0,0,0|1000447,-16149,4334,0,0,0|994462,12385,-90853,0,0,0]
[1154065592:-993313,-22932,-103582,0,0,0|1000447,-16638,3842,0,0,0|994462,12385,-90853,0,0,0]
[1154070592:-993313,-22932,-103582,0,0,0|999957,-16638,3842,0,0,0|994953,12385,-90361,0,0,0]
[1154075592:-993313,-22932,-103582,0,0,0|999957,-16149,3842,0,0,0|994953,12875,-90361,0,0,0]
[1154080592:-993313,-22932,-103582,0,0,0|999957,-16149,3842,0,0,0|994953,12875,-89870,0,0,0]
[1154085592:-993313,-22932,-103090,0,0,0|999957,-16149,3842,0,0,0|994953,12875,-89870,0,0,0]
[1154090592:-993313,-22932,-103090,0,0,0|999957,-16149,3842,0,0,0|994953,12385,-89870,0,0,0]
[1154095592:-993313,-22932,-103090,0,0,0|999957,-16149,3842,0,0,0|995443,12385,-89870,0,0,0]
[1154100592:-992822,-22932,-102598,0,0,0|999957,-16149,3842,0,0,0|994953,12385,-90361,0,0,0]
[1154105592:-992822,-22932,-102598,0,0,0|1000447,-16149,3842,0,0,0|994953,12385,-90361,0,0,0]
[1154110592:-993313,-22932,-102598,0,0,0|999957,-16149,4334,0,0,0|994953,12385,-90361,0,0,0]
[1154115592:-993313,-22932,-103090,0,0,0|999957,-16149,4334,0,0,0|994953,12385,-90361,0,0,0]
[1154120592:-993313,-22932,-103582,0,0,0|999957,-16149,4334,0,0,0|994953,12385,-90361,0,0,0]
[1154125592:-993313,-22932,-103090,0,0,0|999957,-16149,4334,0,0,0|994953,12875,-90361,0,0,0]
[1154130592:-993804,-23421,-103090,0,0,0|999957,-15660,4334,0,0,0|994953,12875,-89870,0,0,0]
[1154135592:-993804,-23421,-103090,0,0,0|999467,-16149,3842,0,0,0|994953,12875,-89870,0,0,0]
[1154140592:-993313,-23421,-103090,0,0,0|999467,-16149,3842,0,0,0|994953,12875,-89870,0,0,0]
[1154145592:-993313,-22932,-103090,0,0,0|999467,-16149,3842,0,0,0|994953,12875,-90361,0,0,0]
[1154150592:-992822,-22932,-103090,0,0,0|999467,-16638,3351,0,0,0|994953,12875,-90361,0,0,0]
[1154155592:-992822,-22932,-102598,0,0,0|999957,-16638,3351,0,0,0|994953,12385,-90361,0,0,0]
[1154160592:-992822,-22932,-102598,0,0,0|999957,-16638,3351,0,0,0|994953,12385,-90361,0,0,0]
[1154165592:-992822,-22932,-103090,0,0,0|999957,-16638,3351,0,0,0|995443,12385,-89870,0,0,0]
[1154170592:-993313,-22932,-103090,0,0,0|999957,-16638,3351,0,0,0|994953,12385,-89870,0,0,0]
[1154175592:-993313,-22932,-103090,0,0,0|999467,-16638,3351,0,0,0|994953,12875,-89870,0,0,0]
[1154180592:-993313,-22932,-103090,0,0,0|999467,-16638,3842,0,0,0|994953,12875,-89870,0,0,0]
[1154185592:-993313,-22442,-103090,0,0,0|999467,-16638,3842,0,0,0|994953,12385,-89870,0,0,0]
[1154190592:-992822,-22442,-103582,0,0,0|999467,-16638,3842,0,0,0|995443,12385,-89870,0,0,0]
[1154195592:-992822,-22442,-103582,0,0,0|999467,-17128,4334,0,0,0|995443,12875,-89870,0,0,0]
[1154200592:-992822,-22442,-103582,0,0,0|999467,-17128,4334,0,0,0|994953,12875,-89870,0,0,0]
[1154205592:-992822,-22932,-103090,0,0,0|999467,-17128,4334,0,0,0|994462,12875,-89870,0,0,0]
[1154210592:-992822,-22932,-103090,0,0,0|999467,-16638,3842,0,0,0|994462,12385,-90361,0,0,0]
[1154215592:-992822,-22932,-103090,0,0,0|999957,-16638,3842,0,0,0|994953,12385,-90361,0,0,0]
[1154220592:-993313,-22932,-103582,0,0,0|999957,-16149,3842,0,0,0|994953,12875,-89870,0,0,0]
[1154225592:-993313,-22932,-103582,0,0,0|999957,-16149,3842,0,0,0|994953,12875,-89870,0,0,0]
[1154230592:-993804,-22932,-103090,0,0,0|999957,-15660,3842,0,0,0|994953,12875,-89870,0,0,0]
[1154235592:-993313,-22442,-103090,0,0,0|999957,-16149,3842,0,0,0|994953,12875,-89870,0,0,0]
[1154240592:-993313,-22932,-103582,0,0,0|999467,-16149,4334,0,0,0|994953,12875,-90361,0,0,0]
[1154245592:-992822,-22932,-103582,0,0,0|999467,-16638,4334,0,0,0|994953,12385,-90361,0,0,0]
[1154250592:-992822,-22932,-103090,0,0,0|999467,-16638,3842,0,0,0|994953,12385,-90853,0,0,0]
[1154255592:-992822,-22932,-103090,0,0,0|999467,-16638,3842,0,0,0|994953,11895,-90853,0,0,0]
[1154260592:-993313,-22932,-103090,0,0,0|999467,-16638,3842,0,0,0|994953,11895,-90361,0,0,0]
[1154265592:-993313,-22932,-103090,0,0,0|999957,-16638,3842,0,0,0|994953,12385,-90361,0,0,0]
[1154270592:-993313,-22932,-103090,0,0,0|999957,-16638,3842,0,0,0|994953,12385,-90361,0,0,0]
[1154275592:-993313,-22932,-102598,0,0,0|999957,-16149,3842,0,0,0|994953,12385,-90361,0,0,0]
[1154280592:-993313,-23421,-103090,0,0,0|999957,-16638,3842,0,0,0|995443,12385,-89870,0,0,0]
[1154285592:-993313,-22932,-103582,0,0,0|999957,-16638,3842,0,0,0|995933,12385,-89870,0,0,0]
[1154290592:-993313,-23421,-103090,0,0,0|999957,-16638,3842,0,0,0|995933,12385,-89870,0,0,0]
[1154295592:-993313,-23421,-103090,0,0,0|999957,-16638,3842,0,0,0|995443,12385,-90361,0,0,0]
[1154300592:-993313,-23421,-103090,0,0,0|1000447,-16638,3842,0,0,0|994953,12875,-90361,0,0,0]
[1154305592:-993313,-22932,-103090,0,0,0|999957,-17128,3842,0,0,0|994953,12875,-90361,0,0,0]
[1154310592:-993313,-22932,-103090,0,0,0|999467,-16638,3351,0,0,0|994953,12875,-90361,0,0,0]
[1154315592:-993313,-22932,-102598,0,0,0|998977,-16638,3351,0,0,0|994953,12385,-90361,0,0,0]
[1154320592:-993313,-22932,-102598,0,0,0|998977,-16638,3351,0,0,0|994953,12385,-90361,0,0,0]
[1154325592:-993313,-22932,-103090,0,0,0|999467,-16638,3351,0,0,0|994953,12385,-90361,0,0,0]
[1154330592:-993313,-22932,-103090,0,0,0|999467,-16149,3842,0,0,0|995443,12385,-90361,0,0,0]
[1154335592:-993313,-22932,-103582,0,0,0|999467,-16638,3842,0,0,0|995443,12385,-89870,0,0,0]
[1154340592:-993313,-22932,-103582,0,0,0|999467,-16638,3842,0,0,0|994953,12385,-89870,0,0,0]
[1154345592:-993313,-23421,-103090,0,0,0|999467,-16638,3842,0,0,0|994953,12875,-89870,0,0,0]
[1154350592:-992822,-22932,-103090,0,0,0|999467,-16638,3842,0,0,0|994953,12875,-89870,0,0,0]
[1154355592:-992822,-22932,-103090,0,0,0|999467,-16149,4334,0,0,0|995443,12875,-89870,0,0,0]
[1154360592:-992822,-22932,-103090,0,0,0|999467,-16149,3842,0,0,0|995443,13365,-89870,0,0,0]
[1154365592:-992822,-22932,-103090,0,0,0|999467,-16149,3842,0,0,0|995443,13365,-89870,0,0,0]
[1154370592:-992822,-22932,-103090,0,0,0|999467,-16149,3842,0,0,0|994953,12875,-89870,0,0,0]
[1154375592:-993313,-22932,-103090,0,0,0|999467,-16149,3842,0,0,0|994953,12875,-89870,0,0,0]
[1154380592:-993313,-22932,-103582,0,0,0|999467,-15660,4334,0,0,0|995443,12385,-89378,0,0,0]
[1154385592:-993313,-22932,-103582,0,0,0|999957,-15660,4334,0,0,0|995443,12385,-89870,0,0,0]
[1154390592:-993313,-22932,-103090,0,0,0|999957,-16149,4334,0,0,0|995443,12385,-89870,0,0,0]
[1154395592:-992822,-22932,-102598,0,0,0|999957,-16149,4334,0,0,0|995443,12385,-90361,0,0,0]
[1154400592:-992822,-22932,-103090,0,0,0|999957,-16149,3842,0,0,0|995443,12875,-90361,0,0,0]
[1154405592:-992822,-22932,-103090,0,0,0|999957,-16638,3842,0,0,0|995443,12875,-89870,0,0,0]
[1154410592:-992822,-22932,-103582,0,0,0|999467,-16638,3842,0,0,0|995443,12875,-89870,0,0,0]
[1154415592:-993313,-22932,-103582,0,0,0|999467,-16638,4334,0,0,0|994953,12875,-89870,0,0,0]
[1154420592:-993313,-22932,-103582,0,0,0|999467,-16638,4334,0,0,0|994953,12875,-90361,0,0,0]
[1154425592:-993313,-22932,-103582,0,0,0|999467,-16638,4334,0,0,0|994953,12385,-90361,0,0,0]
[1154430592:-993313,-23421,-103582,0,0,0|999957,-16638,3842,0,0,0|994953,12385,-90361,0,0,0]
[1154435592:-992822,-23421,-103090,0,0,0|999467,-16149,3842,0,0,0|994953,12875,-89870,0,0,0]
[1154440592:-992822,-23421,-103090,0,0,0|999467,-16149,3842,0,0,0|994462,12385,-89870,0,0,0]
[1154445592:-992822,-23421,-103090,0,0,0|998977,-16149,3842,0,0,0|994462,12385,-89870,0,0,0]
[1154450592:-992822,-23421,-103090,0,0,0|999467,-16149,3842,0,0,0|994462,12385,-89870,0,0,0]
[1154455592:-993313,-22932,-103090,0,0,0|999467,-16149,3842,0,0,0|994953,12875,-89378,0,0,0]
[1154460592:-993313,-22932,-102598,0,0,0|999957,-16149,3842,0,0,0|995443,12875,-89870,0,0,0]
[1154465592:-992822,-22932,-102598,0,0,0|1000447,-16149,3842,0,0,0|995443,12875,-89870,0,0,0]
[1154470592:-992822,-22442,-103090,0,0,0|999957,-16638,3842,0,0,0|994953,12875,-90361,0,0,0]
[1154475592:-992822,-22442,-103090,0,0,0|999957,-16638,4334,0,0,0|994953,12875,-90361,0,0,0]
[1154480592:-992822,-22442,-103582,0,0,0|999467,-16638,4334,0,0,0|994953,12875,-90361,0,0,0]
[1154485592:-992822,-22442,-103090,0,0,0|999957,-16638,4826,0,0,0|994953,12875,-90361,0,0,0]
[1154490592:-992822,-22442,-103090,0,0,0|999957,-16638,4826,0,0,0|994953,12875,-90361,0,0,0]
[1154495592:-992822,-22932,-103090,0,0,0|999957,-16638,4334,0,0,0|994953,12875,-89870,0,0,0]
[1154500592:-993313,-22932,-103090,0,0,0|999957,-16638,4334,0,0,0|994953,12385,-89870,0,0,0]
[1154505592:-993313,-22932,-103090,0,0,0|999957,-16638,3842,0,0,0|994953,12385,-89870,0,0,0]
[1154510592:-993313,-23421,-103090,0,0,0|999957,-16638,4334,0,0,0|994953,12385,-89870,0,0,0]
[1154515592:-993313,-23421,-103090,0,0,0|999957,-16638,4334,0,0,0|994953,12385,-90361,0,0,0]
[1154520592:-993313,-23421,-103090,0,0,0|999957,-16638,3842,0,0,0|994953,12385,-90853,0,0,0]
[1154525592:-992822,-23421,-103090,0,0,0|999467,-16149,3351,0,0,0|994953,12385,-90853,0,0,0]
[1154530592:-992822,-23421,-103582,0,0,0|999467,-16149,3351,0,0,0|994953,12385,-90361,0,0,0]
[1154535592:-993313,-23421,-103090,0,0,0|999957,-16638,3351,0,0,0|994953,12875,-90361,0,0,0]
[1154540592:-992822,-22932,-102598,0,0,0|999957,-16638,3842,0,0,0|994953,12875,-90361,0,0,0]
[1154545592:-992822,-22442,-102598,0,0,0|999467,-16149,3842,0,0,0|994953,12385,-90361,0,0,0]
[1154550592:-992822,-22442,-103090,0,0,0|999957,-16149,3842,0,0,0|994953,12875,-90361,0,0,0]
[1154555592:-992822,-22442,-103090,0,0,0|999957,-16149,4334,0,0,0|994953,12875,-90361,0,0,0]
[1154560592:-992822,-22932,-103090,0,0,0|999957,-16149,4334,0,0,0|994462,12875,-90361,0,0,0]
[1154565592:-992822,-22932,-103090,0,0,0|999957,-16149,4334,0,0,0|994462,13365,-90361,0,0,0]
[1154570592:-992822,-22932,-103582,0,0,0|999957,-16149,4334,0,0,0|994462,13365,-90361,0,0,0]
[1154575592:-992822,-22932,-103582,0,0,0|999957,-16149,4334,0,0,0|994953,13365,-90361,0,0,0]
[1154580592:-992822,-22932,-103090,0,0,0|999957,-16638,3842,0,0,0|994953,13365,-90361,0,0,0]
[1154585592:-992822,-22442,-103090,0,0,0|1000447,-16638,3842,0,0,0|994953,12875,-90361,0,0,0]
[1154590592:-992822,-22442,-103090,0,0,0|1000447,-16638,3842,0,0,0|994462,12875,-89870,0,0,0]
[1154595592:-992822,-22442,-103090,0,0,0|1000447,-16638,3842,0,0,0|994953,12875,-89870,0,0,0]
[1154600592:-993313,-22932,-103090,0,0,0|999957,-16638,3842,0,0,0|995443,13365,-89870,0,0,0]
[1154605592:-993313,-22932,-103090,0,0,0|999957,-16638,4334,0,0,0|995443,13365,-90361,0,0,0]
[1154610592:-993313,-22932,-103090,0,0,0|999957,-16638,4334,0,0,0|994953,13365,-90853,0,0,0]
[1154615592:-993313,-22932,-103090,0,0,0|999957,-16638,4334,0,0,0|994953,13365,-90853,0,0,0]
[1154620592:-993313,-22932,-103090,0,0,0|999957,-16149,4334,0,0,0|994953,12875,-90361,0,0,0]
[1154625592:-993313,-22932,-103090,0,0,0|999957,-16149,3842,0,0,0|995443,12875,-89870,0,0,0]
[1154630592:-993313,-23421,-103090,0,0,0|999957,-16149,3842,0,0,0|995443,12385,-90361,0,0,0]
[1154635592:-993313,-23421,-103090,0,0,0|999957,-16149,3351,0,0,0|994953,12385,-89870,0,0,0]
[1154640592:-993313,-23421,-103582,0,0,0|999957,-16149,3351,0,0,0|994462,12385,-89870,0,0,0]
[1154645592:-993313,-23421,-103582,0,0,0|999957,-16149,3351,0,0,0|994953,12385,-89870,0,0,0]
[1154650592:-992822,-22932,-103090,0,0,0|999957,-15660,3842,0,0,0|995443,12385,-89870,0,0,0]
[1154655592:-992822,-23421,-103090,0,0,0|999957,-16149,3842,0,0,0|995443,12385,-89870,0,0,0]
[1154660592:-993313,-23421,-103090,0,0,0|999957,-16149,3842,0,0,0|994953,12385,-89870,0,0,0]
[1154665592:-993313,-23421,-103090,0,0,0|999957,-16149,3842,0,0,0|994953,12875,-89870,0,0,0]
[1154670592:-992822,-22932,-103582,0,0,0|999957,-16149,3842,0,0,0|994953,12385,-90361,0,0,0]
[1154675592:-993313,-22932,-103582,0,0,0|999957,-16149,4334,0,0,0|995443,12385,-90361,0,0,0]
[1154680592:-993313,-22932,-103582,0,0,0|999957,-16149,4334,0,0,0|995443,12385,-90361,0,0,0]
[1154685592:-993313,-22932,-103090,0,0,0|999957,-16149,4334,0,0,0|994953,12385,-90361,0,0,0]
[1154690592:-993313,-22932,-103090,0,0,0|999467,-16149,4334,0,0,0|994953,12385,-90361,0,0,0]
[1154695592:-993313,-23421,-103090,0,0,0|999957,-16149,4334,0,0,0|994953,12385,-90361,0,0,0]
[1154700592:-993804,-23421,-103090,0,0,0|999957,-16149,4334,0,0,0|995443,12385,-90853,0,0,0]
[1154705592:-993804,-23421,-103090,0,0,0|999957,-16149,4334,0,0,0|994953,12875,-90361,0,0,0]
[1154710592:-993313,-22932,-102598,0,0,0|999957,-16149,4334,0,0,0|994953,12875,-90361,0,0,0]
[1154715592:-993313,-22932,-103090,0,0,0|999957,-16638,4334,0,0,0|994953,12875,-90361,0,0,0]
[1154720592:-993313,-22932,-103090,0,0,0|999957,-16638,4826,0,0,0|995443,12875,-90361,0,0,0]
[1154725592:-993313,-22932,-103582,0,0,0|999957,-16638,4826,0,0,0|995443,12875,-90361,0,0,0]
[1154730592:-993313,-22932,-103090,0,0,0|999957,-16638,4334,0,0,0|994953,13365,-90853,0,0,0]
[1154735592:-992822,-22932,-103090,0,0,0|999467,-16638,4334,0,0,0|994953,12875,-90853,0,0,0]
[1154740592:-992822,-22932,-103090,0,0,0|999957,-16638,3842,0,0,0|994953,12875,-90853,0,0,0]
[1154745592:-993313,-22442,-103090,0,0,0|999957,-16638,3842,0,0,0|995443,12385,-90853,0,0,0]
[1154750592:-993313,-21952,-103582,0,0,0|999957,-16638,3351,0,0,0|995443,12875,-90361,0,0,0]
[1154755592:-993313,-21952,-103582,0,0,0|999957,-16638,3842,0,0,0|994953,12875,-90361,0,0,0]
[1154760592:-993313,-21952,-103582,0,0,0|999957,-16149,3842,0,0,0|994953,12875,-90361,0,0,0]
[1154765592:-993313,-22442,-103582,0,0,0|999957,-16149,3842,0,0,0|994953,12875,-90361,0,0,0]
[1154770592:-993313,-22442,-103582,0,0,0|999957,-16149,3842,0,0,0|995443,12875,-89870,0,0,0]
[1154775592:-993313,-22932,-103582,0,0,0|999957,-16149,4334,0,0,0|995443,12875,-89870,0,0,0]
[1154780592:-993313,-23421,-103582,0,0,0|999957,-16149,4334,0,0,0|994953,12385,-90361,0,0,0]
[1154785592:-993313,-23421,-104075,0,0,0|999957,-16638,4334,0,0,0|995443,12385,-90361,0,0,0]
[1154790592:-992822,-22932,-104075,0,0,0|999957,-16638,4334,0,0,0|995443,12385,-90361,0,0,0]
[1154795592:-993313,-22932,-104075,0,0,0|999957,-16638,4334,0,0,0|995933,12385,-90361,0,0,0]
[1154800592:-993313,-22932,-103582,0,0,0|999957,-17128,3842,0,0,0|995443,12875,-90361,0,0,0]
[1154805592:-992822,-22932,-103090,0,0,0|999957,-17128,3842,0,0,0|994953,12875,-90361,0,0,0]
[1154810592:-993313,-22932,-103090,0,0,0|999957,-16638,3842,0,0,0|994953,12875,-90361,0,0,0]
[1154815592:-992822,-22932,-103582,0,0,0|999957,-16638,3842,0,0,0|994953,12875,-90361,0,0,0]
[1154820592:-992822,-22932,-103582,0,0,0|999957,-16638,3842,0,0,0|994953,12875,-89870,0,0,0]
[1154825592:-992822,-22932,-103090,0,0,0|999957,-16638,3842,0,0,0|994462,12875,-89870,0,0,0]
[1154830592:-992822,-22932,-103090,0,0,0|999467,-16638,3842,0,0,0|994462,12875,-89870,0,0,0]
[1154835592:-992822,-23421,-103090,0,0,0|999467,-16638,3842,0,0,0|994953,12385,-89870,0,0,0]
[1154840592:-992822,-23421,-103582,0,0,0|999467,-16638,3351,0,0,0|995443,12385,-89378,0,0,0]
[1154845592:-992822,-23421,-103090,0,0,0|999467,-16638,3351,0,0,0|995443,12385,-89378,0,0,0]
[1154850592:-993313,-23421,-103090,0,0,0|999467,-16638,3842,0,0,0|994953,12385,-89870,0,0,0]
[1154855592:-993313,-23421,-103090,0,0,0|999467,-16149,3842,0,0,0|994953,12875,-89870,0,0,0]
[1154860592:-993313,-23421,-103090,0,0,0|999467,-16149,3842,0,0,0|994953,12875,-89870,0,0,0]
[1154865592:-993313,-22932,-103090,0,0,0|999467,-16149,3842,0,0,0|994953,12385,-89870,0,0,0]
[1154870592:-993313,-22932,-102598,0,0,0|999467,-16149,4334,0,0,0|994953,12385,-89870,0,0,0]
[1154875592:-993313,-22932,-102598,0,0,0|999467,-16149,4334,0,0,0|994953,12875,-90361,0,0,0]
[1154880592:-993313,-22442,-102598,0,0,0|999957,-16149,4334,0,0,0|994953,12875,-90361,0,0,0]
[1154885592:-992822,-22442,-103090,0,0,0|999957,-16149,4334,0,0,0|994953,12875,-90361,0,0,0]
[1154890592:-992822,-22932,-103090,0,0,0|999957,-16149,3842,0,0,0|995443,12875,-89870,0,0,0]
[1154895592:-992822,-22932,-103582,0,0,0|999957,-16149,3842,0,0,0|995443,12875,-90361,0,0,0]
[1154900592:-992822,-22932,-103582,0,0,0|999467,-16149,3842,0,0,0|995443,12875,-90361,0,0,0]
[1154905592:-992822,-22932,-103582,0,0,0|999467,-16149,3351,0,0,0|994953,12875,-90853,0,0,0]
[1154910592:-993313,-22932,-103582,0,0,0|999957,-16149,3351,0,0,0|994953,13365,-90853,0,0,0]
[1154915592:-992822,-22932,-103090,0,0,0|999957,-16149,3351,0,0,0|994953,13365,-90853,0,0,0]
[1154920592:-992822,-22442,-103090,0,0,0|1000447,-16149,3842,0,0,0|994953,13365,-90853,0,0,0]
[1154925592:-992822,-22442,-103090,0,0,0|1000447,-16149,4334,0,0,0|994462,13365,-90853,0,0,0]
[1154930592:-992822,-22442,-103090,0,0,0|999957,-16149,4334,0,0,0|994462,13365,-90853,0,0,0]
[1154935592:-992822,-22932,-103582,0,0,0|1000447,-16149,4334,0,0,0|994953,12875,-90853,0,0,0]
[1154940592:-992822,-22932,-103582,0,0,0|1000447,-16149,4334,0,0,0|995443,12385,-90853,0,0,0]
[1154945592:-992822,-23421,-103090,0,0,0|999957,-16149,4334,0,0,0|995443,12385,-90853,0,0,0]
[1154950592:-993313,-23421,-102598,0,0,0|999957,-16149,4826,0,0,0|995443,12385,-90853,0,0,0]
[1154955592:-993313,-22932,-102598,0,0,0|999957,-16149,4826,0,0,0|994953,12385,-90361,0,0,0]
[1154960592:-993313,-22932,-103090,0,0,0|999467,-16149,4826,0,0,0|995443,12385,-90361,0,0,0]
[1154965592:-993313,-22932,-103090,0,0,0|999467,-16149,4826,0,0,0|995443,12875,-89870,0,0,0]
[1154970592:-993804,-22932,-103090,0,0,0|999467,-16149,4334,0,0,0|995443,12385,-89870,0,0,0]
[1154975592:-993313,-22932,-103090,0,0,0|999467,-16149,3842,0,0,0|994953,12385,-89378,0,0,0]
[1154980592:-993313,-22932,-103582,0,0,0|999467,-16638,3842,0,0,0|995443,12385,-89378,0,0,0]
[1154985592:-992822,-22932,-103582,0,0,0|999467,-16638,3842,0,0,0|995443,12385,-89378,0,0,0]
[1154990592:-992822,-22932,-104075,0,0,0|999467,-16149,4334,0,0,0|995443,12385,-89870,0,0,0]
[1154995592:-992822,-23421,-104075,0,0,0|999467,-16149,4334,0,0,0|995443,12875,-90361,0,0,0]
[1155000592:-992822,-23421,-104075,0,0,0|999957,-16149,3842,0,0,0|995443,12875,-90361,0,0,0]
[1155005592:-992822,-22932,-104075,0,0,0|999957,-16149,3842,0,0,0|995443,12875,-90361,0,0,0]
[1155010592:-992822,-22932,-104075,0,0,0|999957,-16149,3842,0,0,0|995443,12875,-90361,0,0,0]
[1155015592:-993313,-22932,-103582,0,0,0|999467,-16149,4334,0,0,0|994953,13365,-90361,0,0,0]
[1155020592:-993313,-22932,-103090,0,0,0|999467,-16149,4334,0,0,0|994953,13365,-89870,0,0,0]
[1155025592:-993313,-22932,-103090,0,0,0|999467,-15660,4826,0,0,0|994953,12875,-89870,0,0,0]
[1155030592:-993313,-22932,-103090,0,0,0|999467,-16149,4826,0,0,0|995443,12875,-89870,0,0,0]
[1155035592:-993313,-22932,-103090,0,0,0|999957,-16149,4334,0,0,0|995443,13365,-89870,0,0,0]
[1155040592:-993313,-23421,-103090,0,0,0|999467,-16149,4334,0,0,0|995443,12875,-89870,0,0,0]
[1155045592:-993313,-23421,-102598,0,0,0|999467,-16149,4334,0,0,0|995443,12875,-90361,0,0,0]
[1155050592:-993313,-23421,-102598,0,0,0|999467,-16638,4334,0,0,0|995443,12875,-90361,0,0,0]
[1155055592:-993313,-22932,-103090,0,0,0|999467,-16638,4334,0,0,0|995443,12385,-89870,0,0,0]
[1155060592:-992822,-22932,-103090,0,0,0|999957,-16638,4334,0,0,0|995443,12875,-90361,0,0,0]
[1155065592:-992822,-22932,-102598,0,0,0|999957,-16638,4334,0,0,0|995443,12875,-90361,0,0,0]
[1155070592:-992822,-22932,-102598,0,0,0|999957,-16149,3842,0,0,0|994953,12875,-90853,0,0,0]
[1155075592:-992822,-22932,-102598,0,0,0|999467,-16149,3842,0,0,0|994953,12875,-90853,0,0,0]
[1155080592:-992822,-22932,-103090,0,0,0|999467,-16149,3842,0,0,0|994953,12385,-90853,0,0,0]
[1155085592:-992822,-23421,-103090,0,0,0|999467,-16638,3842,0,0,0|994953,12385,-90853,0,0,0]
[1155090592:-992822,-23421,-103582,0,0,0|999957,-16638,4334,0,0,0|994953,12385,-90361,0,0,0]
[1155095592:-993313,-22932,-103090,0,0,0|999957,-17128,4334,0,0,0|994953,12385,-89870,0,0,0]
[1155100592:-993313,-22932,-103090,0,0,0|1000447,-17128,3842,0,0,0|995443,12385,-89870,0,0,0]
[1155105592:-993804,-22442,-103582,0,0,0|1000938,-17128,3842,0,0,0|995443,12875,-89870,0,0,0]
[1155110592:-993313,-22442,-103582,0,0,0|1000938,-16638,3842,0,0,0|995443,13365,-90361,0,0,0]
[1155115592:-993313,-22442,-103582,0,0,0|1000447,-16638,3842,0,0,0|995443,13365,-90361,0,0,0]
[1155120592:-992822,-22442,-103582,0,0,0|999957,-16149,3842,0,0,0|994953,13365,-90361,0,0,0]
[1155125592:-992822,-22442,-103090,0,0,0|999957,-16149,3842,0,0,0|995443,13365,-89870,0,0,0]
[1155130592:-992822,-22932,-103090,0,0,0|999957,-16149,3842,0,0,0|995443,12875,-89870,0,0,0]
[1155135592:-993313,-23421,-103090,0,0,0|999957,-16149,3842,0,0,0|995443,12385,-89870,0,0,0]
[1155140592:-993313,-23911,-102598,0,0,0|999467,-16149,4334,0,0,0|994953,12385,-89870,0,0,0]
[1155145592:-993313,-23911,-102598,0,0,0|999467,-16149,4334,0,0,0|994953,12385,-89870,0,0,0]
[1155150592:-993313,-23421,-103090,0,0,0|999467,-16149,4334,0,0,0|994953,11895,-89870,0,0,0]
[1155155592:-993313,-23421,-103582,0,0,0|999957,-15660,4334,0,0,0|994953,12385,-89870,0,0,0]
[1155160592:-993313,-23421,-103582,0,0,0|999957,-15660,4826,0,0,0|994953,12385,-89870,0,0,0]
[1155165592:-993313,-22932,-103090,0,0,0|1000447,-15660,4826,0,0,0|994953,12875,-90361,0,0,0]
[1155170592:-992822,-22932,-103090,0,0,0|1000447,-16149,4826,0,0,0|994462,12875,-90361,0,0,0]
[1155175592:-992822,-22442,-103090,0,0,0|999957,-15660,4826,0,0,0|994462,12875,-90361,0,0,0]
[1155180592:-992822,-22442,-103090,0,0,0|999467,-16149,4826,0,0,0|994953,12875,-90361,0,0,0]
[1155185592:-992822,-22932,-103090,0,0,0|999467,-16149,4826,0,0,0|994953,12875,-90361,0,0,0]
[1155190592:-992822,-22442,-103090,0,0,0|999467,-16638,4826,0,0,0|994953,12875,-90361,0,0,0]
[1155195592:-993313,-22442,-103090,0,0,0|999467,-16638,4334,0,0,0|995443,12875,-90361,0,0,0]
[1155200592:-993313,-22442,-103582,0,0,0|999467,-17128,4334,0,0,0|995933,12875,-90361,0,0,0]
[1155205592:-992822,-22442,-104075,0,0,0|999467,-17128,4334,0,0,0|995933,12875,-90361,0,0,0]
[1155210592:-992822,-22932,-103582,0,0,0|999467,-16638,3842,0,0,0|995443,12875,-90361,0,0,0]
[1155215592:-992822,-22932,-103582,0,0,0|999467,-16638,3842,0,0,0|994953,12875,-89870,0,0,0]
[1155220592:-992822,-22932,-103582,0,0,0|999957,-16638,3351,0,0,0|994953,12875,-89870,0,0,0]
[1155225592:-992822,-22932,-103582,0,0,0|999957,-16638,3842,0,0,0|994953,12875,-89870,0,0,0]
[1155230592:-992822,-22932,-103090,0,0,0|999957,-16638,3842,0,0,0|994953,12875,-89870,0,0,0]
[1155235592:-992331,-22932,-103090,0,0,0|999467,-16149,3842,0,0,0|994953,13365,-89870,0,0,0]
[1155240592:-992331,-22932,-103090,0,0,0|999467,-16149,3842,0,0,0|994462,12875,-90361,0,0,0]
[1155245592:-992822,-22932,-102598,0,0,0|999467,-16149,3842,0,0,0|994462,12875,-90361,0,0,0]
[1155250592:-993313,-22932,-103090,0,0,0|999467,-16149,3842,0,0,0|994953,12875,-90361,0,0,0]
[1155255592:-993313,-22932,-103090,0,0,0|999957,-16149,3842,0,0,0|994462,12875,-90361,0,0,0]
[1155260592:-993804,-23421,-103090,0,0,0|999957,-16149,4334,0,0,0|994462,12875,-90361,0,0,0]
[1155265592:-993313,-23421,-103090,0,0,0|999467,-16149,3842,0,0,0|994953,12875,-90361,0,0,0]
[1155270592:-993313,-23421,-103090,0,0,0|999467,-16149,3351,0,0,0|994953,12875,-90361,0,0,0]
[1155275592:-992822,-23421,-103582,0,0,0|999467,-16149,3842,0,0,0|995443,12875,-90361,0,0,0]
[1155280592:-992822,-23421,-104075,0,0,0|999467,-16149,3842,0,0,0|995443,12875,-90361,0,0,0]
[1155285592:-992822,-22932,-103582,0,0,0|999957,-16149,3842,0,0,0|994953,12875,-90361,0,0,0]
[1155290592:-992822,-22932,-103582,0,0,0|999957,-16149,3351,0,0,0|994953,12875,-90361,0,0,0]
[1155295592:-992822,-22932,-103582,0,0,0|999957,-16149,3351,0,0,0|994953,12875,-90361,0,0,0]
[1155300592:-992822,-22932,-103582,0,0,0|999957,-16149,3351,0,0,0|994953,12875,-89870,0,0,0]
[1155305592:-992822,-22932,-103090,0,0,0|999957,-16149,3351,0,0,0|994953,12385,-90361,0,0,0]
[1155310592:-993313,-22932,-102598,0,0,0|999957,-16149,3842,0,0,0|994953,12385,-90361,0,0,0]
[1155315592:-993313,-22932,-102598,0,0,0|999467,-16638,3842,0,0,0|994953,12385,-90853,0,0,0]
[1155320592:-993313,-22932,-102598,0,0,0|999467,-16638,3351,0,0,0|995443,12875,-90853,0,0,0]
[1155325592:-993313,-22442,-103090,0,0,0|999467,-16149,3351,0,0,0|995933,12875,-90361,0,0,0]
[1155330592:-993313,-22932,-103090,0,0,0|999957,-16149,3842,0,0,0|995933,12875,-90361,0,0,0]
[1155335592:-993313,-22932,-102598,0,0,0|999957,-15660,4334,0,0,0|995443,12875,-90361,0,0,0]
[1155340592:-993313,-22932,-102598,0,0,0|999957,-15660,4334,0,0,0|995443,12875,-89870,0,0,0]
[1155345592:-992822,-22932,-103090,0,0,0|1000447,-15660,4334,0,0,0|995933,13365,-89870,0,0,0]
[1155350592:-993313,-22932,-103090,0,0,0|1000447,-16149,3842,0,0,0|995933,13365,-89870,0,0,0]
[1155355592:-993313,-22932,-103090,0,0,0|1000447,-16149,3842,0,0,0|995443,12875,-89870,0,0,0]
[1155360592:-993313,-22932,-103090,0,0,0|1000447,-16149,3842,0,0,0|994953,12875,-89378,0,0,0]
[1155365592:-993313,-22932,-102598,0,0,0|1000447,-16638,3842,0,0,0|994953,12875,-89378,0,0,0]
[1155370592:-993313,-22442,-102598,0,0,0|999957,-16638,3842,0,0,0|994953,13365,-89378,0,0,0]
[1155375592:-993313,-22932,-102598,0,0,0|999957,-16638,3842,0,0,0|994953,12875,-89378,0,0,0]
[1155380592:-993313,-22932,-103090,0,0,0|999957,-16149,3842,0,0,0|994462,13365,-89378,0,0,0]
[1155385592:-993313,-22932,-103090,0,0,0|999957,-16149,4334,0,0,0|994462,13365,-89870,0,0,0]
[1155390592:-993313,-22932,-103582,0,0,0|999467,-16149,4334,0,0,0|994462,13365,-89870,0,0,0]
[1155395592:-993313,-22932,-103582,0,0,0|999467,-16149,4334,0,0,0|994953,12875,-89870,0,0,0]
[1155400592:-993313,-22932,-103582,0,0,0|999957,-16149,3842,0,0,0|994953,12875,-89870,0,0,0]
[1155405592:-993313,-22932,-103582,0,0,0|999957,-16149,3842,0,0,0|994953,12875,-90361,0,0,0]
[1155410592:-993313,-22932,-103582,0,0,0|999467,-16149,3842,0,0,0|994953,12875,-90361,0,0,0]
[1155415592:-993804,-22932,-104075,0,0,0|999467,-16149,3842,0,0,0|994953,12875,-90361,0,0,0]
[1155420592:-994295,-22442,-104075,0,0,0|999957,-16149,3842,0,0,0|994953,12875,-89870,0,0,0]
[1155425592:-993804,-22932,-103582,0,0,0|999957,-16149,3842,0,0,0|994953,12385,-89870,0,0,0]
[1155430592:-993804,-22932,-103090,0,0,0|999957,-16149,4334,0,0,0|994462,12385,-89870,0,0,0]
[1155435592:-993313,-22932,-103090,0,0,0|999957,-16149,4334,0,0,0|994953,12385,-89870,0,0,0]
[1155440592:-993313,-22932,-103090,0,0,0|999467,-16638,4334,0,0,0|994953,12385,-89378,0,0,0]
[1155445592:-993313,-22442,-103090,0,0,0|999957,-16638,4826,0,0,0|994953,12385,-89378,0,0,0]
[1155450592:-993313,-22932,-102598,0,0,0|999467,-16638,4826,0,0,0|994953,12385,-89378,0,0,0]
[1155455592:-993313,-23421,-102598,0,0,0|999467,-16149,4334,0,0,0|994953,12385,-89870,0,0,0]
[1155460592:-993313,-23421,-103090,0,0,0|999467,-16149,4334,0,0,0|994953,12385,-89378,0,0,0]
[1155465592:-993313,-23421,-103090,0,0,0|999467,-16149,3842,0,0,0|995443,12385,-89378,0,0,0]
[1155470592:-993313,-23421,-103582,0,0,0|999467,-16149,4334,0,0,0|994953,12875,-89378,0,0,0]
[1155475592:-993313,-23421,-103090,0,0,0|999957,-16149,3842,0,0,0|994953,12875,-89870,0,0,0]
[1155480592:-992822,-23421,-103090,0,0,0|999957,-16149,3842,0,0,0|994462,12875,-90361,0,0,0]
[1155485592:-992822,-23421,-103090,0,0,0|999957,-16149,4334,0,0,0|994462,12875,-90361,0,0,0]
[1155490592:-992822,-23421,-103090,0,0,0|999957,-16149,4334,0,0,0|994462,13365,-90853,0,0,0]
[1155495592:-992822,-23421,-103090,0,0,0|999957,-16149,4334,0,0,0|994953,12875,-90853,0,0,0]
[1155500592:-992822,-23421,-103090,0,0,0|999957,-15660,4334,0,0,0|994953,12875,-90853,0,0,0]
[1155505592:-992822,-22932,-102598,0,0,0|999467,-15660,3842,0,0,0|994953,12875,-90361,0,0,0]
[1155510592:-992822,-22932,-102598,0,0,0|999467,-16149,3842,0,0,0|994953,12385,-90361,0,0,0]
[1155515592:-993313,-22932,-102598,0,0,0|999467,-16149,4334,0,0,0|995443,12385,-90361,0,0,0]
[1155520592:-993313,-22932,-103090,0,0,0|999467,-16638,4334,0,0,0|995933,11895,-89870,0,0,0]
[1155525592:-993313,-22932,-102598,0,0,0|999957,-16638,3842,0,0,0|995933,12385,-89870,0,0,0]
[1155530592:-993313,-22932,-103090,0,0,0|999957,-17128,3842,0,0,0|995443,12875,-89870,0,0,0]
[1155535592:-992822,-22932,-103090,0,0,0|999957,-17128,4334,0,0,0|995443,12875,-89870,0,0,0]
[1155540592:-992822,-22442,-103582,0,0,0|999957,-16638,4334,0,0,0|995443,12875,-89870,0,0,0]
[1155545592:-993313,-22932,-103090,0,0,0|999957,-16638,4334,0,0,0|995443,12875,-89870,0,0,0]
[1155550592:-993313,-22932,-103090,0,0,0|1000447,-16638,4334,0,0,0|994953,12875,-89870,0,0,0]
[1155555592:-993313,-22932,-103090,0,0,0|1000447,-16638,4334,0,0,0|995443,12875,-89870,0,0,0]
[1155560592:-993313,-22932,-103090,0,0,0|1000938,-16149,4334,0,0,0|994953,12875,-89378,0,0,0]
[1155565592:-993313,-22932,-103582,0,0,0|1000938,-16149,4334,0,0,0|995443,12875,-89378,0,0,0]
[1155570592:-993313,-22932,-103582,0,0,0|1000447,-16149,4334,0,0,0|994953,12385,-89870,0,0,0]
[1155575592:-993313,-22932,-103090,0,0,0|1000447,-16638,3842,0,0,0|994953,12385,-89870,0,0,0]
[1155580592:-993313,-22932,-103090,0,0,0|999957,-16638,3842,0,0,0|994953,12385,-89870,0,0,0]
[1155585592:-993313,-22442,-103090,0,0,0|1000447,-16638,3351,0,0,0|994953,12385,-89870,0,0,0]
[1155590592:-993313,-22932,-103090,0,0,0|999957,-16638,3351,0,0,0|994953,12385,-89870,0,0,0]
[1155595592:-993313,-22932,-103090,0,0,0|999467,-16638,3351,0,0,0|994953,12385,-89870,0,0,0]
[1155600592:-992822,-23421,-103090,0,0,0|998977,-16638,3842,0,0,0|994953,12385,-89870,0,0,0]
[1155605592:-992822,-23421,-103582,0,0,0|998977,-16638,3842,0,0,0|994953,12385,-89870,0,0,0]
[1155610592:-992822,-23421,-103090,0,0,0|999467,-16638,3842,0,0,0|995443,12385,-89870,0,0,0]
[1155615592:-993313,-22932,-103090,0,0,0|999957,-16638,3842,0,0,0|995443,12875,-89870,0,0,0]
[1155620592:-993313,-22932,-103090,0,0,0|999957,-16149,3842,0,0,0|995443,13365,-90361,0,0,0]
[1155625592:-993313,-22932,-103090,0,0,0|999467,-16149,3842,0,0,0|995443,13365,-90361,0,0,0]
[1155630592:-993313,-22932,-103090,0,0,0|999467,-16149,3842,0,0,0|994953,13365,-90361,0,0,0]
[1155635592:-993313,-22932,-103090,0,0,0|999957,-16149,3842,0,0,0|994953,13365,-89870,0,0,0]
[1155640592:-993313,-22932,-103090,0,0,0|999957,-16149,4334,0,0,0|994953,13365,-90361,0,0,0]
[1155645592:-993313,-22932,-103090,0,0,0|999467,-16638,4334,0,0,0|994953,12875,-89870,0,0,0]
[1155650592:-993313,-22932,-103090,0,0,0|999957,-16638,4334,0,0,0|994953,12875,-89870,0,0,0]
[1155655592:-992822,-22932,-103090,0,0,0|999957,-16638,4334,0,0,0|994953,12875,-89870,0,0,0]
[1155660592:-992822,-22442,-103090,0,0,0|999957,-16638,4334,0,0,0|994953,12875,-89870,0,0,0]
[1155665592:-992822,-22442,-103582,0,0,0|999957,-16638,4334,0,0,0|994953,12385,-89870,0,0,0]
[1155670592:-992822,-22442,-103582,0,0,0|999957,-16638,4334,0,0,0|994953,12385,-89870,0,0,0]
[1155675592:-993313,-22442,-103582,0,0,0|999957,-17128,3842,0,0,0|994953,12385,-89870,0,0,0]
[1155680592:-992822,-22442,-103582,0,0,0|999957,-17128,3842,0,0,0|994953,12385,-89870,0,0,0]
[1155685592:-992822,-22442,-103582,0,0,0|999957,-17128,3842,0,0,0|994953,12385,-89870,0,0,0]
[1155690592:-993313,-22932,-103582,0,0,0|999957,-16638,4334,0,0,0|994953,12385,-89870,0,0,0]
[1155695592:-992822,-22932,-103090,0,0,0|999957,-16638,4334,0,0,0|994953,12385,-89870,0,0,0]
[1155700592:-992822,-22932,-103090,0,0,0|999467,-16638,4334,0,0,0|994953,12875,-89870,0,0,0]
[1155705592:-992822,-22932,-103090,0,0,0|999467,-16149,4334,0,0,0|994953,12875,-89870,0,0,0]
[1155710592:-992331,-22932,-103090,0,0,0|999957,-16149,3842,0,0,0|995443,12385,-89870,0,0,0]
[1155715592:-992822,-22932,-103090,0,0,0|999957,-16149,3842,0,0,0|994953,12385,-89870,0,0,0]
[1155720592:-992822,-23421,-103090,0,0,0|999957,-16149,4334,0,0,0|994953,12385,-90361,0,0,0]
[1155725592:-993313,-23421,-103090,0,0,0|999957,-16638,4334,0,0,0|994462,12385,-90361,0,0,0]
[1155730592:-993313,-23421,-103090,0,0,0|999957,-16638,4334,0,0,0|994953,12385,-89870,0,0,0]
[1155735592:-993804,-23421,-103582,0,0,0|999957,-16638,4334,0,0,0|994953,12385,-89870,0,0,0]
[1155740592:-993804,-23421,-103582,0,0,0|999957,-16638,4334,0,0,0|994953,12385,-89870,0,0,0]
[1155745592:-993804,-23421,-104075,0,0,0|999957,-16149,3842,0,0,0|994953,12875,-90361,0,0,0]
[1155750592:-993804,-22932,-103582,0,0,0|999957,-16149,4334,0,0,0|994953,12875,-90361,0,0,0]
[1155755592:-993804,-22932,-103582,0,0,0|999957,-16149,3842,0,0,0|995443,13365,-89870,0,0,0]
[1155760592:-993804,-22442,-103582,0,0,0|999957,-16149,3842,0,0,0|995933,13855,-89870,0,0,0]
[1155765592:-993313,-22442,-103090,0,0,0|999957,-15660,3842,0,0,0|995933,13855,-89870,0,0,0]
[1155770592:-993313,-22442,-103090,0,0,0|999957,-16149,3842,0,0,0|995443,13365,-90361,0,0,0]
[1155775592:-993313,-22442,-102598,0,0,0|999467,-16149,3842,0,0,0|995443,13365,-90853,0,0,0]
[1155780592:-993804,-22442,-103090,0,0,0|999467,-16638,3351,0,0,0|995933,12875,-90853,0,0,0]
[1155785592:-993804,-22932,-103090,0,0,0|999467,-16638,3351,0,0,0|995443,12875,-90361,0,0,0]
[1155790592:-993804,-22932,-103090,0,0,0|999957,-16638,3842,0,0,0|994953,12385,-90361,0,0,0]
[1155795592:-993313,-22932,-102598,0,0,0|999467,-16638,3842,0,0,0|994462,12385,-90361,0,0,0]
[1155800592:-992822,-22932,-102598,0,0,0|999467,-16638,3842,0,0,0|994953,12385,-89870,0,0,0]
[1155805592:-992331,-22932,-102598,0,0,0|999467,-16149,3842,0,0,0|995443,12385,-90361,0,0,0]
[1155810592:-992822,-22932,-103090,0,0,0|999467,-16638,4334,0,0,0|995443,12385,-90361,0,0,0]
[1155815592:-992822,-23421,-103090,0,0,0|999467,-16638,3842,0,0,0|994953,12875,-90361,0,0,0]
[1155820592:-992822,-23421,-102598,0,0,0|999467,-16149,3842,0,0,0|994953,12875,-90361,0,0,0]
[1155825592:-993313,-22932,-102598,0,0,0|999467,-16149,3842,0,0,0|994953,12875,-90361,0,0,0]
[1155830592:-993313,-22932,-102598,0,0,0|999957,-15660,4334,0,0,0|995443,12385,-90361,0,0,0]
[1155835592:-993313,-22932,-103090,0,0,0|999957,-15660,3842,0,0,0|995443,12385,-90361,0,0,0]
[1155840592:-993313,-22932,-103090,0,0,0|1000447,-16149,3842,0,0,0|995443,12875,-89870,0,0,0]
[1155845592:-993313,-22932,-103090,0,0,0|1000447,-15660,3842,0,0,0|995443,12875,-89378,0,0,0]
[1155850592:-993313,-22932,-103582,0,0,0|999957,-15660,3842,0,0,0|994953,12875,-89378,0,0,0]
[1155855592:-993313,-23421,-103582,0,0,0|999957,-16149,4334,0,0,0|994953,12875,-89870,0,0,0]
[1155860592:-993313,-23421,-103582,0,0,0|999467,-16149,4334,0,0,0|994953,13365,-89870,0,0,0]
[1155865592:-993313,-23421,-103582,0,0,0|999467,-16638,4334,0,0,0|994462,12875,-89870,0,0,0]
[1155870592:-993313,-23421,-103090,0,0,0|999957,-16638,4334,0,0,0|994462,12875,-89870,0,0,0]
[1155875592:-992822,-23421,-103582,0,0,0|999957,-17128,4334,0,0,0|994953,12875,-89870,0,0,0]
[1155880592:-992822,-22932,-103582,0,0,0|999957,-17128,4334,0,0,0|994953,12875,-89870,0,0,0]
[1155885592:-992822,-22932,-103582,0,0,0|999957,-17128,4334,0,0,0|994953,12875,-89870,0,0,0]
[1155890592:-993313,-22932,-103582,0,0,0|999957,-16638,4334,0,0,0|994953,12875,-89870,0,0,0]
[1155895592:-993313,-22442,-103582,0,0,0|999957,-16638,3842,0,0,0|995443,12875,-89870,0,0,0]
[1155900592:-993313,-22442,-103582,0,0,0|1000447,-16638,3842,0,0,0|995443,12385,-89378,0,0,0]
[1155905592:-993313,-22442,-103582,0,0,0|1000447,-16638,3842,0,0,0|995443,12385,-89378,0,0,0]
[1155910592:-993313,-22442,-103090,0,0,0|999957,-16638,3842,0,0,0|995443,12385,-89378,0,0,0]
[1155915592:-993313,-22932,-103090,0,0,0|999957,-16638,3842,0,0,0|995443,12385,-89870,0,0,0]
[1155920592:-993313,-22932,-103090,0,0,0|999467,-16638,3842,0,0,0|994953,12875,-89870,0,0,0]
[1155925592:-992822,-22932,-103582,0,0,0|999467,-16638,3842,0,0,0|994953,12875,-89870,0,0,0]
[1155930592:-992822,-22932,-103582,0,0,0|999467,-16638,3842,0,0,0|994953,12875,-89870,0,0,0]
[1155935592:-992822,-23421,-103582,0,0,0|999467,-16149,4334,0,0,0|994953,12875,-90361,0,0,0]
[1155940592:-992822,-23421,-103090,0,0,0|999467,-16149,4826,0,0,0|994953,12875,-90361,0,0,0]
[1155945592:-992822,-23421,-103090,0,0,0|999467,-16149,4334,0,0,0|994953,12385,-90361,0,0,0]
[1155950592:-992822,-23421,-103090,0,0,0|999467,-16149,4334,0,0,0|995443,12875,-90361,0,0,0]
[1155955592:-993313,-23421,-103090,0,0,0|999467,-16638,4334,0,0,0|995443,12875,-90361,0,0,0]
[1155960592:-993313,-22932,-103090,0,0,0|999467,-16638,3842,0,0,0|995443,12385,-90361,0,0,0]
[1155965592:-993313,-22932,-103090,0,0,0|999957,-16638,3351,0,0,0|994953,12875,-90361,0,0,0]
[1155970592:-993313,-22932,-102598,0,0,0|999957,-16638,3842,0,0,0|995443,12875,-89870,0,0,0]
[1155975592:-992822,-22932,-102598,0,0,0|1000447,-16638,3842,0,0,0|995443,12875,-89870,0,0,0]
[1155980592:-992822,-22932,-103090,0,0,0|999957,-16638,3842,0,0,0|995443,12875,-89870,0,0,0]
[1155985592:-992822,-23421,-103090,0,0,0|999957,-16149,4334,0,0,0|995443,13365,-89870,0,0,0]
[1155990592:-993313,-23421,-103090,0,0,0|999957,-16149,4334,0,0,0|994953,13365,-90361,0,0,0]
[1155995592:-993313,-23421,-103090,0,0,0|999957,-16149,4334,0,0,0|994953,12875,-90361,0,0,0]
[1156000592:-992822,-22932,-103582,0,0,0|999467,-16149,4334,0,0,0|994953,12875,-90361,0,0,0]
[1156005592:-992822,-22932,-103582,0,0,0|999467,-16149,4334,0,0,0|994953,12875,-90361,0,0,0]
[1156010592:-993313,-22932,-103090,0,0,0|999467,-16149,4334,0,0,0|994953,12875,-90361,0,0,0]
[1156015592:-993313,-22932,-103090,0,0,0|999957,-16149,4334,0,0,0|994953,12875,-90361,0,0,0]
[1156020592:-993313,-22932,-103090,0,0,0|1000447,-16149,4334,0,0,0|995443,12385,-90361,0,0,0]
[1156025592:-993313,-22932,-103090,0,0,0|1000447,-16149,4334,0,0,0|994953,12385,-89870,0,0,0]
[1156030592:-993313,-22932,-102598,0,0,0|1000447,-16149,4334,0,0,0|994953,12385,-89378,0,0,0]
[1156035592:-993313,-22932,-102598,0,0,0|999957,-16149,4334,0,0,0|994462,12875,-89378,0,0,0]
[1156040592:-993313,-22932,-103090,0,0,0|999957,-16149,3842,0,0,0|994462,12875,-89378,0,0,0]
[1156045592:-993313,-22932,-103090,0,0,0|999957,-16149,3842,0,0,0|994953,12875,-89870,0,0,0]
[1156050592:-993313,-23421,-103090,0,0,0|999957,-16149,3842,0,0,0|994953,12875,-90361,0,0,0]
[1156055592:-993313,-23421,-103090,0,0,0|999957,-16149,3842,0,0,0|994953,12875,-90361,0,0,0]
[1156060592:-993313,-22932,-103090,0,0,0|999957,-16149,3842,0,0,0|995443,12385,-90361,0,0,0]
[1156065592:-993313,-22932,-103090,0,0,0|999957,-15660,3842,0,0,0|995443,12385,-90361,0,0,0]
[1156070592:-993313,-22932,-103090,0,0,0|1000447,-16149,3351,0,0,0|995443,12385,-89870,0,0,0]
[1156075592:-993313,-23421,-103090,0,0,0|1000447,-16149,3842,0,0,0|995443,12385,-90361,0,0,0]
[1156080592:-993313,-22932,-103090,0,0,0|1000447,-16149,3842,0,0,0|994953,12875,-90361,0,0,0]
[1156085592:-993313,-22932,-102598,0,0,0|999957,-16149,3842,0,0,0|994953,12875,-90361,0,0,0]
[1156090592:-993313,-22442,-103090,0,0,0|999957,-16638,3351,0,0,0|994953,12875,-90361,0,0,0]
[1156095592:-993313,-22442,-103090,0,0,0|999467,-16149,3842,0,0,0|994953,12875,-90361,0,0,0]
[1156100592:-993313,-22442,-103090,0,0,0|999467,-16149,3842,0,0,0|994953,13365,-90361,0,0,0]
[1156105592:-993313,-22932,-103090,0,0,0|999957,-16149,3842,0,0,0|994953,13365,-90361,0,0,0]
[1156110592:-993313,-22932,-103090,0,0,0|999467,-16638,3842,0,0,0|994953,12875,-90361,0,0,0]
[1156115592:-992822,-22932,-103582,0,0,0|999467,-16638,3842,0,0,0|994953,12875,-90361,0,0,0]
[1156120592:-993313,-22932,-103582,0,0,0|998977,-16638,3842,0,0,0|994953,12875,-90361,0,0,0]
[1156125592:-993804,-22932,-103090,0,0,0|998977,-16638,3842,0,0,0|994953,12875,-89870,0,0,0]
[1156130592:-993804,-22932,-103090,0,0,0|999467,-16638,3842,0,0,0|994953,13365,-89870,0,0,0]
[1156135592:-993804,-22932,-103090,0,0,0|999467,-16638,3842,0,0,0|994953,12875,-90361,0,0,0]
[1156140592:-993313,-22932,-103582,0,0,0|999467,-16638,3842,0,0,0|994953,12875,-90361,0,0,0]
[1156145592:-993313,-22932,-103582,0,0,0|999957,-16638,3842,0,0,0|995443,12875,-90361,0,0,0]
[1156150592:-993313,-22932,-103582,0,0,0|999957,-16638,3842,0,0,0|994953,13365,-90361,0,0,0]
[1156155592:-993313,-23421,-103582,0,0,0|999957,-16638,4334,0,0,0|994462,12875,-90361,0,0,0]
[1156160592:-993313,-23421,-103090,0,0,0|999957,-16638,4334,0,0,0|994462,12875,-90361,0,0,0]
[1156165592:-993804,-23421,-103582,0,0,0|999467,-16638,4334,0,0,0|994953,12385,-89870,0,0,0]
[1156170592:-993804,-23421,-103090,0,0,0|999467,-16638,4334,0,0,0|994953,12385,-89870,0,0,0]
[1156175592:-993313,-22932,-103090,0,0,0|999467,-16638,3842,0,0,0|994953,12385,-89870,0,0,0]
[1156180592:-993313,-22932,-103090,0,0,0|999957,-16149,3842,0,0,0|994953,12875,-89870,0,0,0]
[1156185592:-993313,-22442,-103090,0,0,0|999957,-16149,3842,0,0,0|995443,12875,-89870,0,0,0]
[1156190592:-993313,-22442,-103090,0,0,0|999957,-16149,3351,0,0,0|995443,12875,-89870,0,0,0]
[1156195592:-993313,-22932,-103090,0,0,0|999957,-16149,3351,0,0,0|994953,12875,-89870,0,0,0]
[1156200592:-993313,-22932,-103090,0,0,0|999467,-16149,3842,0,0,0|994953,12875,-89870,0,0,0]
[1156205592:-993313,-22442,-103090,0,0,0|999467,-16149,3842,0,0,0|994462,12875,-89870,0,0,0]
[1156210592:-993313,-22442,-103090,0,0,0|999467,-16149,3842,0,0,0|994953,12385,-89870,0,0,0]
[1156215592:-992822,-22442,-103090,0,0,0|999957,-16149,3842,0,0,0|994953,12385,-89870,0,0,0]
[1156220592:-993313,-22932,-103090,0,0,0|999957,-16149,4334,0,0,0|994953,12385,-89870,0,0,0]
[1156225592:-993313,-22932,-103090,0,0,0|999957,-16149,4334,0,0,0|994953,12385,-89870,0,0,0]
[1156230592:-993313,-22932,-103090,0,0,0|999957,-16149,3842,0,0,0|994953,12875,-90361,0,0,0]
[1156235592:-993313,-22932,-103090,0,0,0|999467,-16149,3842,0,0,0|995443,12875,-90361,0,0,0]
[1156240592:-993313,-22932,-103582,0,0,0|999957,-16149,3842,0,0,0|995443,12875,-90361,0,0,0]
[1156245592:-992822,-23421,-103090,0,0,0|999957,-16149,3842,0,0,0|995443,13365,-89870,0,0,0]
[1156250592:-992822,-23421,-103090,0,0,0|999957,-16638,3842,0,0,0|995443,13365,-89870,0,0,0]
[1156255592:-992822,-23421,-103090,0,0,0|999957,-16638,3842,0,0,0|995443,13365,-89870,0,0,0]
[1156260592:-992331,-23421,-103090,0,0,0|999957,-16149,3842,0,0,0|995443,13365,-90361,0,0,0]
[1156265592:-992822,-22932,-103090,0,0,0|999957,-16149,3842,0,0,0|995443,13365,-90361,0,0,0]
[1156270592:-992822,-22932,-103090,0,0,0|999467,-16149,3842,0,0,0|995443,12875,-90361,0,0,0]
[1156275592:-992331,-22932,-103090,0,0,0|999467,-16149,3842,0,0,0|994953,12875,-90853,0,0,0]
[1156280592:-992331,-22442,-103090,0,0,0|999957,-16149,3842,0,0,0|994953,12875,-90361,0,0,0]
[1156285592:-992822,-22442,-103090,0,0,0|999957,-16149,3842,0,0,0|994953,12875,-90361,0,0,0]
[1156290592:-992822,-22442,-103090,0,0,0|999957,-16149,3842,0,0,0|994953,12875,-90361,0,0,0]
[1156295592:-992822,-22932,-102598,0,0,0|999957,-16149,3842,0,0,0|994462,12875,-90361,0,0,0]
[1156300592:-992822,-23421,-102598,0,0,0|999957,-16149,3842,0,0,0|994462,12875,-90361,0,0,0]
[1156305592:-993313,-23421,-102598,0,0,0|999957,-16149,3842,0,0,0|994953,12875,-90361,0,0,0]
[1156310592:-993313,-23421,-103090,0,0,0|999957,-16638,3842,0,0,0|994953,12875,-89870,0,0,0]
[1156315592:-993313,-23421,-103090,0,0,0|999467,-16638,3842,0,0,0|994953,12385,-89870,0,0,0]
[1156320592:-993313,-22932,-103090,0,0,0|999957,-16638,3842,0,0,0|994953,12875,-90361,0,0,0]
[1156325592:-993313,-22932,-103090,0,0,0|999957,-16638,4334,0,0,0|994953,12385,-90361,0,0,0]
[1156330592:-993313,-22442,-103090,0,0,0|999957,-16638,3842,0,0,0|994953,12875,-90853,0,0,0]
[1156335592:-992822,-22442,-103090,0,0,0|999957,-16638,3842,0,0,0|995443,12875,-90361,0,0,0]
[1156340592:-992822,-22932,-103090,0,0,0|999957,-16638,3842,0,0,0|994953,12875,-90361,0,0,0]
[1156345592:-993313,-22932,-103090,0,0,0|999957,-16149,4334,0,0,0|994462,12875,-89870,0,0,0]
[1156350592:-993313,-22932,-103090,0,0,0|999957,-16149,4334,0,0,0|994462,12875,-89870,0,0,0]
[1156355592:-993313,-22932,-103582,0,0,0|999467,-16149,4334,0,0,0|994462,12875,-89870,0,0,0]
[1156360592:-993313,-22932,-103582,0,0,0|999957,-16638,3842,0,0,0|994462,12875,-89870,0,0,0]
[1156365592:-993804,-23421,-103582,0,0,0|999957,-16638,3842,0,0,0|994953,12875,-89870,0,0,0]
[1156370592:-993313,-23421,-103582,0,0,0|999467,-16149,4334,0,0,0|994953,12875,-90361,0,0,0]
[1156375592:-993313,-23421,-103090,0,0,0|999467,-16149,4334,0,0,0|994953,12385,-90361,0,0,0]
[1156380592:-993804,-22932,-103090,0,0,0|999467,-16149,4826,0,0,0|994953,12385,-90361,0,0,0]
[1156385592:-993804,-22932,-103090,0,0,0|999467,-16149,4334,0,0,0|995443,12385,-90361,0,0,0]
[1156390592:-993804,-22932,-102598,0,0,0|999957,-16149,4334,0,0,0|995443,12875,-90361,0,0,0]
[1156395592:-993804,-22932,-102598,0,0,0|1000447,-16149,4334,0,0,0|995443,13365,-90853,0,0,0]
[1156400592:-993804,-22932,-102598,0,0,0|1000447,-16638,4334,0,0,0|995443,13365,-90853,0,0,0]
[1156405592:-993313,-22932,-103090,0,0,0|1000447,-16638,3842,0,0,0|995443,13365,-90361,0,0,0]
[1156410592:-993313,-22932,-103582,0,0,0|1000447,-16638,3842,0,0,0|995443,13365,-90361,0,0,0]
[1156415592:-993313,-22932,-103090,0,0,0|999957,-16638,3842,0,0,0|994953,12875,-89870,0,0,0]
[1156420592:-993313,-22932,-102598,0,0,0|999957,-16149,3842,0,0,0|994953,12875,-90361,0,0,0]
[1156425592:-993313,-22932,-102598,0,0,0|999957,-16149,3842,0,0,0|994953,12385,-90361,0,0,0]
[1156430592:-993313,-22932,-103090,0,0,0|999957,-16149,3842,0,0,0|994953,12385,-89870,0,0,0]
[1156435592:-993313,-22932,-103090,0,0,0|999957,-16149,3842,0,0,0|995443,12875,-89870,0,0,0]
[1156440592:-992822,-22932,-103090,0,0,0|999957,-16149,3842,0,0,0|995443,12875,-89870,0,0,0]
[1156445592:-992822,-22932,-103090,0,0,0|1000447,-16149,3842,0,0,0|994953,13365,-90361,0,0,0]
[1156450592:-992822,-22932,-103090,0,0,0|999957,-16149,4334,0,0,0|994953,12875,-90361,0,0,0]
[1156455592:-992822,-22932,-103582,0,0,0|999957,-16149,4334,0,0,0|994953,12875,-89870,0,0,0]
[1156460592:-993313,-22932,-103090,0,0,0|999957,-16638,4334,0,0,0|994953,12875,-89870,0,0,0]
[1156465592:-993313,-22932,-103090,0,0,0|999957,-16638,4334,0,0,0|994462,12875,-89870,0,0,0]
[1156470592:-993313,-23421,-103090,0,0,0|999957,-16638,4334,0,0,0|994462,12875,-89870,0,0,0]
[1156475592:-992822,-22932,-103582,0,0,0|999467,-16638,3842,0,0,0|994953,12875,-89870,0,0,0]
[1156480592:-992822,-22932,-103582,0,0,0|999467,-16638,3842,0,0,0|994953,12875,-89870,0,0,0]
[1156485592:-992822,-22932,-103582,0,0,0|999467,-16149,3351,0,0,0|995443,12875,-89870,0,0,0]
[1156490592:-992822,-22932,-103090,0,0,0|999957,-16149,3351,0,0,0|995443,12875,-89870,0,0,0]
[1156495592:-993313,-22932,-103090,0,0,0|999957,-16149,3351,0,0,0|994953,12875,-89870,0,0,0]
[1156500592:-993313,-22932,-103582,0,0,0|999957,-16149,3842,0,0,0|994953,12875,-89870,0,0,0]
[1156505592:-993313,-22932,-103090,0,0,0|999957,-16149,3842,0,0,0|995443,12875,-89378,0,0,0]
[1156510592:-993313,-22932,-103090,0,0,0|999467,-16638,3842,0,0,0|995443,12875,-89870,0,0,0]
[1156515592:-993804,-22932,-103090,0,0,0|999467,-16149,3842,0,0,0|994953,12875,-89870,0,0,0]
[1156520592:-993313,-22932,-103090,0,0,0|999467,-16149,3842,0,0,0|995443,12875,-89870,0,0,0]
[1156525592:-993313,-22932,-103582,0,0,0|999467,-16149,3842,0,0,0|995443,12875,-89870,0,0,0]
[1156530592:-993313,-23421,-103582,0,0,0|999467,-16149,4334,0,0,0|995443,12385,-89870,0,0,0]
[1156535592:-993313,-23421,-103582,0,0,0|999957,-16638,4334,0,0,0|995443,12385,-89870,0,0,0]
[1156540592:-993313,-23421,-103090,0,0,0|999957,-16149,4334,0,0,0|994953,11895,-90361,0,0,0]
[1156545592:-993313,-23421,-103090,0,0,0|999957,-16149,3842,0,0,0|994953,12385,-89870,0,0,0]
[1156550592:-993313,-23421,-103090,0,0,0|1000447,-15660,3842,0,0,0|994953,11895,-89870,0,0,0]
[1156555592:-993313,-22932,-103090,0,0,0|1000447,-16149,3351,0,0,0|994953,11895,-89870,0,0,0]
[1156560592:-993313,-22932,-103090,0,0,0|1000447,-16149,3842,0,0,0|994953,12385,-90361,0,0,0]
[1156565592:-993313,-22932,-103090,0,0,0|999957,-16638,3842,0,0,0|994953,12385,-90361,0,0,0]
[1156570592:-993313,-22442,-103090,0,0,0|999467,-16149,3842,0,0,0|994953,12875,-89870,0,0,0]
[1156575592:-993313,-22442,-103582,0,0,0|999957,-15660,3842,0,0,0|994953,12385,-89870,0,0,0]
[1156580592:-993313,-22442,-103582,0,0,0|999957,-15660,4334,0,0,0|994953,12385,-89870,0,0,0]
[1156585592:-993313,-22932,-103582,0,0,0|999957,-16149,4826,0,0,0|994953,12875,-90361,0,0,0]
[1156590592:-993313,-22932,-103582,0,0,0|999957,-16149,4826,0,0,0|994953,12875,-90361,0,0,0]
[1156595592:-993313,-22442,-103582,0,0,0|999957,-16149,4334,0,0,0|994953,12875,-90361,0,0,0]
[1156600592:-993313,-22932,-103582,0,0,0|999957,-16149,4334,0,0,0|995443,12875,-90853,0,0,0]
[1156605592:-993313,-22932,-103090,0,0,0|999957,-16149,3842,0,0,0|995443,13365,-90361,0,0,0]
[1156610592:-993313,-23421,-103090,0,0,0|999957,-16149,3842,0,0,0|995443,12875,-90853,0,0,0]
[1156615592:-993313,-23421,-103090,0,0,0|999957,-16149,3842,0,0,0|994953,12875,-90361,0,0,0]
[1156620592:-993313,-23421,-103090,0,0,0|999957,-16149,3842,0,0,0|995443,12385,-90361,0,0,0]
[1156625592:-993313,-22932,-103582,0,0,0|999957,-16149,3351,0,0,0|995443,12385,-90361,0,0,0]
[1156630592:-993313,-22932,-103090,0,0,0|999957,-16149,3351,0,0,0|995443,12385,-90361,0,0,0]
[1156635592:-993313,-22932,-102598,0,0,0|999957,-15660,3351,0,0,0|995443,12385,-90853,0,0,0]
[1156640592:-993313,-22932,-103090,0,0,0|999957,-16149,3842,0,0,0|994953,12385,-90853,0,0,0]
[1156645592:-993313,-22932,-103090,0,0,0|999957,-16149,3842,0,0,0|995443,12385,-90361,0,0,0]
[1156650592:-993313,-22932,-103090,0,0,0|999957,-16149,3842,0,0,0|995443,12385,-89870,0,0,0]
[1156655592:-993804,-22932,-103582,0,0,0|999957,-16149,4334,0,0,0|995443,12385,-89870,0,0,0]
[1156660592:-993804,-22932,-103090,0,0,0|999957,-16149,4334,0,0,0|995443,12875,-89870,0,0,0]
[1156665592:-993313,-22932,-103582,0,0,0|999467,-16149,3842,0,0,0|995443,12385,-89870,0,0,0]
[1156670592:-993313,-22442,-103582,0,0,0|999957,-16149,3842,0,0,0|995443,12385,-89870,0,0,0]
[1156675592:-993313,-22442,-103582,0,0,0|999957,-16149,3351,0,0,0|995443,12385,-89870,0,0,0]
[1156680592:-993313,-22932,-103090,0,0,0|999467,-16149,3351,0,0,0|995443,12875,-90361,0,0,0]
[1156685592:-993313,-22932,-103090,0,0,0|999957,-16149,3351,0,0,0|994953,13365,-90361,0,0,0]
[1156690592:-993313,-22932,-103090,0,0,0|999957,-16149,3842,0,0,0|994462,13365,-90361,0,0,0]
[1156695592:-993313,-22932,-103090,0,0,0|999957,-16149,4334,0,0,0|994953,13365,-89870,0,0,0]
[1156700592:-993313,-22932,-103582,0,0,0|999957,-16638,4334,0,0,0|994953,13365,-89870,0,0,0]
[1156705592:-993313,-22932,-103582,0,0,0|999467,-16638,4826,0,0,0|994953,13365,-89870,0,0,0]
[1156710592:-993313,-22932,-103582,0,0,0|999957,-16638,4826,0,0,0|994953,13365,-90361,0,0,0]
[1156715592:-993313,-22932,-103582,0,0,0|999957,-16638,4826,0,0,0|994953,12875,-89870,0,0,0]
[1156720592:-993313,-22932,-104075,0,0,0|999957,-16638,4826,0,0,0|995443,12875,-89870,0,0,0]
[1156725592:-993313,-22932,-103582,0,0,0|999957,-16149,4826,0,0,0|995443,12875,-90361,0,0,0]
[1156730592:-993313,-22932,-103090,0,0,0|999957,-16149,4826,0,0,0|995443,12875,-90361,0,0,0]
[1156735592:-993313,-22932,-102598,0,0,0|999957,-16149,4826,0,0,0|995443,13365,-90361,0,0,0]
[1156740592:-993313,-22932,-102598,0,0,0|999957,-16149,4334,0,0,0|994953,13365,-90361,0,0,0]
[1156745592:-993313,-22932,-102598,0,0,0|999957,-16149,4334,0,0,0|995443,12875,-90361,0,0,0]
[1156750592:-993313,-22932,-103090,0,0,0|999957,-16149,4826,0,0,0|995443,12875,-90361,0,0,0]
[1156755592:-993313,-22932,-103090,0,0,0|999957,-15660,4826,0,0,0|994953,12875,-90361,0,0,0]
[1156760592:-993313,-22932,-103090,0,0,0|999957,-15660,4826,0,0,0|994953,12875,-89870,0,0,0]
[1156765592:-993313,-22932,-103582,0,0,0|999957,-15660,4334,0,0,0|994953,12875,-89870,0,0,0]
[1156770592:-993313,-22932,-103582,0,0,0|999957,-16149,4334,0,0,0|994953,12385,-89870,0,0,0]
[1156775592:-993313,-22932,-103090,0,0,0|999957,-16638,3842,0,0,0|995443,12385,-90361,0,0,0]
[1156780592:-993313,-23421,-103090,0,0,0|999957,-16638,3842,0,0,0|995443,12385,-90361,0,0,0]
[1156785592:-993313,-23421,-103090,0,0,0|999957,-16638,4334,0,0,0|994953,12385,-90361,0,0,0]
[1156790592:-993313,-23421,-103090,0,0,0|999957,-16149,4334,0,0,0|994953,12385,-90361,0,0,0]
[1156795592:-992822,-23421,-103582,0,0,0|999957,-16149,3842,0,0,0|995443,12385,-89870,0,0,0]
[1156800592:-993313,-23421,-103090,0,0,0|999957,-16149,3842,0,0,0|995443,12385,-89870,0,0,0]
[1156805592:-993804,-22932,-103090,0,0,0|999957,-16149,3842,0,0,0|995443,12385,-89870,0,0,0]
[1156810592:-993804,-22932,-103582,0,0,0|999957,-16149,3842,0,0,0|995443,12385,-89870,0,0,0]
[1156815592:-993804,-22442,-103582,0,0,0|1000447,-16149,3842,0,0,0|995933,12385,-89870,0,0,0]
[1156820592:-993313,-22442,-103582,0,0,0|1000447,-16638,3842,0,0,0|995443,12385,-89870,0,0,0]
[1156825592:-993313,-22932,-103582,0,0,0|999957,-16638,4334,0,0,0|994953,12385,-89870,0,0,0]
[1156830592:-993313,-22932,-103582,0,0,0|999957,-17128,4334,0,0,0|994953,12385,-89870,0,0,0]
[1156835592:-992822,-22932,-103582,0,0,0|999957,-16638,4334,0,0,0|994953,12385,-90361,0,0,0]
[1156840592:-992822,-22932,-103582,0,0,0|999957,-16638,3842,0,0,0|994953,12385,-90361,0,0,0]
[1156845592:-992822,-22932,-103582,0,0,0|999957,-16149,3842,0,0,0|994953,12875,-90361,0,0,0]
[1156850592:-993313,-22932,-103090,0,0,0|999957,-16638,3842,0,0,0|994953,12875,-90361,0,0,0]
[1156855592:-993313,-23421,-103090,0,0,0|999957,-16149,3842,0,0,0|994953,12875,-90853,0,0,0]
[1156860592:-993313,-23421,-103090,0,0,0|999957,-16149,3842,0,0,0|994953,12875,-90853,0,0,0]
[1156865592:-993313,-23421,-103582,0,0,0|999957,-16149,3842,0,0,0|994953,12875,-90853,0,0,0]
[1156870592:-993313,-23421,-103090,0,0,0|999957,-16149,3842,0,0,0|995443,12385,-90853,0,0,0]
[1156875592:-993313,-23421,-103090,0,0,0|999957,-16638,4334,0,0,0|994953,12875,-90361,0,0,0]
[1156880592:-992822,-22932,-102598,0,0,0|999467,-16638,3842,0,0,0|994953,12875,-90361,0,0,0]
[1156885592:-992822,-22932,-102598,0,0,0|999467,-16638,3842,0,0,0|994953,12875,-90361,0,0,0]
[1156890592:-993313,-22932,-103090,0,0,0|999467,-16149,3842,0,0,0|994953,12875,-90361,0,0,0]
[1156895592:-993313,-22932,-103090,0,0,0|999957,-16149,3842,0,0,0|994953,12875,-90361,0,0,0]
[1156900592:-993313,-23421,-103090,0,0,0|999957,-16149,3842,0,0,0|994953,12875,-90361,0,0,0]
[1156905592:-992822,-22932,-103090,0,0,0|999957,-16149,3842,0,0,0|994953,12875,-90361,0,0,0]
[1156910592:-992822,-22932,-103090,0,0,0|999957,-16638,3842,0,0,0|994953,12875,-90361,0,0,0]
[1156915592:-992822,-22932,-103090,0,0,0|999957,-16638,4334,0,0,0|995443,12875,-89870,0,0,0]
[1156920592:-992822,-22442,-103090,0,0,0|999957,-16638,4334,0,0,0|995443,12875,-90361,0,0,0]
[1156925592:-993313,-22442,-103090,0,0,0|999467,-16149,3842,0,0,0|994953,12875,-90361,0,0,0]
[1156930592:-993313,-22442,-103582,0,0,0|999467,-16149,3842,0,0,0|994953,12875,-90361,0,0,0]
[1156935592:-993313,-22442,-103582,0,0,0|999467,-16149,3842,0,0,0|994953,12875,-90361,0,0,0]
[1156940592:-993313,-22932,-104075,0,0,0|999467,-15660,3842,0,0,0|994953,12875,-89870,0,0,0]
[1156945592:-993313,-22932,-103582,0,0,0|999467,-16149,3842,0,0,0|994462,12875,-90361,0,0,0]
[1156950592:-993313,-22932,-103582,0,0,0|999957,-16149,3842,0,0,0|994462,12875,-90361,0,0,0]
[1156955592:-993313,-22932,-103090,0,0,0|999957,-16149,4334,0,0,0|994953,13365,-90361,0,0,0]
[1156960592:-993313,-22932,-103090,0,0,0|999467,-16149,4334,0,0,0|994953,13365,-89870,0,0,0]
[1156965592:-993313,-22442,-103090,0,0,0|999467,-16149,4334,0,0,0|995443,12875,-89870,0,0,0]
[1156970592:-993313,-22442,-103090,0,0,0|999467,-16149,4334,0,0,0|995443,12875,-89870,0,0,0]
[1156975592:-993313,-22442,-103090,0,0,0|999957,-16149,4334,0,0,0|995443,12875,-90361,0,0,0]
[1156980592:-993313,-22442,-103090,0,0,0|999957,-16638,4334,0,0,0|995443,12875,-90361,0,0,0]
[1156985592:-992822,-22932,-103090,0,0,0|999957,-16638,4334,0,0,0|995443,12875,-90361,0,0,0]
[1156990592:-992822,-22932,-103090,0,0,0|999957,-16638,4334,0,0,0|995443,12875,-90361,0,0,0]
[1156995592:-993313,-22932,-103090,0,0,0|999957,-16638,4334,0,0,0|994953,13365,-90361,0,0,0]
[1157000592:-993313,-23421,-103090,0,0,0|999957,-16638,4334,0,0,0|994953,12875,-90361,0,0,0]
[1157005592:-992822,-22932,-103090,0,0,0|999957,-16638,3842,0,0,0|994953,12875,-90361,0,0,0]
[1157010592:-992822,-22932,-103090,0,0,0|999957,-16638,4334,0,0,0|995443,12875,-89870,0,0,0]
[1157015592:-992822,-22932,-102598,0,0,0|999467,-16638,4334,0,0,0|995443,12385,-89870,0,0,0]
[1157020592:-992822,-22932,-102598,0,0,0|999467,-16638,3842,0,0,0|994953,12385,-89870,0,0,0]
[1157025592:-993313,-22932,-102598,0,0,0|999467,-16638,3842,0,0,0|994462,12875,-89870,0,0,0]
[1157030592:-993313,-23421,-103090,0,0,0|999467,-16638,3842,0,0,0|994462,12875,-89378,0,0,0]
[1157035592:-993313,-23421,-103582,0,0,0|999467,-16638,3842,0,0,0|994953,12875,-89378,0,0,0]
[1157040592:-993804,-23421,-103582,0,0,0|999467,-16638,3842,0,0,0|995443,12875,-89870,0,0,0]
[1157045592:-993313,-23421,-103090,0,0,0|999957,-16638,3842,0,0,0|995443,12875,-89870,0,0,0]
[1157050592:-993313,-23421,-103090,0,0,0|999957,-16638,3351,0,0,0|995443,13365,-90361,0,0,0]
[1157055592:-993313,-22932,-103090,0,0,0|999957,-16638,3842,0,0,0|995443,13365,-90361,0,0,0]
[1157060592:-993313,-22932,-103582,0,0,0|999957,-16638,3842,0,0,0|995933,12875,-90361,0,0,0]
[1157065592:-993313,-22932,-103582,0,0,0|999957,-16638,3842,0,0,0|995443,12875,-90361,0,0,0]
[1157070592:-993313,-22932,-103090,0,0,0|999957,-16638,4334,0,0,0|994953,12875,-89870,0,0,0]
[1157075592:-993313,-22932,-103090,0,0,0|999957,-16638,4334,0,0,0|994953,12875,-89870,0,0,0]
[1157080592:-993313,-22932,-103090,0,0,0|999957,-16638,4334,0,0,0|994953,12875,-89870,0,0,0]
[1157085592:-992822,-22932,-103090,0,0,0|999467,-16638,3842,0,0,0|994953,12875,-89870,0,0,0]
[1157090592:-992822,-22932,-103090,0,0,0|999957,-16149,3842,0,0,0|994953,12875,-89870,0,0,0]
[1157095592:-992822,-22932,-102598,0,0,0|999957,-16149,3842,0,0,0|994953,12385,-90361,0,0,0]
[1157100592:-992822,-22932,-102598,0,0,0|999957,-16149,3842,0,0,0|994953,12385,-90361,0,0,0]
[1157105592:-992822,-22932,-103090,0,0,0|999957,-15660,3842,0,0,0|994953,12385,-90361,0,0,0]
[1157110592:-993313,-22932,-103090,0,0,0|999957,-16149,3842,0,0,0|994953,12385,-90361,0,0,0]
[1157115592:-993313,-23421,-103090,0,0,0|999957,-16149,3351,0,0,0|994953,12875,-90361,0,0,0]
[1157120592:-993313,-23421,-103090,0,0,0|999467,-16149,3351,0,0,0|994462,13365,-89870,0,0,0]
[1157125592:-993313,-22932,-103090,0,0,0|999467,-16149,3351,0,0,0|994462,13365,-89870,0,0,0]
[1157130592:-993313,-22932,-103090,0,0,0|999957,-16149,3351,0,0,0|994953,12875,-89870,0,0,0]
[1157135592:-993313,-22932,-103582,0,0,0|999957,-16149,3351,0,0,0|994953,12875,-89870,0,0,0]
[1157140592:-993313,-23421,-103090,0,0,0|999957,-15660,3351,0,0,0|994953,12875,-89870,0,0,0]
[1157145592:-993313,-22932,-103090,0,0,0|999467,-15660,3351,0,0,0|994462,12385,-90361,0,0,0]
[1157150592:-992822,-22932,-103582,0,0,0|999957,-16149,3842,0,0,0|994953,12385,-90853,0,0,0]
[1157155592:-992822,-22932,-103582,0,0,0|999957,-16149,3842,0,0,0|995443,12385,-90361,0,0,0]
[1157160592:-992822,-22932,-103582,0,0,0|1000447,-16638,3842,0,0,0|995443,12385,-89870,0,0,0]
[1157165592:-992822,-23421,-103582,0,0,0|999957,-16638,3351,0,0,0|995443,12875,-89870,0,0,0]
[1157170592:-992822,-23421,-103582,0,0,0|999957,-16638,3842,0,0,0|995443,12875,-90361,0,0,0]
[1157175592:-993313,-22932,-103582,0,0,0|999957,-16638,3842,0,0,0|995443,13365,-90361,0,0,0]
[1157180592:-993313,-22932,-103582,0,0,0|999957,-16638,3842,0,0,0|995443,13365,-90361,0,0,0]
[1157185592:-993804,-22932,-103582,0,0,0|999957,-16638,3842,0,0,0|995443,13365,-90361,0,0,0]
[1157190592:-993804,-22932,-103582,0,0,0|999467,-16638,3842,0,0,0|994953,12875,-90361,0,0,0]
[1157195592:-993313,-22932,-103090,0,0,0|999467,-16638,4334,0,0,0|995443,12875,-90361,0,0,0]
[1157200592:-993313,-22932,-102598,0,0,0|999467,-16638,4334,0,0,0|995443,12385,-90361,0,0,0]
[1157205592:-993313,-23421,-102598,0,0,0|999957,-16638,4334,0,0,0|995443,12385,-90361,0,0,0]
[1157210592:-993313,-23421,-103090,0,0,0|999957,-16638,4334,0,0,0|995443,12875,-90361,0,0,0]
[1157215592:-993313,-22932,-103090,0,0,0|999957,-16638,4334,0,0,0|994953,12875,-90361,0,0,0]
[1157220592:-993313,-22932,-103090,0,0,0|999957,-16149,3842,0,0,0|994953,12875,-90361,0,0,0]
[1157225592:-993313,-22932,-103090,0,0,0|999957,-16149,3842,0,0,0|994953,12875,-90361,0,0,0]
[1157230592:-993313,-23421,-103090,0,0,0|999957,-16149,3842,0,0,0|995443,12875,-89870,0,0,0]
[1157235592:-993313,-23421,-103090,0,0,0|999957,-16149,3842,0,0,0|995443,12385,-89870,0,0,0]
[1157240592:-993313,-23421,-103090,0,0,0|999957,-16149,3842,0,0,0|995443,12385,-89870,0,0,0]
[1157245592:-993313,-22932,-103090,0,0,0|999957,-16149,4334,0,0,0|995443,12875,-90361,0,0,0]
[1157250592:-993313,-22442,-103090,0,0,0|999467,-16149,4334,0,0,0|995443,12875,-90361,0,0,0]
[1157255592:-993313,-22932,-103090,0,0,0|999467,-16638,4334,0,0,0|995443,12875,-90361,0,0,0]
[1157260592:-993313,-23421,-103090,0,0,0|999957,-16638,4334,0,0,0|994953,12875,-90361,0,0,0]
[1157265592:-993313,-23421,-103090,0,0,0|999957,-16149,4334,0,0,0|994953,12875,-90361,0,0,0]
[1157270592:-993313,-23421,-103090,0,0,0|999467,-16638,4334,0,0,0|994953,12875,-90361,0,0,0]
[1157275592:-993313,-22932,-103090,0,0,0|999957,-16638,4826,0,0,0|995443,12875,-89870,0,0,0]
[1157280592:-993313,-22932,-103090,0,0,0|999467,-16638,4334,0,0,0|995443,12875,-89870,0,0,0]
[1157285592:-993804,-22932,-103090,0,0,0|999957,-16149,3842,0,0,0|995443,12875,-90361,0,0,0]
[1157290592:-993313,-22932,-103090,0,0,0|999957,-16149,3842,0,0,0|995443,12875,-90361,0,0,0]
[1157295592:-993313,-22932,-103090,0,0,0|999957,-16638,3842,0,0,0|995443,12875,-90361,0,0,0]
[1157300592:-993313,-22932,-103090,0,0,0|999957,-16149,3842,0,0,0|995443,12385,-90361,0,0,0]
[1157305592:-993313,-22932,-103090,0,0,0|999467,-16149,4334,0,0,0|995443,12385,-89870,0,0,0]
[1157310592:-993313,-22932,-103090,0,0,0|999467,-16638,4334,0,0,0|994953,12875,-89870,0,0,0]
[1157315592:-993313,-22932,-103090,0,0,0|999467,-16638,4826,0,0,0|994953,12875,-89870,0,0,0]
[1157320592:-993313,-22442,-103090,0,0,0|999957,-16638,4334,0,0,0|994953,12875,-89870,0,0,0]
[1157325592:-993313,-22442,-103090,0,0,0|999957,-16638,4334,0,0,0|995443,12875,-89870,0,0,0]
[1157330592:-993313,-22442,-103090,0,0,0|999957,-16638,3842,0,0,0|995443,12385,-90361,0,0,0]
[1157335592:-993313,-22442,-103090,0,0,0|999957,-16638,3842,0,0,0|994953,12385,-90361,0,0,0]
[1157340592:-993313,-22442,-103090,0,0,0|999957,-16638,3842,0,0,0|994462,12385,-89870,0,0,0]
[1157345592:-993313,-22442,-103090,0,0,0|999467,-16638,3842,0,0,0|994953,12385,-89870,0,0,0]
[1157350592:-993313,-22932,-103090,0,0,0|999467,-16638,3351,0,0,0|994953,12875,-89870,0,0,0]
[1157355592:-993313,-22932,-103090,0,0,0|999467,-16149,3351,0,0,0|994953,12875,-89870,0,0,0]
[1157360592:-993313,-23421,-103090,0,0,0|999957,-16149,3842,0,0,0|994953,12875,-89870,0,0,0]
[1157365592:-993313,-23421,-103090,0,0,0|999957,-16149,4334,0,0,0|994953,12875,-89870,0,0,0]
[1157370592:-992822,-23421,-103090,0,0,0|999957,-15660,4334,0,0,0|994953,12875,-89870,0,0,0]
[1157375592:-992822,-23421,-103582,0,0,0|999957,-15660,3842,0,0,0|994953,12875,-90361,0,0,0]
[1157380592:-992822,-23421,-103582,0,0,0|999957,-16149,3842,0,0,0|994953,12875,-90361,0,0,0]
[1157385592:-992822,-23421,-103090,0,0,0|999957,-16149,3351,0,0,0|994953,12875,-90361,0,0,0]
[1157390592:-992822,-22932,-103090,0,0,0|999957,-16149,3351,0,0,0|994462,12875,-90361,0,0,0]
[1157395592:-992822,-22932,-103090,0,0,0|999957,-16638,3351,0,0,0|994953,12875,-89870,0,0,0]
[1157400592:-992822,-22932,-103090,0,0,0|999957,-16638,3351,0,0,0|995443,12875,-89870,0,0,0]
[1157405592:-993313,-22932,-103090,0,0,0|999957,-16638,3351,0,0,0|995443,12875,-90361,0,0,0]
[1157410592:-993313,-23421,-103090,0,0,0|999957,-16638,3842,0,0,0|994953,12875,-89870,0,0,0]
[1157415592:-993313,-23421,-103090,0,0,0|999957,-17128,3842,0,0,0|994953,12875,-90361,0,0,0]
[1157420592:-993313,-22932,-103090,0,0,0|999957,-16638,3842,0,0,0|994953,12875,-90361,0,0,0]
[1157425592:-993313,-22932,-103090,0,0,0|1000447,-16638,3842,0,0,0|994953,12385,-89870,0,0,0]
[1157430592:-993313,-22932,-103090,0,0,0|1000447,-16638,3842,0,0,0|994953,12385,-90361,0,0,0]
[1157435592:-993313,-22932,-103090,0,0,0|999957,-16638,3351,0,0,0|994462,12385,-90361,0,0,0]
[1157440592:-993313,-22932,-103090,0,0,0|999957,-16149,3351,0,0,0|994953,12875,-89870,0,0,0]
[1157445592:-993313,-22932,-103582,0,0,0|999957,-16149,3351,0,0,0|994953,12875,-89870,0,0,0]
[1157450592:-993313,-22932,-103582,0,0,0|999957,-15660,3351,0,0,0|995443,12875,-89870,0,0,0]
[1157455592:-993313,-22932,-103090,0,0,0|999957,-15660,3351,0,0,0|994953,13365,-90361,0,0,0]
[1157460592:-993313,-22932,-103090,0,0,0|999957,-16149,3351,0,0,0|994953,12875,-89870,0,0,0]
[1157465592:-993313,-22442,-103090,0,0,0|999957,-16149,3351,0,0,0|995443,12875,-89870,0,0,0]
[1157470592:-993313,-22442,-103090,0,0,0|999957,-16149,2859,0,0,0|995443,12875,-89870,0,0,0]
[1157475592:-993313,-22442,-103090,0,0,0|1000447,-16149,3351,0,0,0|995443,12875,-90361,0,0,0]
[1157480592:-992822,-22932,-103090,0,0,0|1000447,-16638,3351,0,0,0|994953,12875,-90853,0,0,0]
[1157485592:-992822,-22932,-102598,0,0,0|999957,-16638,3842,0,0,0|994462,12875,-90853,0,0,0]
[1157490592:-992822,-22932,-103090,0,0,0|999957,-16638,3842,0,0,0|994953,12875,-90853,0,0,0]
[1157495592:-992822,-22932,-103582,0,0,0|999957,-16638,3351,0,0,0|995443,12385,-90361,0,0,0]
[1157500592:-992822,-23421,-103582,0,0,0|999957,-16149,3351,0,0,0|995443,12385,-90361,0,0,0]
[1157505592:-992822,-23421,-103582,0,0,0|999957,-16149,3842,0,0,0|995443,12385,-89870,0,0,0]
[1157510592:-992822,-23421,-103090,0,0,0|999957,-16149,3842,0,0,0|995443,12385,-90361,0,0,0]
[1157515592:-992822,-22932,-103090,0,0,0|999957,-16149,3842,0,0,0|995443,12875,-90361,0,0,0]
[1157520592:-992822,-22932,-103090,0,0,0|1000447,-16149,3842,0,0,0|995443,12385,-90361,0,0,0]
[1157525592:-993313,-22932,-103090,0,0,0|1000447,-16149,3842,0,0,0|995443,12875,-90361,0,0,0]
[1157530592:-993313,-22932,-103090,0,0,0|1000447,-16149,3842,0,0,0|995443,12875,-90361,0,0,0]
[1157535592:-993313,-23421,-103090,0,0,0|999957,-16638,3842,0,0,0|995443,13365,-90361,0,0,0]
[1157540592:-993804,-22932,-103582,0,0,0|999957,-16149,3842,0,0,0|995443,13365,-89870,0,0,0]
[1157545592:-993313,-22932,-103582,0,0,0|999957,-16149,3842,0,0,0|995933,13365,-89870,0,0,0]
[1157550592:-993804,-22932,-103582,0,0,0|999467,-16638,3842,0,0,0|995443,13365,-90361,0,0,0]
[1157555592:-993804,-22932,-103090,0,0,0|999467,-16638,3351,0,0,0|995443,12875,-90361,0,0,0]
[1157560592:-993313,-22932,-103090,0,0,0|999467,-16638,3351,0,0,0|995443,12385,-90361,0,0,0]
[1157565592:-993313,-22932,-103582,0,0,0|999467,-16638,2859,0,0,0|995443,12385,-90361,0,0,0]
[1157570592:-993313,-22932,-103582,0,0,0|999467,-16638,3351,0,0,0|995443,12875,-89870,0,0,0]
[1157575592:-993313,-23421,-103582,0,0,0|999467,-16149,3351,0,0,0|994953,12875,-89870,0,0,0]
[1157580592:-993804,-23421,-103582,0,0,0|999467,-16149,3842,0,0,0|994953,13365,-90361,0,0,0]
[1157585592:-993804,-23421,-103582,0,0,0|999467,-16638,3842,0,0,0|994953,13365,-90361,0,0,0]
[1157590592:-993804,-23421,-103582,0,0,0|999957,-16638,3351,0,0,0|995443,12875,-90361,0,0,0]
[1157595592:-993313,-22932,-103582,0,0,0|999957,-16149,3351,0,0,0|995443,12875,-90361,0,0,0]
[1157600592:-993313,-22932,-103582,0,0,0|999957,-16149,3842,0,0,0|995443,12875,-90361,0,0,0]
[1157605592:-992822,-22932,-103090,0,0,0|999957,-16149,3842,0,0,0|994953,12875,-90361,0,0,0]
[1157610592:-992822,-22932,-103090,0,0,0|999467,-16149,3842,0,0,0|994953,12875,-90361,0,0,0]
[1157615592:-993313,-22932,-103582,0,0,0|999467,-16149,3842,0,0,0|994953,12875,-90361,0,0,0]
[1157620592:-993313,-22932,-103582,0,0,0|998977,-16638,3842,0,0,0|994953,12875,-90361,0,0,0]
[1157625592:-993313,-22932,-103582,0,0,0|998977,-16638,3842,0,0,0|994953,12875,-90361,0,0,0]
[1157630592:-993313,-22442,-103090,0,0,0|999467,-16638,4334,0,0,0|994953,12875,-89870,0,0,0]
[1157635592:-993804,-22442,-103090,0,0,0|999467,-16149,4334,0,0,0|995443,12875,-89870,0,0,0]
[1157640592:-993804,-22932,-103090,0,0,0|999467,-16149,3842,0,0,0|995443,12875,-89870,0,0,0]
[1157645592:-993804,-22932,-103090,0,0,0|999957,-16149,3842,0,0,0|995443,12385,-90361,0,0,0]
[1157650592:-993804,-22932,-102598,0,0,0|999957,-16638,3842,0,0,0|995443,12385,-90361,0,0,0]
[1157655592:-993804,-22932,-102598,0,0,0|999957,-16638,3842,0,0,0|995443,12385,-90361,0,0,0]
[1157660592:-993804,-22932,-103090,0,0,0|999957,-16638,3842,0,0,0|995443,12385,-90361,0,0,0]
[1157665592:-993804,-22932,-103090,0,0,0|999957,-16638,3842,0,0,0|995443,12385,-90361,0,0,0]
[1157670592:-993804,-22932,-103090,0,0,0|999957,-16149,3842,0,0,0|994953,12875,-90361,0,0,0]
[1157675592:-993313,-22932,-103090,0,0,0|999957,-16149,4334,0,0,0|994953,12875,-90361,0,0,0]
[1157680592:-993313,-23421,-103090,0,0,0|999467,-16149,3842,0,0,0|994953,13365,-90361,0,0,0]
[1157685592:-992822,-23421,-103582,0,0,0|999467,-16149,3842,0,0,0|995443,13365,-90361,0,0,0]
[1157690592:-993313,-23421,-103582,0,0,0|999957,-16638,3842,0,0,0|994953,13365,-89870,0,0,0]
[1157695592:-993313,-23421,-103582,0,0,0|999957,-16638,3842,0,0,0|994462,12875,-89870,0,0,0]
[1157700592:-992822,-23421,-103582,0,0,0|999957,-16638,3842,0,0,0|994462,12875,-89378,0,0,0]
[1157705592:-992331,-23421,-103090,0,0,0|999957,-16638,3842,0,0,0|994953,12875,-89870,0,0,0]
[1157710592:-992331,-23421,-103090,0,0,0|999957,-16149,3842,0,0,0|994953,12875,-89870,0,0,0]
[1157715592:-992822,-23421,-103090,0,0,0|999957,-16149,3842,0,0,0|994953,12875,-89870,0,0,0]
[1157720592:-993313,-23421,-103090,0,0,0|999957,-16149,4334,0,0,0|994953,12875,-89870,0,0,0]
[1157725592:-993313,-22932,-103090,0,0,0|999957,-16149,3842,0,0,0|994953,12875,-89870,0,0,0]
[1157730592:-993313,-22932,-103090,0,0,0|999957,-16149,3842,0,0,0|994953,12875,-89870,0,0,0]
[1157735592:-993313,-22932,-103582,0,0,0|999957,-15660,3351,0,0,0|994953,12875,-89870,0,0,0]
[1157740592:-993313,-22932,-103090,0,0,0|999467,-16149,3351,0,0,0|994953,12875,-90361,0,0,0]
[1157745592:-993313,-22932,-103090,0,0,0|999467,-16149,3842,0,0,0|994953,12385,-90361,0,0,0]
[1157750592:-993313,-22932,-103090,0,0,0|999467,-16149,3842,0,0,0|994953,12385,-90361,0,0,0]
[1157755592:-993313,-22932,-102598,0,0,0|999467,-16149,3842,0,0,0|995443,12385,-90361,0,0,0]
[1157760592:-993313,-22442,-103090,0,0,0|999467,-16638,3842,0,0,0|994953,12385,-90361,0,0,0]
[1157765592:-992822,-22442,-103090,0,0,0|999957,-16149,3842,0,0,0|994462,12875,-90361,0,0,0]
[1157770592:-992822,-22442,-103090,0,0,0|999957,-16149,4334,0,0,0|994953,12875,-90361,0,0,0]
[1157775592:-993313,-22442,-103582,0,0,0|999957,-16149,4334,0,0,0|995443,12385,-90361,0,0,0]
[1157780592:-992822,-22932,-104075,0,0,0|999957,-16149,4334,0,0,0|995443,12385,-89870,0,0,0]
[1157785592:-992822,-22932,-104075,0,0,0|999467,-16149,4334,0,0,0|995443,12875,-89870,0,0,0]
[1157790592:-992822,-22932,-103582,0,0,0|999467,-16149,4334,0,0,0|994953,12875,-90361,0,0,0]
[1157795592:-993313,-22932,-103090,0,0,0|999467,-16149,3842,0,0,0|994953,12875,-90361,0,0,0]
[1157800592:-993313,-22932,-103090,0,0,0|999957,-16638,3842,0,0,0|994953,12875,-90361,0,0,0]
[1157805592:-993313,-22442,-103090,0,0,0|999957,-16638,3842,0,0,0|995443,13365,-90361,0,0,0]
[1157810592:-993313,-22932,-103582,0,0,0|999957,-16638,3842,0,0,0|995443,12875,-90361,0,0,0]
[1157815592:-993313,-22932,-103582,0,0,0|999467,-16638,3351,0,0,0|994953,12875,-90361,0,0,0]
[1157820592:-993313,-22932,-103090,0,0,0|999467,-16638,3351,0,0,0|994953,12875,-90361,0,0,0]
[1157825592:-993313,-22932,-103090,0,0,0|999957,-16638,3842,0,0,0|995443,12875,-89870,0,0,0]
[1157830592:-993313,-22932,-103090,0,0,0|999467,-16638,3842,0,0,0|994953,12875,-89870,0,0,0]
[1157835592:-993313,-22932,-103090,0,0,0|999467,-16638,3351,0,0,0|994953,12875,-89870,0,0,0]
[1157840592:-993313,-22932,-103582,0,0,0|999467,-16638,3351,0,0,0|994953,12875,-89870,0,0,0]
[1157845592:-993313,-22932,-103582,0,0,0|999467,-16638,3842,0,0,0|994953,12385,-90361,0,0,0]
[1157850592:-993313,-23421,-103582,0,0,0|999957,-16638,3842,0,0,0|995443,12385,-90361,0,0,0]
[1157855592:-993313,-23421,-103582,0,0,0|999957,-16638,3842,0,0,0|995443,12385,-90361,0,0,0]
[1157860592:-993313,-23421,-103582,0,0,0|999957,-16638,4334,0,0,0|995443,12875,-90361,0,0,0]
[1157865592:-993313,-23421,-103582,0,0,0|999957,-16638,4334,0,0,0|994953,12875,-90361,0,0,0]
[1157870592:-992822,-23421,-103090,0,0,0|999957,-16638,3842,0,0,0|994953,12875,-89870,0,0,0]
[1157875592:-992822,-22932,-103090,0,0,0|999957,-16638,3842,0,0,0|995443,12875,-89870,0,0,0]
[1157880592:-992822,-22932,-102598,0,0,0|999957,-16638,3842,0,0,0|995443,12875,-90361,0,0,0]
[1157885592:-992822,-22932,-102598,0,0,0|999957,-16638,4334,0,0,0|994953,12875,-90361,0,0,0]
[1157890592:-993313,-22932,-102598,0,0,0|999957,-16638,4826,0,0,0|994953,12875,-89870,0,0,0]
[1157895592:-993313,-22932,-103090,0,0,0|999957,-16149,4826,0,0,0|994953,12875,-89870,0,0,0]
[1157900592:-992822,-22442,-103090,0,0,0|999467,-16149,4826,0,0,0|994953,12875,-89870,0,0,0]
[1157905592:-992822,-22442,-103090,0,0,0|999467,-16149,4334,0,0,0|994953,12875,-89870,0,0,0]
[1157910592:-993313,-22932,-103090,0,0,0|999467,-16149,3842,0,0,0|994953,12875,-89870,0,0,0]
[1157915592:-993313,-22932,-103090,0,0,0|999467,-16149,3842,0,0,0|994953,12875,-89870,0,0,0]
[1157920592:-993313,-22932,-103090,0,0,0|999467,-16638,3842,0,0,0|995443,12875,-90361,0,0,0]
[1157925592:-992822,-22932,-103090,0,0,0|999957,-16638,3842,0,0,0|995443,12875,-90361,0,0,0]
[1157930592:-992822,-22932,-103090,0,0,0|1000447,-16638,3842,0,0,0|995443,12875,-90361,0,0,0]
[1157935592:-992822,-22932,-102598,0,0,0|1000447,-16638,3842,0,0,0|994953,12875,-90361,0,0,0]
[1157940592:-992331,-22932,-102598,0,0,0|1000447,-16149,3842,0,0,0|994462,12385,-90361,0,0,0]
[1157945592:-992331,-22932,-103090,0,0,0|1000447,-16149,4334,0,0,0|994462,12385,-90361,0,0,0]
[1157950592:-992822,-22932,-103582,0,0,0|999957,-16149,4334,0,0,0|994462,12875,-90853,0,0,0]
[1157955592:-992822,-22932,-103582,0,0,0|999957,-16149,4334,0,0,0|994462,12875,-90853,0,0,0]
[1157960592:-992822,-22932,-103582,0,0,0|999957,-16149,4334,0,0,0|994462,13365,-90853,0,0,0]
[1157965592:-992822,-22932,-103090,0,0,0|999467,-15660,4334,0,0,0|994953,12875,-90361,0,0,0]
[1157970592:-992822,-22932,-103582,0,0,0|999467,-15660,4334,0,0,0|994953,12385,-89870,0,0,0]
[1157975592:-992822,-22932,-103582,0,0,0|999467,-15660,4334,0,0,0|995443,12385,-89870,0,0,0]
[1157980592:-993313,-22932,-103582,0,0,0|999957,-16149,4826,0,0,0|995443,12875,-89870,0,0,0]
[1157985592:-993313,-22932,-103582,0,0,0|999957,-16149,4334,0,0,0|994953,12875,-89870,0,0,0]
[1157990592:-993313,-22932,-103090,0,0,0|999957,-15660,4334,0,0,0|994953,12875,-89870,0,0,0]
[1157995592:-993313,-22932,-103090,0,0,0|999467,-16149,4334,0,0,0|995443,12875,-89870,0,0,0]
[1158000592:-992822,-22932,-103090,0,0,0|999467,-16149,3842,0,0,0|995443,12875,-89870,0,0,0]
[1158005592:-993313,-22932,-103090,0,0,0|999957,-16149,3842,0,0,0|995443,13365,-89870,0,0,0]
[1158010592:-993313,-22932,-103090,0,0,0|999957,-16149,3842,0,0,0|994953,13365,-89870,0,0,0]
[1158015592:-993313,-22932,-103090,0,0,0|999957,-16638,3842,0,0,0|994953,12875,-89870,0,0,0]
[1158020592:-993313,-23421,-103090,0,0,0|999957,-16638,3842,0,0,0|994953,12385,-89378,0,0,0]
[1158025592:-993313,-23421,-103090,0,0,0|999957,-16638,3351,0,0,0|994953,12385,-89378,0,0,0]
[1158030592:-993804,-23421,-103090,0,0,0|999957,-16638,3351,0,0,0|994953,12385,-89870,0,0,0]
[1158035592:-993804,-23421,-102598,0,0,0|999957,-16638,3351,0,0,0|994953,12385,-89870,0,0,0]
[1158040592:-993804,-23421,-103090,0,0,0|999957,-16638,3842,0,0,0|994953,12385,-89870,0,0,0]
[1158045592:-993804,-22932,-103090,0,0,0|999957,-17128,3842,0,0,0|995443,12385,-89870,0,0,0]
[1158050592:-993313,-22932,-103090,0,0,0|1000447,-16638,4334,0,0,0|994953,12385,-89870,0,0,0]
[1158055592:-993313,-22442,-103090,0,0,0|1000447,-16638,4334,0,0,0|994953,12875,-89870,0,0,0]
[1158060592:-993313,-22442,-102598,0,0,0|999957,-16149,3842,0,0,0|994953,12875,-89870,0,0,0]
[1158065592:-993313,-22932,-102598,0,0,0|999957,-16149,3842,0,0,0|994953,12875,-89870,0,0,0]
[1158070592:-993313,-22932,-102598,0,0,0|999957,-15660,3842,0,0,0|995443,12875,-89870,0,0,0]
[1158075592:-993313,-22932,-102598,0,0,0|999957,-15660,3842,0,0,0|994953,12875,-90361,0,0,0]
[1158080592:-993804,-22932,-102598,0,0,0|999957,-16149,4334,0,0,0|994953,12875,-90361,0,0,0]
[1158085592:-993804,-22932,-103090,0,0,0|999957,-16149,4334,0,0,0|994953,12385,-90361,0,0,0]
[1158090592:-993804,-22932,-103582,0,0,0|1000447,-16638,4334,0,0,0|994953,12875,-90361,0,0,0]
[1158095592:-993804,-22932,-103582,0,0,0|1000447,-16638,4334,0,0,0|995443,12875,-90361,0,0,0]
[1158100592:-993804,-22932,-103090,0,0,0|1000447,-16149,4334,0,0,0|994953,12875,-90361,0,0,0]
[1158105592:-993804,-22932,-103090,0,0,0|999957,-16149,4334,0,0,0|994953,12875,-90361,0,0,0]
[1158110592:-993804,-22932,-103090,0,0,0|999467,-16149,4334,0,0,0|994953,12385,-90361,0,0,0]
[1158115592:-993313,-22932,-103582,0,0,0|999467,-16149,4334,0,0,0|994953,12875,-90361,0,0,0]
[1158120592:-993313,-22932,-103582,0,0,0|999467,-16149,4334,0,0,0|995443,12875,-90853,0,0,0]
[1158125592:-993313,-22932,-103090,0,0,0|999467,-16149,4334,0,0,0|995443,12875,-90853,0,0,0]
[1158130592:-993313,-22932,-102598,0,0,0|999957,-16638,3842,0,0,0|994953,12875,-90853,0,0,0]
[1158135592:-993313,-22932,-103090,0,0,0|999957,-16638,3842,0,0,0|995443,12385,-90853,0,0,0]
[1158140592:-993313,-22932,-103582,0,0,0|999957,-16638,3842,0,0,0|994953,12385,-90361,0,0,0]
[1158145592:-993313,-22932,-103582,0,0,0|999957,-16638,3842,0,0,0|994953,12875,-90361,0,0,0]
[1158150592:-993313,-22932,-103090,0,0,0|999957,-17128,4334,0,0,0|994462,12875,-89870,0,0,0]
[1158155592:-993804,-22932,-102598,0,0,0|999957,-17128,4334,0,0,0|994462,12875,-89870,0,0,0]
[1158160592:-993313,-22932,-102598,0,0,0|999957,-16638,4334,0,0,0|994953,12875,-89870,0,0,0]
[1158165592:-992822,-22932,-102598,0,0,0|999957,-16149,4334,0,0,0|995443,12875,-89870,0,0,0]
[1158170592:-992822,-22932,-102598,0,0,0|999957,-16149,4334,0,0,0|995443,12875,-89870,0,0,0]
[1158175592:-992822,-22932,-102598,0,0,0|999957,-16149,3842,0,0,0|995443,12875,-89870,0,0,0]
[1158180592:-992822,-22442,-102598,0,0,0|999957,-16638,3842,0,0,0|995443,12875,-89870,0,0,0]
[1158185592:-993313,-22442,-103090,0,0,0|999957,-16638,3351,0,0,0|995443,12875,-89378,0,0,0]
[1158190592:-993313,-22932,-103582,0,0,0|999467,-16149,3351,0,0,0|995443,12875,-89378,0,0,0]
[1158195592:-993804,-22932,-103582,0,0,0|999467,-16149,3351,0,0,0|995443,12875,-89378,0,0,0]
[1158200592:-993313,-22932,-103090,0,0,0|999467,-16638,3842,0,0,0|994953,12875,-89870,0,0,0]
[1158205592:-993313,-22932,-103090,0,0,0|999467,-16638,3842,0,0,0|994953,12875,-90361,0,0,0]
[1158210592:-993313,-22932,-103090,0,0,0|999467,-16638,3842,0,0,0|994953,12875,-90361,0,0,0]
[1158215592:-993313,-22932,-103090,0,0,0|999957,-16638,4334,0,0,0|995443,12875,-90361,0,0,0]
[1158220592:-993313,-22932,-103090,0,0,0|999957,-16638,4334,0,0,0|994953,12875,-90361,0,0,0]
[1158225592:-993313,-22932,-103090,0,0,0|999957,-16149,3842,0,0,0|994953,12875,-90361,0,0,0]
[1158230592:-993313,-22932,-103090,0,0,0|999957,-16149,3351,0,0,0|994462,12385,-89870,0,0,0]
[1158235592:-993313,-22932,-103090,0,0,0|999957,-16149,3842,0,0,0|994953,12385,-89870,0,0,0]
[1158240592:-993804,-22932,-103090,0,0,0|999957,-16149,4334,0,0,0|995443,12875,-90361,0,0,0]
[1158245592:-993804,-22932,-103090,0,0,0|999957,-16149,4334,0,0,0|995443,12875,-90361,0,0,0]
[1158250592:-993313,-22932,-103090,0,0,0|999467,-16149,3842,0,0,0|995933,12875,-90361,0,0,0]
[1158255592:-993313,-22932,-103090,0,0,0|999467,-16638,3842,0,0,0|995933,12385,-89870,0,0,0]
[1158260592:-993313,-22932,-103582,0,0,0|999957,-16638,3842,0,0,0|995933,12385,-89870,0,0,0]
[1158265592:-993313,-22932,-103582,0,0,0|999957,-16638,3842,0,0,0|995933,12385,-89870,0,0,0]
[1158270592:-993313,-22932,-103090,0,0,0|999957,-16149,3842,0,0,0|995443,12875,-89870,0,0,0]
[1158275592:-993313,-22932,-103090,0,0,0|999957,-16149,3842,0,0,0|995443,12385,-90361,0,0,0]
[1158280592:-993313,-22932,-103090,0,0,0|999957,-16638,3842,0,0,0|995443,12385,-89870,0,0,0]
[1158285592:-993313,-22932,-103090,0,0,0|999957,-16638,3842,0,0,0|995443,12385,-89870,0,0,0]
[1158290592:-993313,-22932,-103090,0,0,0|999957,-16638,3842,0,0,0|995443,12875,-89870,0,0,0]
[1158295592:-993313,-22932,-103090,0,0,0|999957,-16149,3842,0,0,0|994953,12875,-90361,0,0,0]
[1158300592:-992822,-22932,-103090,0,0,0|999957,-16149,3842,0,0,0|994953,12875,-90361,0,0,0]
[1158305592:-992822,-22932,-103090,0,0,0|999957,-16149,3842,0,0,0|995443,12385,-90361,0,0,0]
[1158310592:-992822,-22932,-103582,0,0,0|999957,-15660,3842,0,0,0|995443,12385,-89870,0,0,0]
[1158315592:-993313,-22932,-103582,0,0,0|999467,-16149,3842,0,0,0|995443,12385,-89870,0,0,0]
[1158320592:-993313,-23421,-103582,0,0,0|999467,-16149,3842,0,0,0|994953,12875,-89870,0,0,0]
[1158325592:-993313,-23421,-103090,0,0,0|999467,-16149,3351,0,0,0|994953,12875,-89870,0,0,0]
[1158330592:-993313,-23421,-103090,0,0,0|999467,-16149,3351,0,0,0|994953,12385,-89870,0,0,0]
[1158335592:-993313,-22932,-103090,0,0,0|999467,-16638,3351,0,0,0|994953,12875,-89870,0,0,0]
[1158340592:-993313,-22932,-103090,0,0,0|999467,-16638,3351,0,0,0|994462,12875,-89870,0,0,0]
[1158345592:-993313,-22932,-102598,0,0,0|999467,-16638,3351,0,0,0|994462,12385,-89870,0,0,0]
[1158350592:-993313,-22932,-102105,0,0,0|999467,-17128,3351,0,0,0|994953,12875,-89870,0,0,0]
[1158355592:-993313,-22932,-102105,0,0,0|999467,-17128,3842,0,0,0|994953,12385,-89870,0,0,0]
[1158360592:-993313,-22932,-102598,0,0,0|999467,-16638,3842,0,0,0|995443,12875,-89870,0,0,0]
[1158365592:-993313,-22932,-102598,0,0,0|999467,-16638,3842,0,0,0|995443,12875,-90361,0,0,0]
[1158370592:-993313,-22932,-102598,0,0,0|999467,-16149,3842,0,0,0|995443,12875,-90361,0,0,0]
[1158375592:-992822,-22932,-103090,0,0,0|999467,-16149,4334,0,0,0|995443,12875,-90361,0,0,0]
[1158380592:-992822,-22932,-103090,0,0,0|999467,-16638,4334,0,0,0|995933,12875,-89870,0,0,0]
[1158385592:-992822,-22932,-103090,0,0,0|999467,-16638,4334,0,0,0|995933,12875,-89378,0,0,0]
[1158390592:-993313,-22932,-103090,0,0,0|999467,-16638,3842,0,0,0|995933,12875,-89870,0,0,0]
[1158395592:-993313,-22932,-103090,0,0,0|999467,-16638,3351,0,0,0|995443,12875,-89870,0,0,0]
[1158400592:-993313,-22932,-103090,0,0,0|999467,-16638,3351,0,0,0|995443,12875,-89378,0,0,0]
[1158405592:-993313,-22932,-103090,0,0,0|999467,-16149,3351,0,0,0|995443,12875,-89870,0,0,0]
[1158410592:-993313,-22932,-103090,0,0,0|999957,-16149,3351,0,0,0|994953,12875,-90361,0,0,0]
[1158415592:-993313,-22932,-103090,0,0,0|999957,-16149,3842,0,0,0|994953,12875,-90361,0,0,0]
[1158420592:-993313,-23421,-103090,0,0,0|999957,-16149,3842,0,0,0|994953,12385,-90853,0,0,0]
[1158425592:-993313,-23421,-103090,0,0,0|999957,-16149,3351,0,0,0|994953,12385,-90361,0,0,0]
[1158430592:-992822,-22932,-103090,0,0,0|999957,-16149,3351,0,0,0|995443,12385,-90361,0,0,0]
[1158435592:-992822,-22932,-103582,0,0,0|999467,-16638,3351,0,0,0|995443,12385,-90361,0,0,0]
[1158440592:-992822,-22932,-103090,0,0,0|999957,-16638,3842,0,0,0|995443,12385,-90361,0,0,0]
[1158445592:-992822,-22442,-102598,0,0,0|1000447,-16638,4334,0,0,0|995443,12385,-90361,0,0,0]
[1158450592:-992822,-22442,-102598,0,0,0|1000447,-16149,4334,0,0,0|995443,12385,-90361,0,0,0]
[1158455592:-992822,-22442,-103090,0,0,0|1000447,-16149,4334,0,0,0|995443,12385,-90361,0,0,0]
[1158460592:-993313,-22442,-103090,0,0,0|999957,-15660,4334,0,0,0|995443,12385,-89870,0,0,0]
[1158465592:-993313,-22932,-103090,0,0,0|999957,-15660,3842,0,0,0|994953,12385,-89870,0,0,0]
[1158470592:-993313,-22932,-103090,0,0,0|999957,-16149,3842,0,0,0|994953,12385,-89870,0,0,0]
[1158475592:-993313,-22932,-103090,0,0,0|999957,-16149,3842,0,0,0|994953,12385,-89378,0,0,0]
[1158480592:-992822,-22932,-103090,0,0,0|999957,-16149,3842,0,0,0|994953,12385,-89870,0,0,0]
[1158485592:-992822,-23421,-103090,0,0,0|999467,-16149,3842,0,0,0|994462,12875,-89870,0,0,0]
[1158490592:-993313,-23421,-103090,0,0,0|999467,-16149,4334,0,0,0|994462,12875,-89870,0,0,0]
[1158495592:-993313,-23421,-103090,0,0,0|998977,-16638,4826,0,0,0|994953,12875,-90361,0,0,0]
[1158500592:-993313,-22932,-103090,0,0,0|999467,-16638,4826,0,0,0|994953,13365,-90361,0,0,0]
[1158505592:-993313,-22932,-103582,0,0,0|999467,-16638,4826,0,0,0|995443,13365,-89870,0,0,0]
[1158510592:-993313,-22932,-103582,0,0,0|999957,-16638,4826,0,0,0|994953,13365,-89870,0,0,0]
[1158515592:-993804,-22932,-103090,0,0,0|999957,-16638,4334,0,0,0|994462,13365,-89870,0,0,0]
[1158520592:-993313,-22932,-103090,0,0,0|1000447,-16638,3842,0,0,0|994953,13365,-89870,0,0,0]
[1158525592:-993313,-22932,-103090,0,0,0|1000447,-16638,3842,0,0,0|994953,12875,-89870,0,0,0]
[1158530592:-993313,-22932,-103090,0,0,0|999957,-16638,3842,0,0,0|995443,12385,-89870,0,0,0]
[1158535592:-993313,-22932,-103090,0,0,0|999957,-16638,4334,0,0,0|994953,12385,-90361,0,0,0]
[1158540592:-992822,-22932,-103090,0,0,0|999467,-16149,4334,0,0,0|994953,12385,-90361,0,0,0]
[1158545592:-992822,-22932,-103090,0,0,0|999467,-16149,4334,0,0,0|995443,12385,-90361,0,0,0]
[1158550592:-992822,-22932,-103582,0,0,0|999957,-16638,4334,0,0,0|995443,12385,-90361,0,0,0]
[1158555592:-993313,-22932,-103582,0,0,0|999957,-16638,4334,0,0,0|995443,12385,-90361,0,0,0]
[1158560592:-993313,-23421,-103582,0,0,0|999957,-16638,4334,0,0,0|994953,12385,-90361,0,0,0]
[1158565592:-993313,-23421,-103582,0,0,0|999957,-16638,4334,0,0,0|994953,12385,-90361,0,0,0]
[1158570592:-993313,-23421,-103090,0,0,0|999467,-16638,4826,0,0,0|994953,12385,-89870,0,0,0]
[1158575592:-993313,-22932,-103582,0,0,0|999467,-16638,4826,0,0,0|994953,12875,-89870,0,0,0]
[1158580592:-993313,-22932,-103090,0,0,0|999467,-16149,4334,0,0,0|994953,12875,-89378,0,0,0]
[1158585592:-993313,-22932,-103090,0,0,0|999957,-16149,4334,0,0,0|995443,12875,-89870,0,0,0]
[1158590592:-993804,-22932,-103090,0,0,0|999957,-16149,4334,0,0,0|995443,12875,-90361,0,0,0]
[1158595592:-993804,-22442,-103582,0,0,0|999957,-16149,4334,0,0,0|995933,12875,-89870,0,0,0]
[1158600592:-993804,-22442,-103582,0,0,0|999957,-16149,3842,0,0,0|995933,12875,-89870,0,0,0]
[1158605592:-993313,-22442,-103582,0,0,0|999467,-16149,3842,0,0,0|995933,12875,-89870,0,0,0]
[1158610592:-993313,-22442,-103090,0,0,0|999467,-16149,3351,0,0,0|995443,12875,-89870,0,0,0]
[1158615592:-993313,-22442,-103090,0,0,0|999467,-16149,3351,0,0,0|995443,12385,-89870,0,0,0]
[1158620592:-993313,-22932,-103090,0,0,0|999467,-16149,3351,0,0,0|994953,12385,-89870,0,0,0]
[1158625592:-993313,-22442,-103090,0,0,0|999467,-16149,3842,0,0,0|994953,12385,-89870,0,0,0]
[1158630592:-993313,-22932,-103090,0,0,0|999467,-16149,4334,0,0,0|994953,12875,-89870,0,0,0]
[1158635592:-993313,-22932,-103582,0,0,0|999467,-16149,3842,0,0,0|994953,12385,-90361,0,0,0]
[1158640592:-993313,-22932,-103090,0,0,0|999467,-16149,3842,0,0,0|994953,12875,-90361,0,0,0]
[1158645592:-993313,-23421,-103090,0,0,0|999467,-16149,3842,0,0,0|995443,12875,-90361,0,0,0]
[1158650592:-993313,-23421,-103090,0,0,0|999467,-16638,4334,0,0,0|995443,12875,-89870,0,0,0]
[1158655592:-993804,-22932,-103090,0,0,0|999467,-16638,4334,0,0,0|995443,12875,-90361,0,0,0]
[1158660592:-993804,-22932,-103090,0,0,0|999467,-16638,4826,0,0,0|994953,12875,-90361,0,0,0]
[1158665592:-993313,-22932,-103090,0,0,0|999467,-17128,4826,0,0,0|994953,12875,-90853,0,0,0]
[1158670592:-993313,-22442,-103090,0,0,0|999467,-17128,4826,0,0,0|994953,12875,-90853,0,0,0]
[1158675592:-993313,-22442,-103090,0,0,0|999467,-16638,5317,0,0,0|994953,12875,-90853,0,0,0]
[1158680592:-993313,-22932,-103090,0,0,0|999467,-16638,4826,0,0,0|994462,12875,-90853,0,0,0]
[1158685592:-993313,-22932,-103090,0,0,0|999467,-17128,4334,0,0,0|994953,12875,-90361,0,0,0]
[1158690592:-993313,-22932,-103090,0,0,0|999957,-17128,4334,0,0,0|995443,12875,-89870,0,0,0]
[1158695592:-993313,-22932,-103090,0,0,0|999957,-16638,3842,0,0,0|995933,12875,-89870,0,0,0]
[1158700592:-992822,-22932,-103090,0,0,0|999957,-16638,3842,0,0,0|995933,12875,-89378,0,0,0]
[1158705592:-992822,-22932,-103090,0,0,0|999957,-16149,3842,0,0,0|995443,12875,-89870,0,0,0]
[1158710592:-992822,-22442,-103090,0,0,0|999957,-16149,3842,0,0,0|995443,12875,-89870,0,0,0]
[1158715592:-992822,-22442,-103582,0,0,0|999957,-16149,3842,0,0,0|995443,12385,-89870,0,0,0]
[1158720592:-992822,-22442,-103582,0,0,0|999957,-16149,4334,0,0,0|995443,12385,-89870,0,0,0]
[1158725592:-992822,-22932,-103582,0,0,0|999957,-16149,4334,0,0,0|995443,12385,-90361,0,0,0]
[1158730592:-993313,-22932,-103090,0,0,0|999957,-15660,4334,0,0,0|994953,12875,-90853,0,0,0]
[1158735592:-993313,-23421,-103090,0,0,0|999957,-15660,4334,0,0,0|994953,12875,-90853,0,0,0]
[1158740592:-993313,-23421,-103090,0,0,0|999467,-15660,3842,0,0,0|994953,12875,-90361,0,0,0]
[1158745592:-993313,-22932,-103582,0,0,0|999957,-16149,4334,0,0,0|995443,12875,-90361,0,0,0]
[1158750592:-993313,-22932,-103582,0,0,0|999957,-16638,4334,0,0,0|995443,12875,-90361,0,0,0]
[1158755592:-993313,-22932,-103090,0,0,0|999957,-16638,4334,0,0,0|995443,12875,-90361,0,0,0]
[1158760592:-993313,-22932,-102598,0,0,0|999957,-16638,4334,0,0,0|995443,12875,-89870,0,0,0]
[1158765592:-992822,-22442,-102598,0,0,0|999957,-16638,4334,0,0,0|995443,12875,-89870,0,0,0]
[1158770592:-992822,-22932,-103090,0,0,0|999467,-16638,4334,0,0,0|995443,12875,-89870,0,0,0]
[1158775592:-993313,-22932,-103090,0,0,0|999467,-16638,3842,0,0,0|994953,12875,-89870,0,0,0]
[1158780592:-993313,-23421,-103090,0,0,0|999467,-16638,3842,0,0,0|994953,12875,-89870,0,0,0]
[1158785592:-993313,-23421,-103090,0,0,0|999467,-16638,3842,0,0,0|994953,12875,-89870,0,0,0]
[1158790592:-993313,-23421,-103090,0,0,0|999957,-16638,3842,0,0,0|995443,12875,-89870,0,0,0]
[1158795592:-993313,-23421,-103090,0,0,0|999957,-16638,3842,0,0,0|994953,12385,-89870,0,0,0]
[1158800592:-993313,-23421,-103090,0,0,0|999957,-16638,4334,0,0,0|994953,12875,-90361,0,0,0]
[1158805592:-993313,-23421,-103090,0,0,0|999957,-16638,4334,0,0,0|994462,12385,-90361,0,0,0]
[1158810592:-992822,-23421,-103090,0,0,0|999957,-16638,3842,0,0,0|994953,12875,-90361,0,0,0]
[1158815592:-992822,-23421,-103090,0,0,0|999467,-16638,3842,0,0,0|995443,12875,-89870,0,0,0]
[1158820592:-992822,-23421,-103090,0,0,0|999467,-16638,3842,0,0,0|995443,12875,-89870,0,0,0]
[1158825592:-992822,-23421,-102598,0,0,0|999467,-16638,4334,0,0,0|995443,12875,-89870,0,0,0]
[1158830592:-993313,-23421,-103090,0,0,0|999957,-16638,4334,0,0,0|995443,12875,-90361,0,0,0]
[1158835592:-993313,-23421,-103090,0,0,0|999957,-16149,4334,0,0,0|995443,12875,-90361,0,0,0]
[1158840592:-993313,-22932,-103090,0,0,0|999957,-16149,3842,0,0,0|995443,12875,-90361,0,0,0]
[1158845592:-993313,-22932,-103582,0,0,0|999957,-16149,4334,0,0,0|995443,12875,-90361,0,0,0]
[1158850592:-993313,-22932,-103090,0,0,0|999957,-16149,4334,0,0,0|995443,12875,-90361,0,0,0]
[1158855592:-992822,-23421,-103090,0,0,0|999957,-16149,4334,0,0,0|994953,12875,-89870,0,0,0]
[1158860592:-992822,-22932,-103090,0,0,0|999957,-16149,4334,0,0,0|995443,12875,-89378,0,0,0]
[1158865592:-992822,-22932,-103090,0,0,0|999957,-16149,3842,0,0,0|995443,12875,-89378,0,0,0]
[1158870592:-992822,-22932,-103582,0,0,0|1000447,-16149,3842,0,0,0|995443,12875,-89870,0,0,0]
[1158875592:-992822,-22932,-103582,0,0,0|1000447,-16149,3842,0,0,0|994953,12875,-90361,0,0,0]
[1158880592:-992822,-23421,-103582,0,0,0|1000447,-16149,3351,0,0,0|994953,12385,-90361,0,0,0]
[1158885592:-993313,-23421,-103582,0,0,0|1000447,-16638,2859,0,0,0|994953,12385,-90361,0,0,0]
[1158890592:-993313,-23421,-103582,0,0,0|1000447,-16638,2859,0,0,0|995443,12385,-90361,0,0,0]
[1158895592:-993313,-22932,-104075,0,0,0|1000447,-16149,2859,0,0,0|995443,12875,-90361,0,0,0]
[1158900592:-993313,-22932,-103582,0,0,0|1000447,-16149,2859,0,0,0|994953,12875,-90361,0,0,0]
[1158905592:-993313,-22932,-103582,0,0,0|1000447,-15660,3351,0,0,0|994462,12385,-90361,0,0,0]
[1158910592:-992822,-22932,-103582,0,0,0|1000447,-15660,3842,0,0,0|994953,12385,-90361,0,0,0]
[1158915592:-992822,-22932,-103582,0,0,0|999957,-16149,3842,0,0,0|994953,12385,-90361,0,0,0]
[1158920592:-992822,-22932,-103582,0,0,0|999957,-16638,3842,0,0,0|994953,12875,-89870,0,0,0]
[1158925592:-993313,-22932,-103090,0,0,0|999957,-16638,3842,0,0,0|994953,12875,-89870,0,0,0]
[1158930592:-993313,-22932,-103090,0,0,0|999957,-16638,3842,0,0,0|995443,12875,-89870,0,0,0]
[1158935592:-993313,-22932,-103090,0,0,0|999957,-16638,3842,0,0,0|995443,12875,-89870,0,0,0]
[1158940592:-993804,-22932,-103090,0,0,0|999957,-16638,3842,0,0,0|995443,12875,-89870,0,0,0]
[1158945592:-993804,-23421,-103090,0,0,0|999957,-16638,3842,0,0,0|994953,12875,-90361,0,0,0]
[1158950592:-993313,-23421,-103090,0,0,0|999467,-16638,3842,0,0,0|994953,12875,-90361,0,0,0]
[1158955592:-993313,-23421,-103090,0,0,0|999467,-16638,3842,0,0,0|994953,12875,-90361,0,0,0]
[1158960592:-993313,-22932,-103090,0,0,0|999467,-16149,3842,0,0,0|994953,12875,-90853,0,0,0]
[1158965592:-993313,-22932,-103090,0,0,0|999957,-16149,4334,0,0,0|994953,12875,-90853,0,0,0]
[1158970592:-993313,-22932,-103582,0,0,0|999957,-16149,4334,0,0,0|994953,12875,-90853,0,0,0]
[1158975592:-993313,-22932,-103582,0,0,0|999957,-16149,4334,0,0,0|994953,12875,-90361,0,0,0]
[1158980592:-993313,-22442,-104075,0,0,0|999957,-16638,4334,0,0,0|995443,12875,-89870,0,0,0]
[1158985592:-993313,-22442,-104075,0,0,0|999957,-16638,4334,0,0,0|995443,12875,-89870,0,0,0]
[1158990592:-993313,-22932,-104075,0,0,0|999957,-16638,3842,0,0,0|995443,12385,-90361,0,0,0]
[1158995592:-993313,-22932,-103582,0,0,0|999957,-16638,3351,0,0,0|995443,12385,-90361,0,0,0]
[1159000592:-993804,-23421,-103582,0,0,0|999957,-16638,3351,0,0,0|995443,12385,-90361,0,0,0]
[1159005592:-993804,-23421,-103582,0,0,0|999957,-16638,3351,0,0,0|995443,12875,-90361,0,0,0]
[1159010592:-993804,-22932,-103582,0,0,0|999957,-16638,3842,0,0,0|995443,12875,-90361,0,0,0]
[1159015592:-993804,-22932,-103582,0,0,0|999957,-16638,3842,0,0,0|994953,12875,-90361,0,0,0]
[1159020592:-993313,-22932,-103582,0,0,0|999957,-16149,4334,0,0,0|994462,13365,-90361,0,0,0]
[1159025592:-993313,-22932,-103582,0,0,0|999957,-16149,4334,0,0,0|994462,12875,-90361,0,0,0]
[1159030592:-993313,-23421,-103582,0,0,0|999957,-16149,4334,0,0,0|994953,12875,-89870,0,0,0]
[1159035592:-993313,-23421,-103090,0,0,0|999467,-16149,4826,0,0,0|994953,12875,-89870,0,0,0]
[1159040592:-992822,-23421,-103090,0,0,0|999467,-16638,4826,0,0,0|994953,12385,-89870,0,0,0]
[1159045592:-992822,-23421,-103090,0,0,0|998977,-16638,4826,0,0,0|994953,12385,-89870,0,0,0]
[1159050592:-992822,-23421,-103090,0,0,0|999467,-16638,4826,0,0,0|994953,12385,-89870,0,0,0]
[1159055592:-992822,-23421,-103090,0,0,0|999957,-16638,4826,0,0,0|994953,11895,-89870,0,0,0]
[1159060592:-993313,-22932,-103582,0,0,0|999957,-16638,4334,0,0,0|994953,11895,-89870,0,0,0]
[1159065592:-993313,-22932,-103090,0,0,0|999957,-16638,4334,0,0,0|994953,12385,-90361,0,0,0]
[1159070592:-993313,-22932,-103090,0,0,0|999957,-16149,4334,0,0,0|994953,12385,-89870,0,0,0]
[1159075592:-993313,-22932,-103090,0,0,0|999467,-16149,3842,0,0,0|995443,12385,-89870,0,0,0]
[1159080592:-993313,-22932,-103090,0,0,0|999467,-16638,3842,0,0,0|995443,12385,-90361,0,0,0]
[1159085592:-993313,-22932,-103582,0,0,0|999467,-16638,3842,0,0,0|994953,12385,-90361,0,0,0]
[1159090592:-993313,-22932,-103090,0,0,0|999957,-16638,3842,0,0,0|994953,12385,-90853,0,0,0]
[1159095592:-993313,-22932,-103090,0,0,0|999957,-16638,3842,0,0,0|994953,12385,-90853,0,0,0]
[1159100592:-992822,-22932,-103090,0,0,0|999467,-16638,3842,0,0,0|994953,12385,-90853,0,0,0]
[1159105592:-992822,-22442,-103090,0,0,0|999957,-16638,4334,0,0,0|994462,12385,-90361,0,0,0]
[1159110592:-992822,-22442,-103090,0,0,0|999957,-16149,4334,0,0,0|994462,12875,-90361,0,0,0]
[1159115592:-993313,-22932,-103090,0,0,0|999467,-16149,4334,0,0,0|993972,12875,-90361,0,0,0]
[1159120592:-993313,-22932,-103090,0,0,0|999467,-15660,4334,0,0,0|993972,12875,-90361,0,0,0]
[1159125592:-993313,-22932,-103090,0,0,0|999467,-15660,3842,0,0,0|994462,12875,-90361,0,0,0]
[1159130592:-993313,-22442,-103090,0,0,0|999467,-15660,4334,0,0,0|994953,12875,-89870,0,0,0]
[1159135592:-993313,-22442,-103582,0,0,0|999467,-15660,4334,0,0,0|994462,13365,-89870,0,0,0]
[1159140592:-993804,-22932,-103582,0,0,0|999957,-16149,3842,0,0,0|994462,13365,-89870,0,0,0]
[1159145592:-993313,-22932,-103090,0,0,0|999957,-16638,3842,0,0,0|994462,13365,-89870,0,0,0]
[1159150592:-993313,-22932,-103090,0,0,0|1000447,-16638,3351,0,0,0|994953,12875,-90361,0,0,0]
[1159155592:-992822,-22932,-103090,0,0,0|1000447,-16638,3351,0,0,0|994953,12875,-90361,0,0,0]
[1159160592:-992822,-22932,-103090,0,0,0|1000447,-16149,3842,0,0,0|994953,12875,-89870,0,0,0]
[1159165592:-993313,-22932,-103582,0,0,0|999957,-16149,4334,0,0,0|994953,13365,-89870,0,0,0]
[1159170592:-993313,-22932,-103582,0,0,0|999957,-16149,4334,0,0,0|994953,12875,-89870,0,0,0]
[1159175592:-993313,-22932,-103582,0,0,0|999957,-16149,3842,0,0,0|995443,12875,-90361,0,0,0]
[1159180592:-993313,-22932,-103582,0,0,0|999467,-16149,3842,0,0,0|995443,12875,-90361,0,0,0]
[1159185592:-993313,-22932,-103582,0,0,0|999467,-15660,4334,0,0,0|995443,12875,-90361,0,0,0]
[1159190592:-993313,-23421,-103582,0,0,0|999467,-15660,4334,0,0,0|994953,12875,-90361,0,0,0]
[1159195592:-993313,-23421,-103090,0,0,0|999467,-15660,3842,0,0,0|994953,12875,-90361,0,0,0]
[1159200592:-993313,-22932,-103090,0,0,0|999957,-16149,3842,0,0,0|995443,12875,-90361,0,0,0]
[1159205592:-993313,-22932,-103090,0,0,0|999957,-15660,3842,0,0,0|995443,12875,-90361,0,0,0]
[1159210592:-993313,-22932,-103090,0,0,0|999957,-15660,3842,0,0,0|995443,12385,-89870,0,0,0]
[1159215592:-993313,-23421,-103090,0,0,0|999957,-16149,3842,0,0,0|995443,12385,-90361,0,0,0]
[1159220592:-993313,-22932,-103090,0,0,0|999957,-16149,3842,0,0,0|994953,12385,-90361,0,0,0]
[1159225592:-993313,-22932,-103090,0,0,0|999957,-16638,3842,0,0,0|994953,12385,-90361,0,0,0]
[1159230592:-993313,-22932,-102598,0,0,0|999957,-16638,3842,0,0,0|995443,12385,-90361,0,0,0]
[1159235592:-993313,-22932,-102598,0,0,0|999957,-16638,3842,0,0,0|994953,12875,-90361,0,0,0]
[1159240592:-993313,-22932,-102598,0,0,0|999957,-16638,3842,0,0,0|994953,12875,-90361,0,0,0]
[1159245592:-993313,-22932,-102598,0,0,0|999957,-16638,4334,0,0,0|994953,12875,-89870,0,0,0]
[1159250592:-993313,-22442,-103090,0,0,0|999957,-16638,4334,0,0,0|995443,12875,-89870,0,0,0]
[1159255592:-993313,-22442,-103090,0,0,0|999957,-16149,4334,0,0,0|995443,12875,-89870,0,0,0]
[1159260592:-993313,-22932,-103090,0,0,0|999467,-16149,3842,0,0,0|994953,12875,-90361,0,0,0]
[1159265592:-993313,-22932,-103090,0,0,0|999467,-16149,3842,0,0,0|994953,12875,-90361,0,0,0]
[1159270592:-993313,-22932,-103090,0,0,0|999467,-16149,3351,0,0,0|994953,12875,-89870,0,0,0]
[1159275592:-993313,-22932,-103090,0,0,0|999467,-16149,3351,0,0,0|994953,12875,-89870,0,0,0]
[1159280592:-993313,-22932,-103582,0,0,0|999957,-16149,3351,0,0,0|994953,13365,-90361,0,0,0]
[1159285592:-993313,-22932,-103090,0,0,0|999957,-16149,3351,0,0,0|994953,13365,-90361,0,0,0]
[1159290592:-993313,-22932,-103090,0,0,0|999957,-16149,3351,0,0,0|995443,12875,-90853,0,0,0]
[1159295592:-993313,-22442,-103090,0,0,0|999957,-16638,3842,0,0,0|995933,12875,-90853,0,0,0]
[1159300592:-993313,-22442,-103090,0,0,0|999957,-16638,3351,0,0,0|995443,12875,-90361,0,0,0]
[1159305592:-993313,-22442,-103090,0,0,0|999467,-16638,3842,0,0,0|995443,12875,-89870,0,0,0]
[1159310592:-992822,-22932,-103090,0,0,0|999467,-16638,3842,0,0,0|994953,12385,-90361,0,0,0]
[1159315592:-992822,-22932,-103090,0,0,0|999467,-16638,3842,0,0,0|994953,12385,-90361,0,0,0]
[1159320592:-992822,-22932,-103582,0,0,0|999957,-16638,3842,0,0,0|995443,12385,-90361,0,0,0]
[1159325592:-993313,-22932,-104075,0,0,0|999957,-16149,3351,0,0,0|995443,12875,-90361,0,0,0]
[1159330592:-993804,-23421,-103582,0,0,0|999957,-16149,3351,0,0,0|994953,12875,-90853,0,0,0]
[1159335592:-993804,-23421,-103582,0,0,0|999957,-16149,3351,0,0,0|994953,13365,-90853,0,0,0]
[1159340592:-993313,-23421,-103090,0,0,0|999957,-15660,3842,0,0,0|994953,13365,-90853,0,0,0]
[1159345592:-992822,-22932,-103090,0,0,0|999957,-16149,3351,0,0,0|994953,12875,-90361,0,0,0]
[1159350592:-992822,-22932,-103090,0,0,0|999957,-16149,3842,0,0,0|995443,12875,-90361,0,0,0]
[1159355592:-992822,-22932,-103090,0,0,0|999957,-16149,3842,0,0,0|995443,12875,-90361,0,0,0]
[1159360592:-993313,-22932,-103090,0,0,0|999957,-16149,3842,0,0,0|994953,12875,-89870,0,0,0]
[1159365592:-992822,-22932,-103090,0,0,0|999957,-16149,3351,0,0,0|994953,12385,-89870,0,0,0]
[1159370592:-992822,-22932,-103090,0,0,0|999957,-16149,3842,0,0,0|994953,12875,-89870,0,0,0]
[1159375592:-992822,-22932,-103582,0,0,0|999957,-16149,3842,0,0,0|995443,12875,-90361,0,0,0]
[1159380592:-992822,-23421,-103582,0,0,0|999957,-16638,3842,0,0,0|995443,13365,-90361,0,0,0]
[1159385592:-992822,-23421,-103090,0,0,0|999957,-16638,3842,0,0,0|995443,12875,-90361,0,0,0]
[1159390592:-992822,-23421,-103090,0,0,0|999957,-16638,3842,0,0,0|995933,12875,-90361,0,0,0]
[1159395592:-992822,-22932,-103582,0,0,0|999467,-16638,4334,0,0,0|995933,12875,-90361,0,0,0]
[1159400592:-992822,-22932,-103090,0,0,0|999957,-16638,4334,0,0,0|995933,12875,-90361,0,0,0]
[1159405592:-993313,-22932,-103090,0,0,0|999957,-16638,4826,0,0,0|995443,12875,-90361,0,0,0]
[1159410592:-993313,-22932,-103090,0,0,0|999957,-16638,4826,0,0,0|994953,12875,-90361,0,0,0]
[1159415592:-993313,-22932,-103090,0,0,0|999957,-16149,4826,0,0,0|995443,12875,-89870,0,0,0]
[1159420592:-993313,-22932,-103090,0,0,0|999957,-16149,4334,0,0,0|995443,12875,-90361,0,0,0]
[1159425592:-993313,-22932,-103090,0,0,0|999957,-16149,4334,0,0,0|995443,12875,-89870,0,0,0]
[1159430592:-993313,-23421,-103090,0,0,0|999957,-16149,4334,0,0,0|994953,13365,-90361,0,0,0]
[1159435592:-993313,-23421,-103090,0,0,0|999467,-16149,4334,0,0,0|994953,13365,-89870,0,0,0]
[1159440592:-993313,-23421,-103090,0,0,0|999467,-16149,4334,0,0,0|994953,12875,-90361,0,0,0]
[1159445592:-993313,-23421,-103582,0,0,0|999467,-16149,3842,0,0,0|995443,12875,-90361,0,0,0]
[1159450592:-993313,-23421,-103582,0,0,0|999467,-16149,3842,0,0,0|994953,12875,-90361,0,0,0]
[1159455592:-993313,-23421,-103090,0,0,0|999467,-16149,3351,0,0,0|994953,13365,-90361,0,0,0]
[1159460592:-993804,-23421,-103090,0,0,0|999467,-16149,3842,0,0,0|995443,13365,-90361,0,0,0]
[1159465592:-993804,-22932,-103090,0,0,0|999467,-16149,3842,0,0,0|995443,12875,-90361,0,0,0]
[1159470592:-993313,-22932,-103582,0,0,0|999467,-16149,4334,0,0,0|995933,12875,-89870,0,0,0]
[1159475592:-993313,-22932,-103582,0,0,0|999467,-16638,4826,0,0,0|995443,12875,-89870,0,0,0]
[1159480592:-993313,-22932,-103090,0,0,0|999467,-16149,4334,0,0,0|994953,12875,-89870,0,0,0]
[1159485592:-993313,-22932,-103090,0,0,0|999467,-16149,4334,0,0,0|994953,12875,-89870,0,0,0]
[1159490592:-993313,-22932,-103582,0,0,0|999467,-16149,3842,0,0,0|995443,12875,-89870,0,0,0]
[1159495592:-993313,-22932,-103582,0,0,0|999467,-16149,3842,0,0,0|995443,12385,-89870,0,0,0]
[1159500592:-993313,-22932,-103582,0,0,0|999467,-16149,3842,0,0,0|995443,12385,-90361,0,0,0]
[1159505592:-993313,-22932,-103090,0,0,0|999467,-16149,3842,0,0,0|995443,12875,-90853,0,0,0]
[1159510592:-993313,-22932,-103090,0,0,0|999467,-16149,3842,0,0,0|995443,12385,-90853,0,0,0]
[1159515592:-993313,-22932,-102598,0,0,0|999467,-16149,3351,0,0,0|995443,12385,-90361,0,0,0]
[1159520592:-993313,-22932,-103090,0,0,0|999957,-16149,3351,0,0,0|995443,12875,-90361,0,0,0]
[1159525592:-993313,-22932,-103090,0,0,0|999957,-16638,3842,0,0,0|994953,12385,-89870,0,0,0]
[1159530592:-992822,-22932,-102598,0,0,0|999957,-16638,3842,0,0,0|994953,12385,-89870,0,0,0]
[1159535592:-993313,-22932,-102598,0,0,0|999957,-16638,3842,0,0,0|995443,12385,-89870,0,0,0]
[1159540592:-993313,-22932,-103090,0,0,0|999957,-16638,3842,0,0,0|995933,12385,-90361,0,0,0]
[1159545592:-993313,-23421,-103582,0,0,0|999467,-16149,3842,0,0,0|995933,12385,-90361,0,0,0]
[1159550592:-993313,-23421,-103582,0,0,0|998977,-16149,3842,0,0,0|995443,12875,-90853,0,0,0]
[1159555592:-993313,-23421,-103090,0,0,0|999467,-16149,3842,0,0,0|995443,13365,-90361,0,0,0]
[1159560592:-993313,-23421,-103090,0,0,0|999467,-16149,3842,0,0,0|994953,12875,-90361,0,0,0]
[1159565592:-993313,-22932,-103090,0,0,0|999467,-16149,3842,0,0,0|995443,12875,-90361,0,0,0]
[1159570592:-993313,-22442,-103090,0,0,0|999957,-16638,3842,0,0,0|995443,12875,-90361,0,0,0]
[1159575592:-993313,-22442,-103090,0,0,0|999957,-16638,3842,0,0,0|995443,12875,-89870,0,0,0]
[1159580592:-993313,-22442,-103090,0,0,0|1000447,-16638,3842,0,0,0|995443,12385,-89870,0,0,0]
[1159585592:-992822,-22442,-103582,0,0,0|1000447,-16149,3842,0,0,0|995443,12385,-89870,0,0,0]
[1159590592:-992822,-22442,-103582,0,0,0|1000447,-16149,3842,0,0,0|995443,12385,-89870,0,0,0]
[1159595592:-993313,-22932,-103582,0,0,0|999957,-16149,3842,0,0,0|994953,12385,-89870,0,0,0]
[1159600592:-993313,-23421,-103582,0,0,0|999957,-16149,4334,0,0,0|994953,11895,-89870,0,0,0]
[1159605592:-993313,-23421,-103090,0,0,0|999957,-16149,4334,0,0,0|994953,11895,-89378,0,0,0]
[1159610592:-992822,-23421,-103582,0,0,0|999957,-16149,4334,0,0,0|994953,11895,-88886,0,0,0]
[1159615592:-992822,-23421,-103582,0,0,0|999957,-16149,4334,0,0,0|994953,11895,-89378,0,0,0]
[1159620592:-993313,-22932,-103582,0,0,0|999467,-16149,3842,0,0,0|994953,11895,-89870,0,0,0]
[1159625592:-993313,-23421,-103582,0,0,0|999467,-16149,3842,0,0,0|994953,12385,-89870,0,0,0]
[1159630592:-993804,-23421,-103582,0,0,0|999957,-16149,3351,0,0,0|994953,12385,-90361,0,0,0]
[1159635592:-993804,-23421,-103090,0,0,0|999957,-16149,3842,0,0,0|995443,12875,-89870,0,0,0]
[1159640592:-994295,-23421,-103582,0,0,0|999957,-16149,3842,0,0,0|995443,12875,-89870,0,0,0]
[1159645592:-993804,-22932,-103582,0,0,0|999957,-16149,4334,0,0,0|994953,12875,-89870,0,0,0]
[1159650592:-993804,-22932,-103582,0,0,0|999957,-16149,4334,0,0,0|994953,12875,-90361,0,0,0]
[1159655592:-993804,-22932,-103090,0,0,0|999957,-16149,4334,0,0,0|994953,12875,-90361,0,0,0]
[1159660592:-993313,-22932,-103090,0,0,0|999957,-16638,4334,0,0,0|994953,12875,-90361,0,0,0]
[1159665592:-993313,-22932,-103090,0,0,0|999957,-16638,4334,0,0,0|994953,12875,-90361,0,0,0]
[1159670592:-992822,-22932,-103090,0,0,0|999957,-16638,3842,0,0,0|994953,12875,-89870,0,0,0]
[1159675592:-992822,-22932,-103090,0,0,0|999957,-16638,3842,0,0,0|995443,12875,-89870,0,0,0]
[1159680592:-992822,-22932,-103090,0,0,0|999467,-16638,3842,0,0,0|995443,12385,-89870,0,0,0]
[1159685592:-992822,-23421,-103090,0,0,0|999957,-16149,3351,0,0,0|995443,12385,-90361,0,0,0]
[1159690592:-993313,-23421,-103090,0,0,0|999957,-16149,3842,0,0,0|994953,12385,-90361,0,0,0]
[1159695592:-993313,-23421,-103090,0,0,0|999957,-16149,3842,0,0,0|994462,12875,-90361,0,0,0]
[1159700592:-993313,-23911,-103090,0,0,0|999957,-16149,4334,0,0,0|994953,12385,-90853,0,0,0]
[1159705592:-992822,-23421,-102598,0,0,0|999957,-16638,3842,0,0,0|994953,12385,-90853,0,0,0]
[1159710592:-992331,-23421,-103090,0,0,0|999957,-16149,3842,0,0,0|995443,12875,-90853,0,0,0]
[1159715592:-992331,-23421,-103090,0,0,0|999957,-16149,3842,0,0,0|995443,12875,-90361,0,0,0]
[1159720592:-992822,-23421,-103090,0,0,0|999957,-16149,3842,0,0,0|994953,12875,-90361,0,0,0]
[1159725592:-993313,-23421,-103090,0,0,0|1000447,-16638,3842,0,0,0|994953,12875,-90361,0,0,0]
[1159730592:-993313,-22932,-102598,0,0,0|999957,-16638,3842,0,0,0|995443,12875,-89870,0,0,0]
[1159735592:-993804,-22932,-102598,0,0,0|999957,-16638,3351,0,0,0|995443,12875,-89870,0,0,0]
[1159740592:-993804,-22442,-103090,0,0,0|999957,-16638,3842,0,0,0|995933,12875,-89870,0,0,0]
[1159745592:-993804,-22442,-102598,0,0,0|999957,-17128,3842,0,0,0|995933,12385,-89870,0,0,0]
[1159750592:-993804,-22932,-102598,0,0,0|999957,-16638,3842,0,0,0|995443,12385,-89870,0,0,0]
[1159755592:-993313,-22932,-102598,0,0,0|999957,-16638,3842,0,0,0|994953,12875,-90361,0,0,0]
[1159760592:-992822,-22932,-103090,0,0,0|999467,-16149,3842,0,0,0|994462,12875,-90361,0,0,0]
[1159765592:-992822,-22932,-103090,0,0,0|999467,-16149,3351,0,0,0|994462,12875,-90361,0,0,0]
[1159770592:-993313,-22442,-103090,0,0,0|999957,-16149,3351,0,0,0|994462,12385,-89870,0,0,0]
[1159775592:-993313,-22442,-103090,0,0,0|999957,-16149,3351,0,0,0|994462,12385,-89870,0,0,0]
[1159780592:-993313,-22442,-103090,0,0,0|999957,-16149,3842,0,0,0|994953,12385,-89870,0,0,0]
[1159785592:-993313,-22932,-103582,0,0,0|999957,-16149,3842,0,0,0|994953,12385,-89870,0,0,0]
[1159790592:-993313,-22932,-103582,0,0,0|999467,-16149,4334,0,0,0|994953,12385,-89870,0,0,0]
[1159795592:-993804,-23421,-103090,0,0,0|998977,-16149,3842,0,0,0|994953,12875,-90361,0,0,0]
[1159800592:-993804,-22932,-103090,0,0,0|999467,-16149,4334,0,0,0|994953,12875,-90361,0,0,0]
[1159805592:-993313,-22442,-103090,0,0,0|999467,-16149,4334,0,0,0|994953,12875,-90361,0,0,0]
[1159810592:-993313,-22932,-103090,0,0,0|999957,-16149,4334,0,0,0|994953,13365,-90361,0,0,0]
[1159815592:-993313,-22932,-103090,0,0,0|999957,-16149,4826,0,0,0|994953,13365,-90361,0,0,0]
[1159820592:-992822,-22442,-103090,0,0,0|999957,-16149,4826,0,0,0|994953,13365,-90361,0,0,0]
[1159825592:-992822,-22442,-103582,0,0,0|999957,-16149,5317,0,0,0|994953,12875,-90361,0,0,0]
[1159830592:-992822,-22442,-104075,0,0,0|999467,-16638,4826,0,0,0|994953,12875,-90361,0,0,0]
[1159835592:-993313,-22932,-103582,0,0,0|999467,-16638,4826,0,0,0|994953,12875,-90361,0,0,0]
[1159840592:-993313,-23421,-103582,0,0,0|999467,-16638,4334,0,0,0|994953,12875,-90361,0,0,0]
[1159845592:-993313,-23421,-103090,0,0,0|999467,-16149,4334,0,0,0|994953,12875,-90361,0,0,0]
[1159850592:-993313,-23421,-103090,0,0,0|999467,-16149,4826,0,0,0|995443,13365,-90361,0,0,0]
[1159855592:-993313,-23421,-103090,0,0,0|999467,-16149,4826,0,0,0|995443,13365,-90361,0,0,0]
[1159860592:-993313,-23421,-103090,0,0,0|999467,-16149,4826,0,0,0|995933,13365,-90361,0,0,0]
[1159865592:-993313,-22932,-102598,0,0,0|999467,-16149,4334,0,0,0|995443,13365,-89870,0,0,0]
[1159870592:-992822,-22932,-102598,0,0,0|999957,-16149,4334,0,0,0|995443,13365,-89870,0,0,0]
[1159875592:-993313,-22442,-103090,0,0,0|999957,-16149,4334,0,0,0|994953,13365,-89870,0,0,0]
[1159880592:-993313,-22442,-103582,0,0,0|999957,-16149,3842,0,0,0|994953,13365,-89870,0,0,0]
[1159885592:-992822,-22442,-103090,0,0,0|999957,-16149,3842,0,0,0|994953,13855,-90361,0,0,0]
[1159890592:-992822,-22932,-103090,0,0,0|999957,-16149,3842,0,0,0|994462,13365,-90361,0,0,0]
[1159895592:-992822,-22932,-103090,0,0,0|999957,-16638,4334,0,0,0|994462,12875,-89870,0,0,0]
[1159900592:-993313,-22932,-102598,0,0,0|999467,-16638,4334,0,0,0|995443,12385,-89870,0,0,0]
[1159905592:-993313,-22932,-102598,0,0,0|999467,-17128,4334,0,0,0|995443,12385,-89870,0,0,0]
[1159910592:-993313,-22932,-102598,0,0,0|999467,-16638,4334,0,0,0|994953,12385,-90361,0,0,0]
[1159915592:-993313,-22932,-102598,0,0,0|999957,-16638,4334,0,0,0|994953,12385,-90361,0,0,0]
[1159920592:-993313,-22932,-103090,0,0,0|999957,-16638,4334,0,0,0|995443,12385,-90361,0,0,0]
[1159925592:-993313,-22932,-103090,0,0,0|999957,-16638,4334,0,0,0|995443,12385,-90361,0,0,0]
[1159930592:-993804,-22932,-103090,0,0,0|999957,-16638,4334,0,0,0|995443,12875,-89870,0,0,0]
[1159935592:-993804,-22932,-103090,0,0,0|999957,-16149,4334,0,0,0|995443,12875,-90361,0,0,0]
[1159940592:-993804,-22932,-103090,0,0,0|999957,-16638,3842,0,0,0|995443,12875,-90361,0,0,0]
[1159945592:-993804,-22442,-103090,0,0,0|999957,-16638,3842,0,0,0|995933,12875,-89870,0,0,0]
[1159950592:-993804,-22442,-103582,0,0,0|999957,-16149,3351,0,0,0|995933,12875,-89870,0,0,0]
[1159955592:-993804,-22442,-103582,0,0,0|1000447,-16149,3351,0,0,0|995933,12875,-89870,0,0,0]
[1159960592:-993804,-22442,-103582,0,0,0|999957,-16638,3842,0,0,0|995443,12875,-89870,0,0,0]
[1159965592:-993313,-22442,-103582,0,0,0|999957,-16638,4826,0,0,0|995443,12875,-89870,0,0,0]
[1159970592:-993313,-22932,-103582,0,0,0|999467,-16638,4334,0,0,0|995443,12875,-89870,0,0,0]
[1159975592:-992822,-22932,-103582,0,0,0|999957,-16638,4334,0,0,0|995443,12875,-89870,0,0,0]
[1159980592:-993313,-22932,-103582,0,0,0|999957,-16149,4334,0,0,0|994953,13365,-89870,0,0,0]
[1159985592:-993313,-22932,-103582,0,0,0|999957,-16149,4334,0,0,0|994953,13365,-89870,0,0,0]
[1159990592:-993313,-22932,-103582,0,0,0|999467,-16149,4334,0,0,0|995443,13365,-90361,0,0,0]
[1159995592:-993313,-22442,-103090,0,0,0|999467,-16638,3842,0,0,0|995443,13365,-90361,0,0,0]
[1160000592:-993313,-22442,-103090,0,0,0|999467,-16638,3842,0,0,0|995443,12875,-90361,0,0,0]
[1160005592:-993313,-22442,-103090,0,0,0|999467,-16638,3842,0,0,0|995443,12875,-90361,0,0,0]
[1160010592:-993313,-22442,-103090,0,0,0|999957,-16638,3842,0,0,0|994953,12875,-89870,0,0,0]
[1160015592:-993313,-22932,-103090,0,0,0|999957,-16149,3842,0,0,0|994953,12875,-89870,0,0,0]
[1160020592:-993313,-22932,-103090,0,0,0|999957,-16638,3842,0,0,0|995443,12875,-89870,0,0,0]
[1160025592:-993804,-22932,-103582,0,0,0|999957,-16638,3842,0,0,0|995443,12875,-89870,0,0,0]
[1160030592:-993313,-23421,-103090,0,0,0|999957,-16638,3842,0,0,0|995443,12875,-89870,0,0,0]
[1160035592:-992822,-23421,-103090,0,0,0|999957,-16638,3842,0,0,0|994953,12875,-89870,0,0,0]
[1160040592:-992822,-23421,-103090,0,0,0|999957,-17128,3842,0,0,0|994953,12385,-90361,0,0,0]
[1160045592:-992822,-22932,-103090,0,0,0|999957,-17128,3842,0,0,0|994953,12875,-90361,0,0,0]
[1160050592:-993313,-22932,-103090,0,0,0|999957,-17128,3842,0,0,0|995443,12875,-90361,0,0,0]
[1160055592:-993313,-22932,-102598,0,0,0|999957,-17128,3351,0,0,0|994953,13365,-90361,0,0,0]
[1160060592:-993313,-22932,-102598,0,0,0|999957,-16638,3842,0,0,0|994953,13365,-90361,0,0,0]
[1160065592:-993313,-22932,-102598,0,0,0|999957,-16638,4334,0,0,0|995443,12875,-89870,0,0,0]
[1160070592:-993313,-22932,-102598,0,0,0|999957,-16638,4334,0,0,0|995443,12875,-89870,0,0,0]
[1160075592:-993313,-22932,-102598,0,0,0|999957,-16638,3842,0,0,0|995443,12385,-90361,0,0,0]
[1160080592:-993313,-22932,-103090,0,0,0|999957,-16149,4334,0,0,0|995443,12385,-90361,0,0,0]
[1160085592:-993313,-22932,-103090,0,0,0|999957,-16149,4334,0,0,0|994953,12875,-90361,0,0,0]
[1160090592:-993313,-22932,-103582,0,0,0|999957,-16638,3842,0,0,0|994953,12875,-90361,0,0,0]
[1160095592:-993313,-22932,-103582,0,0,0|1000447,-16638,3351,0,0,0|994953,12875,-89870,0,0,0]
[1160100592:-993313,-22932,-103090,0,0,0|999957,-16638,3351,0,0,0|994953,12875,-89870,0,0,0]
[1160105592:-993313,-22932,-103090,0,0,0|999957,-16638,3842,0,0,0|994953,12875,-89870,0,0,0]
[1160110592:-993313,-22932,-102598,0,0,0|999957,-16149,3842,0,0,0|994953,12875,-90361,0,0,0]
[1160115592:-993313,-22932,-102598,0,0,0|999957,-16149,3842,0,0,0|995443,12875,-90361,0,0,0]
[1160120592:-993313,-22932,-102598,0,0,0|999467,-16149,3842,0,0,0|995933,13365,-89870,0,0,0]
[1160125592:-993313,-23421,-102598,0,0,0|999467,-16149,3842,0,0,0|995933,13365,-89378,0,0,0]
[1160130592:-992822,-23421,-103090,0,0,0|999467,-16149,3842,0,0,0|995443,13365,-89378,0,0,0]
[1160135592:-992822,-22932,-103090,0,0,0|999467,-16149,3842,0,0,0|995443,12875,-89870,0,0,0]
[1160140592:-992822,-22932,-103090,0,0,0|999467,-16638,3842,0,0,0|994953,12875,-89870,0,0,0]
[1160145592:-992822,-22932,-103090,0,0,0|999467,-16638,3842,0,0,0|994953,12875,-89870,0,0,0]
[1160150592:-993313,-22932,-103090,0,0,0|999957,-17128,3351,0,0,0|994953,12875,-89870,0,0,0]
[1160155592:-993313,-22932,-103090,0,0,0|999957,-17128,3842,0,0,0|994953,12385,-89870,0,0,0]
[1160160592:-993313,-22932,-103090,0,0,0|999957,-16638,3842,0,0,0|995443,12385,-89870,0,0,0]
[1160165592:-993313,-22932,-103090,0,0,0|999467,-16638,4334,0,0,0|995933,12385,-89870,0,0,0]
[1160170592:-993313,-22932,-103090,0,0,0|999957,-16638,4334,0,0,0|995933,12875,-89870,0,0,0]
[1160175592:-993313,-23421,-102598,0,0,0|999957,-16149,3842,0,0,0|995933,12875,-89870,0,0,0]
[1160180592:-993313,-23421,-103090,0,0,0|999957,-16149,3351,0,0,0|995443,12875,-89870,0,0,0]
[1160185592:-993313,-23421,-103090,0,0,0|999957,-16638,3351,0,0,0|995443,12875,-89870,0,0,0]
[1160190592:-993313,-23421,-103582,0,0,0|999467,-16638,3351,0,0,0|995443,12875,-89870,0,0,0]
[1160195592:-993313,-22932,-103090,0,0,0|999957,-16638,3351,0,0,0|995443,12385,-89870,0,0,0]
[1160200592:-992822,-22932,-103090,0,0,0|999957,-16638,3351,0,0,0|995443,12385,-89870,0,0,0]
[1160205592:-992822,-22932,-102598,0,0,0|999957,-16638,3842,0,0,0|994953,12385,-89870,0,0,0]
[1160210592:-992822,-22932,-103090,0,0,0|999957,-16638,4334,0,0,0|994953,12385,-89870,0,0,0]
[1160215592:-992822,-22442,-103090,0,0,0|999957,-16638,4334,0,0,0|995443,12385,-89870,0,0,0]
[1160220592:-993313,-22442,-103582,0,0,0|999957,-16638,3842,0,0,0|995443,12875,-89870,0,0,0]
[1160225592:-993313,-22932,-103090,0,0,0|1000447,-16149,3842,0,0,0|995443,12875,-89870,0,0,0]
[1160230592:-993313,-22932,-103090,0,0,0|1000447,-16149,3842,0,0,0|995443,12875,-89870,0,0,0]
[1160235592:-993313,-22932,-103090,0,0,0|1000447,-16149,3842,0,0,0|995443,12385,-90361,0,0,0]
[1160240592:-993313,-22932,-103090,0,0,0|999957,-16638,3842,0,0,0|994953,12385,-90361,0,0,0]
[1160245592:-993804,-22932,-103090,0,0,0|999467,-16638,3842,0,0,0|994953,12875,-90361,0,0,0]
[1160250592:-993804,-22932,-103090,0,0,0|999467,-16638,4334,0,0,0|994953,13365,-90361,0,0,0]
[1160255592:-993804,-22932,-103090,0,0,0|999467,-16149,4334,0,0,0|994953,13365,-90361,0,0,0]
[1160260592:-993313,-22932,-103582,0,0,0|999467,-16638,4334,0,0,0|994953,12875,-90361,0,0,0]
[1160265592:-992822,-22932,-103582,0,0,0|999467,-16638,4334,0,0,0|995443,12875,-90361,0,0,0]
[1160270592:-992822,-22932,-103090,0,0,0|999467,-16638,4334,0,0,0|995443,12875,-89870,0,0,0]
[1160275592:-992822,-22932,-103090,0,0,0|999957,-16638,4334,0,0,0|994953,12875,-89870,0,0,0]
[1160280592:-992822,-23421,-103090,0,0,0|999957,-16149,4826,0,0,0|994953,12385,-89378,0,0,0]
[1160285592:-993313,-22932,-103090,0,0,0|999957,-16149,4826,0,0,0|994953,12385,-89378,0,0,0]
[1160290592:-993313,-22932,-103582,0,0,0|999957,-16149,4334,0,0,0|994953,12385,-89870,0,0,0]
[1160295592:-993313,-22932,-103582,0,0,0|999957,-16149,4334,0,0,0|994953,12385,-90361,0,0,0]
[1160300592:-993313,-22932,-103090,0,0,0|999467,-16638,4334,0,0,0|994953,12385,-90853,0,0,0]
[1160305592:-993313,-22932,-103090,0,0,0|999467,-16638,4334,0,0,0|994953,12385,-90853,0,0,0]
[1160310592:-993313,-22932,-103090,0,0,0|999467,-16638,3842,0,0,0|995443,12875,-90361,0,0,0]
[1160315592:-993313,-22932,-103582,0,0,0|999467,-16638,3842,0,0,0|995443,12875,-89870,0,0,0]
[1160320592:-992822,-22932,-103090,0,0,0|999467,-16638,4334,0,0,0|994953,12875,-89870,0,0,0]
[1160325592:-992822,-22932,-103090,0,0,0|999467,-16638,4334,0,0,0|994953,12875,-89870,0,0,0]
[1160330592:-992822,-22932,-103090,0,0,0|999957,-16638,4334,0,0,0|994953,12875,-90361,0,0,0]
[1160335592:-992822,-22932,-103090,0,0,0|999957,-16638,3842,0,0,0|994953,12875,-90361,0,0,0]
[1160340592:-992822,-22932,-103090,0,0,0|999957,-16638,3842,0,0,0|994953,13365,-90361,0,0,0]
[1160345592:-993313,-22932,-103090,0,0,0|999957,-16638,4334,0,0,0|994953,13365,-90361,0,0,0]
[1160350592:-993313,-22932,-102598,0,0,0|999957,-16149,3842,0,0,0|994462,13365,-90361,0,0,0]
[1160355592:-993313,-22932,-102598,0,0,0|999957,-16149,3842,0,0,0|994953,13365,-89870,0,0,0]
[1160360592:-993313,-22932,-103090,0,0,0|999957,-16149,3842,0,0,0|994953,13365,-89870,0,0,0]
[1160365592:-992822,-22932,-103090,0,0,0|999957,-16149,3842,0,0,0|995443,12875,-89870,0,0,0]
[1160370592:-992822,-22932,-103090,0,0,0|999957,-16149,4334,0,0,0|995443,12875,-90361,0,0,0]
[1160375592:-992822,-22932,-103090,0,0,0|999957,-16149,4334,0,0,0|994953,12875,-89870,0,0,0]
[1160380592:-992822,-22442,-102598,0,0,0|999957,-16149,4334,0,0,0|994953,12875,-89870,0,0,0]
[1160385592:-992822,-22442,-103090,0,0,0|999467,-16149,4334,0,0,0|995443,12875,-89870,0,0,0]
[1160390592:-992822,-22442,-103090,0,0,0|999467,-16149,4334,0,0,0|994953,12875,-89870,0,0,0]
[1160395592:-992822,-22932,-103090,0,0,0|999467,-16149,4334,0,0,0|994953,13365,-90361,0,0,0]
[1160400592:-992822,-22442,-102598,0,0,0|999957,-16149,4334,0,0,0|994953,13365,-90361,0,0,0]
[1160405592:-993313,-22442,-103090,0,0,0|999957,-16149,4334,0,0,0|995443,12875,-89870,0,0,0]
[1160410592:-993313,-22442,-103090,0,0,0|999957,-16149,4334,0,0,0|995933,12875,-89870,0,0,0]
[1160415592:-993313,-22442,-103090,0,0,0|999957,-16149,3842,0,0,0|995443,12875,-89870,0,0,0]
[1160420592:-993804,-22442,-103090,0,0,0|999957,-16149,3842,0,0,0|995443,12875,-90361,0,0,0]
[1160425592:-993804,-22932,-103090,0,0,0|999957,-16149,3842,0,0,0|994953,12875,-90361,0,0,0]
[1160430592:-993804,-22932,-103090,0,0,0|999467,-16149,3351,0,0,0|995443,12385,-90361,0,0,0]
[1160435592:-993313,-22932,-103090,0,0,0|999467,-16149,3351,0,0,0|995443,12875,-90361,0,0,0]
[1160440592:-993313,-23421,-103090,0,0,0|999467,-16149,3351,0,0,0|995443,12875,-89870,0,0,0]
[1160445592:-993313,-22932,-103090,0,0,0|999957,-15660,3842,0,0,0|994953,13365,-89870,0,0,0]
[1160450592:-993313,-22932,-103090,0,0,0|999957,-15660,4334,0,0,0|995443,12875,-89870,0,0,0]
[1160455592:-993804,-22932,-103582,0,0,0|999957,-15660,4334,0,0,0|995443,12875,-89870,0,0,0]
[1160460592:-993313,-23421,-103582,0,0,0|999957,-16149,4334,0,0,0|995443,12875,-89870,0,0,0]
[1160465592:-993313,-23421,-103090,0,0,0|999467,-16149,4334,0,0,0|995443,12875,-89870,0,0,0]
[1160470592:-993313,-22932,-102598,0,0,0|999467,-16149,4334,0,0,0|994953,12875,-89870,0,0,0]
[1160475592:-993313,-22932,-103090,0,0,0|999467,-16149,3842,0,0,0|994953,12875,-89870,0,0,0]
[1160480592:-993313,-22932,-103090,0,0,0|999957,-16149,3351,0,0,0|994953,12875,-89870,0,0,0]
[1160485592:-993804,-22932,-103090,0,0,0|999957,-16149,3351,0,0,0|994953,12875,-89870,0,0,0]
[1160490592:-993804,-22932,-103090,0,0,0|999957,-16149,3842,0,0,0|994953,12875,-90361,0,0,0]
[1160495592:-993313,-22932,-103582,0,0,0|1000447,-16149,4334,0,0,0|994953,12875,-90361,0,0,0]
[1160500592:-993313,-22932,-103582,0,0,0|999957,-16149,4334,0,0,0|995443,12875,-89870,0,0,0]
[1160505592:-993313,-22932,-103582,0,0,0|999957,-16149,4334,0,0,0|995443,12875,-89870,0,0,0]
[1160510592:-993313,-22932,-103582,0,0,0|999957,-16149,4334,0,0,0|994953,12875,-89870,0,0,0]
[1160515592:-993313,-23421,-103090,0,0,0|999957,-16149,4826,0,0,0|994953,12875,-89870,0,0,0]
[1160520592:-993313,-22932,-103090,0,0,0|999957,-16149,4826,0,0,0|994953,12875,-89870,0,0,0]
[1160525592:-993313,-22932,-103090,0,0,0|999957,-16149,4334,0,0,0|994953,12875,-89870,0,0,0]
[1160530592:-993313,-22932,-103582,0,0,0|999957,-16638,4334,0,0,0|995443,12875,-89870,0,0,0]
[1160535592:-993313,-22932,-103090,0,0,0|999957,-16638,3842,0,0,0|995443,12875,-89870,0,0,0]
[1160540592:-993313,-22932,-103090,0,0,0|999957,-16638,3842,0,0,0|995443,12875,-90361,0,0,0]
[1160545592:-993313,-22932,-103090,0,0,0|999957,-16638,3842,0,0,0|995443,12875,-90361,0,0,0]
[1160550592:-993313,-22932,-103090,0,0,0|999957,-16638,3842,0,0,0|995443,12385,-90361,0,0,0]
[1160555592:-992822,-22932,-103090,0,0,0|999467,-16149,3842,0,0,0|995933,12385,-89870,0,0,0]
[1160560592:-993313,-22932,-103090,0,0,0|999467,-16149,4334,0,0,0|995443,12385,-90361,0,0,0]
[1160565592:-993313,-22932,-103090,0,0,0|999467,-16638,3842,0,0,0|995443,12385,-90361,0,0,0]
[1160570592:-993804,-22442,-103090,0,0,0|999467,-16638,3842,0,0,0|995443,12385,-90361,0,0,0]
[1160575592:-993804,-22442,-103090,0,0,0|999957,-16149,3842,0,0,0|995933,12385,-90361,0,0,0]
[1160580592:-993313,-22442,-103090,0,0,0|999957,-16149,3842,0,0,0|995933,12875,-90361,0,0,0]
[1160585592:-993313,-22442,-103582,0,0,0|999957,-16149,4334,0,0,0|995443,12875,-90361,0,0,0]
[1160590592:-993313,-22442,-103090,0,0,0|999957,-16149,4334,0,0,0|995443,12875,-90361,0,0,0]
[1160595592:-992822,-22442,-103090,0,0,0|999957,-16149,4334,0,0,0|995443,12875,-89870,0,0,0]
[1160600592:-992822,-22932,-103582,0,0,0|999957,-16149,4334,0,0,0|995443,12875,-89870,0,0,0]
[1160605592:-992822,-22932,-103582,0,0,0|999957,-16149,4334,0,0,0|995443,12875,-89870,0,0,0]
[1160610592:-993313,-23421,-103582,0,0,0|999957,-16638,4334,0,0,0|995443,12875,-89378,0,0,0]
[1160615592:-993313,-23421,-103582,0,0,0|999957,-16149,4334,0,0,0|995443,12875,-89870,0,0,0]
[1160620592:-993313,-23421,-103582,0,0,0|999957,-16149,4334,0,0,0|995443,12875,-89870,0,0,0]
[1160625592:-993313,-22932,-103582,0,0,0|999957,-16149,4334,0,0,0|995443,12875,-89870,0,0,0]
[1160630592:-993313,-22932,-103582,0,0,0|999957,-16149,4334,0,0,0|994953,12875,-89870,0,0,0]
[1160635592:-993313,-23421,-103090,0,0,0|999957,-16149,3842,0,0,0|994462,12875,-89870,0,0,0]
[1160640592:-993313,-23421,-103090,0,0,0|999957,-16149,3842,0,0,0|994462,12875,-89870,0,0,0]
[1160645592:-992822,-22932,-103090,0,0,0|999957,-15660,3842,0,0,0|994953,12385,-89870,0,0,0]
[1160650592:-992822,-22932,-103090,0,0,0|999467,-15660,3842,0,0,0|994953,12385,-89870,0,0,0]
[1160655592:-992822,-22932,-103090,0,0,0|999957,-16149,3842,0,0,0|994953,12385,-89870,0,0,0]
[1160660592:-992822,-23421,-103582,0,0,0|999957,-16149,4334,0,0,0|994953,12385,-90361,0,0,0]
[1160665592:-993313,-23421,-103090,0,0,0|999957,-16638,4826,0,0,0|994953,12875,-90361,0,0,0]
[1160670592:-993313,-22932,-103582,0,0,0|999957,-16638,4826,0,0,0|995443,12875,-89870,0,0,0]
[1160675592:-993804,-22932,-103582,0,0,0|999957,-16638,4334,0,0,0|995443,12875,-89870,0,0,0]
[1160680592:-993804,-22932,-103582,0,0,0|999957,-16638,4334,0,0,0|995443,12875,-89870,0,0,0]
[1160685592:-993804,-22932,-103090,0,0,0|999957,-16638,4334,0,0,0|994953,12875,-89870,0,0,0]
[1160690592:-993313,-22932,-103090,0,0,0|999957,-16638,4334,0,0,0|994953,13365,-89870,0,0,0]
[1160695592:-993313,-22932,-103090,0,0,0|999467,-16638,4334,0,0,0|995443,12875,-89378,0,0,0]
[1160700592:-992822,-22442,-103582,0,0,0|999467,-16638,3842,0,0,0|995443,12875,-89378,0,0,0]
[1160705592:-992822,-22442,-103090,0,0,0|999467,-16638,3842,0,0,0|995443,12875,-89870,0,0,0]
[1160710592:-993313,-22932,-103090,0,0,0|999957,-16638,3842,0,0,0|995443,13365,-89870,0,0,0]
[1160715592:-993313,-22932,-103090,0,0,0|999957,-16638,4334,0,0,0|994953,13365,-90361,0,0,0]
[1160720592:-993313,-22932,-103090,0,0,0|999957,-16638,4334,0,0,0|995443,12875,-90361,0,0,0]
[1160725592:-993313,-22932,-103582,0,0,0|999467,-16149,4334,0,0,0|995443,12875,-90361,0,0,0]
[1160730592:-993804,-22932,-103090,0,0,0|999957,-16149,4334,0,0,0|995443,12875,-90361,0,0,0]
[1160735592:-993804,-22932,-103090,0,0,0|999957,-16149,4334,0,0,0|994953,12875,-90361,0,0,0]
[1160740592:-993313,-22932,-103090,0,0,0|999957,-16149,4826,0,0,0|994953,12875,-90853,0,0,0]
[1160745592:-993804,-22932,-103090,0,0,0|999957,-16149,4826,0,0,0|994953,12875,-90853,0,0,0]
[1160750592:-993804,-22932,-103090,0,0,0|999957,-16149,4334,0,0,0|994953,12875,-90853,0,0,0]
[1160755592:-993804,-22932,-103090,0,0,0|1000447,-16638,3842,0,0,0|994953,12875,-90853,0,0,0]
[1160760592:-993804,-22932,-103090,0,0,0|999957,-16638,3842,0,0,0|994953,12875,-90361,0,0,0]
[1160765592:-993313,-22932,-102598,0,0,0|999957,-16638,3842,0,0,0|995443,12875,-90361,0,0,0]
[1160770592:-993313,-22932,-102598,0,0,0|999957,-16638,4334,0,0,0|995443,12875,-90361,0,0,0]
[1160775592:-992822,-22932,-102598,0,0,0|1000447,-16638,4334,0,0,0|995443,12875,-90361,0,0,0]
[1160780592:-992822,-22932,-102598,0,0,0|1000447,-16638,4826,0,0,0|995443,12875,-90361,0,0,0]
[1160785592:-993313,-22932,-103090,0,0,0|999957,-16638,4334,0,0,0|995443,12875,-90361,0,0,0]
[1160790592:-993313,-22932,-103090,0,0,0|999957,-16638,3842,0,0,0|995443,12385,-90361,0,0,0]
[1160795592:-992822,-22932,-103090,0,0,0|999957,-16638,3842,0,0,0|995443,12875,-90361,0,0,0]
[1160800592:-992822,-22932,-103582,0,0,0|999957,-16638,3842,0,0,0|995443,12875,-90361,0,0,0]
[1160805592:-992822,-22932,-103582,0,0,0|999467,-16638,4334,0,0,0|994953,12875,-90361,0,0,0]
[1160810592:-992822,-22932,-103090,0,0,0|999467,-16638,4334,0,0,0|995443,12385,-90361,0,0,0]
[1160815592:-992822,-22932,-103582,0,0,0|999957,-16638,3842,0,0,0|995443,12875,-90361,0,0,0]
[1160820592:-992822,-23421,-103582,0,0,0|999957,-17128,3842,0,0,0|995443,12875,-89870,0,0,0]
[1160825592:-993313,-23421,-103582,0,0,0|999957,-16638,3842,0,0,0|995443,13365,-89870,0,0,0]
[1160830592:-993313,-22932,-103090,0,0,0|999957,-16638,4334,0,0,0|994953,13365,-89870,0,0,0]
[1160835592:-993313,-22932,-103090,0,0,0|999467,-16638,4334,0,0,0|995443,13365,-89870,0,0,0]
[1160840592:-993313,-22932,-103090,0,0,0|999467,-16149,3842,0,0,0|995443,13365,-90361,0,0,0]
[1160845592:-993313,-22932,-102598,0,0,0|999957,-16149,3842,0,0,0|994953,13365,-90361,0,0,0]
[1160850592:-993313,-22932,-102598,0,0,0|999957,-15660,4334,0,0,0|994953,13365,-90361,0,0,0]
[1160855592:-993313,-22932,-103090,0,0,0|999957,-15660,4334,0,0,0|994953,13365,-89870,0,0,0]
[1160860592:-993313,-22932,-103582,0,0,0|999467,-15660,3842,0,0,0|994462,13365,-89870,0,0,0]
[1160865592:-992822,-22932,-104075,0,0,0|999467,-15660,4334,0,0,0|994953,13365,-89870,0,0,0]
[1160870592:-993313,-22442,-104075,0,0,0|999957,-16149,3842,0,0,0|994953,12875,-89870,0,0,0]
[1160875592:-993313,-22442,-103582,0,0,0|999957,-16149,3842,0,0,0|994953,12875,-89870,0,0,0]
[1160880592:-993313,-22932,-103582,0,0,0|999957,-16638,3842,0,0,0|994462,12875,-89870,0,0,0]
[1160885592:-992822,-22932,-103090,0,0,0|999957,-16638,3842,0,0,0|994462,12875,-90361,0,0,0]
[1160890592:-992822,-22932,-102598,0,0,0|999957,-16638,3842,0,0,0|994953,12875,-90361,0,0,0]
[1160895592:-993313,-22932,-102598,0,0,0|999957,-16638,3351,0,0,0|994953,12875,-90361,0,0,0]
[1160900592:-993313,-22932,-102598,0,0,0|999957,-16638,3842,0,0,0|994462,12875,-89870,0,0,0]
[1160905592:-993313,-23421,-102598,0,0,0|999957,-16638,3842,0,0,0|994462,12875,-89870,0,0,0]
[1160910592:-993313,-22932,-102598,0,0,0|999957,-16638,3842,0,0,0|994953,12875,-89870,0,0,0]
[1160915592:-993313,-22932,-103090,0,0,0|999957,-16638,4334,0,0,0|994953,12875,-89870,0,0,0]
[1160920592:-993313,-22932,-103090,0,0,0|999957,-16638,4334,0,0,0|994953,12875,-89870,0,0,0]
[1160925592:-993313,-22932,-103582,0,0,0|999957,-16638,4334,0,0,0|994953,12875,-90361,0,0,0]
[1160930592:-992822,-23421,-103582,0,0,0|999957,-16638,4334,0,0,0|994953,12875,-90361,0,0,0]
[1160935592:-992822,-22932,-103582,0,0,0|999957,-16638,4334,0,0,0|994953,12385,-90361,0,0,0]
[1160940592:-993313,-22932,-103582,0,0,0|999957,-16638,4334,0,0,0|995443,12875,-90361,0,0,0]
[1160945592:-993313,-22932,-103582,0,0,0|999957,-16638,4334,0,0,0|995443,12875,-90361,0,0,0]
[1160950592:-993313,-22932,-103582,0,0,0|999957,-16638,4334,0,0,0|994953,12875,-90361,0,0,0]
[1160955592:-993313,-22932,-103090,0,0,0|999957,-16149,4334,0,0,0|994953,12875,-90853,0,0,0]
[1160960592:-993313,-22442,-103582,0,0,0|999957,-16638,4334,0,0,0|995443,12875,-90853,0,0,0]
[1160965592:-992822,-22442,-104075,0,0,0|999957,-16638,4334,0,0,0|995443,12875,-90853,0,0,0]
[1160970592:-993313,-22932,-104075,0,0,0|999957,-16638,4334,0,0,0|995443,12875,-90361,0,0,0]
[1160975592:-993313,-22932,-103582,0,0,0|999957,-16638,4334,0,0,0|994953,12875,-90361,0,0,0]
[1160980592:-993313,-22932,-103582,0,0,0|999957,-16149,4334,0,0,0|994953,12875,-89870,0,0,0]
[1160985592:-993313,-22932,-103582,0,0,0|999957,-16149,3842,0,0,0|995443,12875,-89870,0,0,0]
[1160990592:-993313,-22932,-103090,0,0,0|999957,-16149,3351,0,0,0|994953,12875,-89870,0,0,0]
[1160995592:-993313,-22932,-103090,0,0,0|999957,-16149,3351,0,0,0|994953,13365,-89870,0,0,0]
[1161000592:-993313,-22932,-103090,0,0,0|999957,-16149,3351,0,0,0|994953,12875,-89870,0,0,0]
[1161005592:-993313,-22932,-103090,0,0,0|999957,-16149,3842,0,0,0|994953,13365,-89870,0,0,0]
[1161010592:-992822,-22932,-103090,0,0,0|999957,-16149,3842,0,0,0|994953,13365,-89870,0,0,0]
[1161015592:-992822,-22932,-103090,0,0,0|999957,-16638,3351,0,0,0|995443,13365,-89870,0,0,0]
[1161020592:-992822,-22932,-103090,0,0,0|999957,-16638,3351,0,0,0|994953,13365,-89870,0,0,0]
[1161025592:-992822,-22932,-103090,0,0,0|999467,-17128,3842,0,0,0|994953,13365,-90361,0,0,0]
[1161030592:-992822,-22932,-103090,0,0,0|999957,-17128,3842,0,0,0|994953,12875,-90361,0,0,0]
[1161035592:-992331,-22442,-103090,0,0,0|999957,-17128,3351,0,0,0|995443,12875,-90361,0,0,0]
[1161040592:-992822,-22442,-103090,0,0,0|999957,-17128,3351,0,0,0|995443,12875,-90361,0,0,0]
[1161045592:-992822,-22932,-103090,0,0,0|1000447,-17128,3842,0,0,0|994953,12875,-89870,0,0,0]
[1161050592:-992822,-22932,-103090,0,0,0|1000447,-16638,3351,0,0,0|994953,12875,-89870,0,0,0]
[1161055592:-993313,-22442,-103090,0,0,0|1000447,-16638,3842,0,0,0|995443,12385,-89870,0,0,0]
[1161060592:-993313,-22932,-103090,0,0,0|1000447,-16149,3351,0,0,0|995443,12385,-89870,0,0,0]
[1161065592:-993313,-22932,-103582,0,0,0|1000447,-16149,3351,0,0,0|995443,12875,-89870,0,0,0]
[1161070592:-993313,-22932,-103582,0,0,0|1000447,-16638,3351,0,0,0|994953,12875,-89870,0,0,0]
[1161075592:-993313,-22932,-103090,0,0,0|999957,-16638,3842,0,0,0|994953,13365,-89870,0,0,0]
[1161080592:-993313,-22932,-103090,0,0,0|999467,-16638,3842,0,0,0|994953,13365,-90361,0,0,0]
[1161085592:-993313,-22932,-103582,0,0,0|999467,-16638,4334,0,0,0|994953,13365,-90361,0,0,0]
[1161090592:-993313,-22932,-103582,0,0,0|999467,-16149,4334,0,0,0|994953,12875,-90853,0,0,0]
[1161095592:-993313,-22932,-103090,0,0,0|999467,-16149,4826,0,0,0|994953,12385,-90853,0,0,0]
[1161100592:-993313,-22932,-103090,0,0,0|999467,-16149,5317,0,0,0|995443,12385,-90853,0,0,0]
[1161105592:-992822,-23421,-103582,0,0,0|999957,-16149,5317,0,0,0|995443,12385,-90361,0,0,0]
[1161110592:-992822,-22932,-103582,0,0,0|999957,-16149,5317,0,0,0|995443,12385,-90361,0,0,0]
[1161115592:-992822,-22932,-103090,0,0,0|999467,-16149,4826,0,0,0|995443,12385,-90361,0,0,0]
[1161120592:-993313,-22932,-103090,0,0,0|999467,-16149,4826,0,0,0|994953,12875,-90361,0,0,0]
[1161125592:-993313,-22932,-103090,0,0,0|998977,-16638,4334,0,0,0|994953,12875,-90361,0,0,0]
[1161130592:-992822,-22932,-103090,0,0,0|998977,-17128,4334,0,0,0|995443,12875,-90361,0,0,0]
[1161135592:-992822,-22932,-103582,0,0,0|999467,-17128,3842,0,0,0|995443,12875,-90361,0,0,0]
[1161140592:-993313,-22932,-103582,0,0,0|999957,-17128,3842,0,0,0|995443,12875,-90361,0,0,0]
[1161145592:-992822,-23421,-103090,0,0,0|999957,-16638,3842,0,0,0|994953,12875,-89870,0,0,0]
[1161150592:-992822,-22932,-103090,0,0,0|999957,-16638,3842,0,0,0|994953,12875,-89870,0,0,0]
[1161155592:-992822,-22932,-103090,0,0,0|999957,-16149,3842,0,0,0|995443,12875,-90361,0,0,0]
[1161160592:-993313,-22932,-103090,0,0,0|999957,-15660,3842,0,0,0|995443,12875,-90361,0,0,0]
[1161165592:-993313,-22932,-103090,0,0,0|999957,-15660,3842,0,0,0|994953,12875,-89870,0,0,0]
[1161170592:-993313,-22932,-103090,0,0,0|999957,-16149,3842,0,0,0|994953,12385,-89870,0,0,0]
[1161175592:-993313,-22932,-103090,0,0,0|999957,-16638,3842,0,0,0|995443,12385,-89870,0,0,0]
[1161180592:-993313,-23421,-103582,0,0,0|999957,-16638,3842,0,0,0|995443,12385,-89870,0,0,0]
[1161185592:-993804,-22932,-103582,0,0,0|999957,-17128,3842,0,0,0|995443,12385,-89870,0,0,0]
[1161190592:-993313,-23421,-103582,0,0,0|999957,-17128,4334,0,0,0|994953,12385,-90361,0,0,0]
[1161195592:-993313,-23421,-103582,0,0,0|999957,-17128,4334,0,0,0|994953,12385,-89870,0,0,0]
[1161200592:-993313,-23421,-103090,0,0,0|999957,-17128,4334,0,0,0|995443,12385,-89378,0,0,0]
[1161205592:-993313,-22932,-103090,0,0,0|1000447,-17128,3842,0,0,0|995443,12385,-89378,0,0,0]
[1161210592:-993313,-23421,-103090,0,0,0|1000447,-17128,3842,0,0,0|995443,12385,-89378,0,0,0]
[1161215592:-993313,-23421,-102598,0,0,0|1000447,-16638,3842,0,0,0|994953,12385,-90361,0,0,0]
[1161220592:-993313,-23421,-102598,0,0,0|1000447,-16149,3842,0,0,0|994953,12385,-90361,0,0,0]
[1161225592:-993313,-22932,-102598,0,0,0|1000447,-16149,3842,0,0,0|994953,12385,-90853,0,0,0]
[1161230592:-993313,-22932,-103090,0,0,0|1000447,-16149,3351,0,0,0|995443,12385,-90853,0,0,0]
[1161235592:-993313,-22932,-103090,0,0,0|1000447,-16149,3351,0,0,0|994953,12875,-90853,0,0,0]
[1161240592:-993804,-22932,-103090,0,0,0|999957,-16638,3842,0,0,0|994953,12875,-90853,0,0,0]
[1161245592:-993313,-23421,-103090,0,0,0|999957,-16638,3842,0,0,0|994953,13365,-90853,0,0,0]
[1161250592:-993313,-23421,-103090,0,0,0|1000447,-16638,3842,0,0,0|994953,13365,-90361,0,0,0]
[1161255592:-992822,-23421,-103090,0,0,0|1000447,-16638,3842,0,0,0|994953,13365,-89870,0,0,0]
[1161260592:-992822,-23911,-102598,0,0,0|999957,-16638,4334,0,0,0|994953,13365,-89870,0,0,0]
[1161265592:-993313,-23421,-102598,0,0,0|999957,-16149,4334,0,0,0|994953,13365,-89870,0,0,0]
[1161270592:-993313,-23421,-103090,0,0,0|999957,-16638,4334,0,0,0|994462,12875,-89870,0,0,0]
[1161275592:-993313,-22932,-103090,0,0,0|999957,-16638,4334,0,0,0|994953,12875,-89870,0,0,0]
[1161280592:-993313,-22932,-103090,0,0,0|999957,-16638,4334,0,0,0|994953,12875,-89378,0,0,0]
[1161285592:-993313,-22932,-103090,0,0,0|999467,-16638,3842,0,0,0|994953,13365,-89378,0,0,0]
[1161290592:-993313,-22932,-103582,0,0,0|999467,-16149,3351,0,0,0|994953,13365,-89378,0,0,0]
[1161295592:-992822,-22932,-103090,0,0,0|999467,-16149,3351,0,0,0|994953,12875,-89870,0,0,0]
[1161300592:-992822,-22932,-103090,0,0,0|999957,-16149,3351,0,0,0|995443,12875,-89870,0,0,0]
[1161305592:-993313,-22442,-103090,0,0,0|999957,-15660,3351,0,0,0|995443,12875,-90361,0,0,0]
[1161310592:-993313,-22442,-103090,0,0,0|999957,-15660,3842,0,0,0|995443,12875,-90361,0,0,0]
[1161315592:-992822,-22442,-103090,0,0,0|999957,-15660,3842,0,0,0|995443,12875,-90361,0,0,0]
[1161320592:-992822,-22442,-103090,0,0,0|999957,-15660,3351,0,0,0|995443,12385,-89870,0,0,0]
[1161325592:-993313,-22442,-103090,0,0,0|999467,-16149,3842,0,0,0|995933,12385,-89870,0,0,0]
[1161330592:-993313,-22932,-103090,0,0,0|999467,-16638,3842,0,0,0|995443,12385,-89378,0,0,0]
[1161335592:-993313,-22932,-102598,0,0,0|999467,-16638,4334,0,0,0|994953,12385,-89378,0,0,0]
[1161340592:-993313,-22932,-102598,0,0,0|999467,-17128,4334,0,0,0|994953,12385,-89378,0,0,0]
[1161345592:-993313,-22932,-102598,0,0,0|999467,-17128,4334,0,0,0|994953,12385,-89378,0,0,0]
[1161350592:-993313,-22932,-103090,0,0,0|999467,-17128,3842,0,0,0|995443,12385,-89378,0,0,0]
[1161355592:-992822,-22932,-103090,0,0,0|999957,-16638,3351,0,0,0|995443,12385,-89378,0,0,0]
[1161360592:-993313,-23421,-103090,0,0,0|999957,-16638,3351,0,0,0|994953,12385,-89870,0,0,0]
[1161365592:-992822,-23421,-103090,0,0,0|999957,-16149,3351,0,0,0|994953,12385,-89870,0,0,0]
[1161370592:-992822,-23421,-103090,0,0,0|999957,-16149,3842,0,0,0|994953,12385,-89870,0,0,0]
[1161375592:-992822,-22932,-103582,0,0,0|999957,-16149,3842,0,0,0|995443,12385,-89870,0,0,0]
[1161380592:-992822,-22932,-103582,0,0,0|999957,-16638,4334,0,0,0|994953,12385,-89870,0,0,0]
[1161385592:-993313,-22932,-103582,0,0,0|999957,-16638,3842,0,0,0|994953,12875,-89870,0,0,0]
[1161390592:-993313,-22932,-103090,0,0,0|999957,-16638,3842,0,0,0|994953,12875,-89870,0,0,0]
[1161395592:-993313,-22932,-103090,0,0,0|999957,-17128,3842,0,0,0|994953,12875,-89870,0,0,0]
[1161400592:-992822,-22932,-102598,0,0,0|999467,-17128,3842,0,0,0|994953,12875,-89870,0,0,0]
[1161405592:-992822,-22932,-102598,0,0,0|999467,-16638,4334,0,0,0|994953,12875,-90361,0,0,0]
[1161410592:-992822,-23421,-102598,0,0,0|999467,-16149,4334,0,0,0|994953,12875,-90361,0,0,0]
[1161415592:-993313,-23421,-103090,0,0,0|999467,-16149,4334,0,0,0|994953,12875,-89870,0,0,0]
[1161420592:-993313,-23421,-103090,0,0,0|999467,-16149,4334,0,0,0|994953,12385,-89870,0,0,0]
[1161425592:-993313,-23421,-103582,0,0,0|999957,-16149,3842,0,0,0|994953,12875,-89870,0,0,0]
[1161430592:-993313,-23421,-104075,0,0,0|999957,-16149,3842,0,0,0|994953,12875,-89870,0,0,0]
[1161435592:-993313,-23421,-103582,0,0,0|999957,-16149,3351,0,0,0|994953,12875,-89870,0,0,0]
[1161440592:-993313,-23421,-103582,0,0,0|999467,-16149,3842,0,0,0|994953,12875,-89870,0,0,0]
[1161445592:-993313,-22932,-103090,0,0,0|999467,-16638,3842,0,0,0|995443,12875,-89870,0,0,0]
[1161450592:-993313,-22932,-103090,0,0,0|999467,-16638,4334,0,0,0|994953,13365,-89870,0,0,0]
[1161455592:-993804,-23421,-102598,0,0,0|999957,-16638,4334,0,0,0|994953,13365,-89870,0,0,0]
[1161460592:-993804,-23421,-102598,0,0,0|999957,-16638,4334,0,0,0|994953,12875,-89870,0,0,0]
[1161465592:-993313,-22932,-103090,0,0,0|999957,-16149,4334,0,0,0|994953,12875,-89870,0,0,0]
[1161470592:-993313,-22932,-103582,0,0,0|999957,-16638,4334,0,0,0|995443,12385,-89870,0,0,0]
[1161475592:-993313,-22932,-103582,0,0,0|999957,-16638,3842,0,0,0|995443,12385,-89870,0,0,0]
[1161480592:-993313,-22932,-103582,0,0,0|999957,-16638,3842,0,0,0|994953,12385,-89870,0,0,0]
[1161485592:-993313,-23421,-103090,0,0,0|999957,-16638,3842,0,0,0|994953,12385,-90361,0,0,0]
[1161490592:-993313,-23421,-103090,0,0,0|999957,-16638,3842,0,0,0|994953,12385,-90361,0,0,0]
[1161495592:-993313,-23421,-103582,0,0,0|999957,-16638,4334,0,0,0|995443,12385,-90361,0,0,0]
[1161500592:-993313,-23421,-103582,0,0,0|999957,-16149,4334,0,0,0|995443,12875,-90361,0,0,0]
[1161505592:-993313,-23421,-103090,0,0,0|999957,-16149,4334,0,0,0|995443,12875,-90361,0,0,0]
[1161510592:-993804,-22932,-102598,0,0,0|999467,-16149,4334,0,0,0|995443,12875,-89870,0,0,0]
[1161515592:-993804,-22932,-103090,0,0,0|999957,-16149,4334,0,0,0|995443,12875,-89870,0,0,0]
[1161520592:-993313,-22932,-103090,0,0,0|999957,-16149,4334,0,0,0|995443,13365,-89870,0,0,0]
[1161525592:-993313,-23421,-103090,0,0,0|999957,-16149,4334,0,0,0|995443,13365,-89870,0,0,0]
[1161530592:-993313,-23421,-103090,0,0,0|999957,-16149,4334,0,0,0|994953,12875,-89870,0,0,0]
[1161535592:-992822,-23421,-103090,0,0,0|999957,-16638,3842,0,0,0|994953,12385,-90361,0,0,0]
[1161540592:-992822,-23421,-103090,0,0,0|1000447,-16638,3842,0,0,0|994953,12385,-90361,0,0,0]
[1161545592:-992822,-23421,-103090,0,0,0|1000447,-16638,3351,0,0,0|995443,12385,-90853,0,0,0]
[1161550592:-992822,-23421,-103090,0,0,0|999957,-16638,3351,0,0,0|994953,12385,-90361,0,0,0]
[1161555592:-993313,-23421,-103090,0,0,0|999957,-16638,3351,0,0,0|994953,12875,-90361,0,0,0]
[1161560592:-993313,-23421,-102598,0,0,0|999957,-16638,3842,0,0,0|994953,12875,-89870,0,0,0]
[1161565592:-992822,-23421,-102598,0,0,0|999957,-16638,3842,0,0,0|995443,12875,-89870,0,0,0]
[1161570592:-992822,-23421,-103090,0,0,0|999957,-16149,3842,0,0,0|995443,12875,-89870,0,0,0]
[1161575592:-993313,-23421,-103090,0,0,0|999957,-16149,3842,0,0,0|995443,13365,-90361,0,0,0]
[1161580592:-993313,-23421,-103582,0,0,0|999957,-16638,3351,0,0,0|994953,13365,-90361,0,0,0]
[1161585592:-993313,-22932,-103582,0,0,0|999957,-17128,3351,0,0,0|995443,12875,-90361,0,0,0]
[1161590592:-992822,-22932,-103582,0,0,0|999957,-17128,3351,0,0,0|995443,12875,-90361,0,0,0]
[1161595592:-993313,-22932,-103582,0,0,0|999957,-17128,3351,0,0,0|995443,12875,-90361,0,0,0]
[1161600592:-993313,-22932,-103090,0,0,0|999957,-17128,3351,0,0,0|994953,12875,-90361,0,0,0]
[1161605592:-993313,-22932,-103090,0,0,0|999957,-16638,3842,0,0,0|994462,12875,-90361,0,0,0]
[1161610592:-993313,-22932,-102598,0,0,0|999957,-16638,3842,0,0,0|994953,12875,-90361,0,0,0]
[1161615592:-993313,-22932,-103090,0,0,0|999957,-16149,3842,0,0,0|994953,12875,-90361,0,0,0]
[1161620592:-993313,-22932,-103090,0,0,0|999957,-16149,3842,0,0,0|994953,12875,-90361,0,0,0]
[1161625592:-993313,-22932,-103090,0,0,0|999957,-16149,4334,0,0,0|994953,12875,-90361,0,0,0]
[1161630592:-993313,-22932,-103090,0,0,0|999957,-16149,4334,0,0,0|994953,12385,-90361,0,0,0]
[1161635592:-993313,-22932,-103090,0,0,0|999957,-16149,4334,0,0,0|995443,12385,-89870,0,0,0]
[1161640592:-992822,-22932,-103090,0,0,0|999957,-16149,4334,0,0,0|995443,12385,-89378,0,0,0]
[1161645592:-992822,-22932,-103090,0,0,0|999467,-16149,4334,0,0,0|995443,12385,-89870,0,0,0]
[1161650592:-993313,-22932,-103090,0,0,0|999467,-16149,3842,0,0,0|994953,12385,-89870,0,0,0]
[1161655592:-993313,-23421,-103090,0,0,0|999957,-16149,3842,0,0,0|994953,12875,-90361,0,0,0]
[1161660592:-993313,-22932,-103582,0,0,0|999957,-16638,4334,0,0,0|994953,12875,-90361,0,0,0]
[1161665592:-993313,-23421,-103582,0,0,0|999957,-16638,4826,0,0,0|995443,12875,-90361,0,0,0]
[1161670592:-993313,-23421,-103090,0,0,0|999957,-16149,4334,0,0,0|994953,12875,-90361,0,0,0]
[1161675592:-993313,-23421,-103090,0,0,0|999957,-16149,4334,0,0,0|994953,12875,-90361,0,0,0]
[1161680592:-993313,-23421,-103090,0,0,0|999957,-16149,3842,0,0,0|994953,12875,-90361,0,0,0]
[1161685592:-993313,-23421,-103090,0,0,0|999957,-15660,3842,0,0,0|994953,12385,-89870,0,0,0]
[1161690592:-993313,-23421,-103582,0,0,0|999467,-15660,3842,0,0,0|994462,12385,-89870,0,0,0]
[1161695592:-993313,-23421,-103090,0,0,0|999957,-15660,3842,0,0,0|994462,12385,-89870,0,0,0]
[1161700592:-993313,-22932,-103090,0,0,0|999957,-16149,3842,0,0,0|994462,12385,-89870,0,0,0]
[1161705592:-993313,-22932,-103090,0,0,0|999957,-16149,3351,0,0,0|994462,12875,-89870,0,0,0]
[1161710592:-993313,-23421,-103582,0,0,0|999957,-16638,3351,0,0,0|994953,12875,-89870,0,0,0]
[1161715592:-992822,-23421,-103090,0,0,0|999957,-16638,3842,0,0,0|994953,12875,-90361,0,0,0]
[1161720592:-992822,-23421,-103090,0,0,0|999957,-16149,4334,0,0,0|994953,13365,-90361,0,0,0]
[1161725592:-993313,-23421,-102598,0,0,0|999467,-16149,4334,0,0,0|994953,13365,-90361,0,0,0]
[1161730592:-993313,-23421,-103090,0,0,0|999467,-16149,4334,0,0,0|994953,12875,-90361,0,0,0]
[1161735592:-993313,-23421,-103582,0,0,0|999957,-16149,4334,0,0,0|995443,12875,-90361,0,0,0]
[1161740592:-993313,-23421,-103090,0,0,0|1000447,-16149,3842,0,0,0|995933,12875,-90361,0,0,0]
[1161745592:-993313,-23421,-103090,0,0,0|1000447,-16149,3842,0,0,0|995933,12875,-90361,0,0,0]
[1161750592:-993313,-23421,-102598,0,0,0|1000447,-16149,3842,0,0,0|995443,12875,-90361,0,0,0]
[1161755592:-993313,-23421,-103090,0,0,0|1000447,-16149,3842,0,0,0|995443,12875,-90361,0,0,0]
[1161760592:-993313,-23421,-103582,0,0,0|1000447,-16149,3842,0,0,0|994953,13365,-90361,0,0,0]
[1161765592:-993313,-23421,-103090,0,0,0|999957,-16638,4334,0,0,0|994953,13365,-90361,0,0,0]
[1161770592:-993313,-22932,-103090,0,0,0|999957,-16638,3842,0,0,0|994953,13365,-89870,0,0,0]
[1161775592:-993804,-22932,-103090,0,0,0|999467,-16638,3842,0,0,0|994953,13365,-89870,0,0,0]
[1161780592:-993313,-22932,-103090,0,0,0|999467,-16638,3842,0,0,0|994953,12875,-89870,0,0,0]
[1161785592:-993313,-22932,-103090,0,0,0|999467,-16149,3842,0,0,0|995443,12875,-89870,0,0,0]
[1161790592:-993313,-23421,-103090,0,0,0|999957,-16149,3842,0,0,0|994953,12875,-90361,0,0,0]
[1161795592:-993313,-22932,-103090,0,0,0|999957,-16638,3842,0,0,0|994953,12875,-90361,0,0,0]
[1161800592:-993313,-22932,-103090,0,0,0|1000447,-16638,3842,0,0,0|994953,12875,-90361,0,0,0]
[1161805592:-993804,-22932,-103582,0,0,0|999957,-16638,3842,0,0,0|994953,12875,-90361,0,0,0]
[1161810592:-993804,-22932,-103582,0,0,0|999957,-16638,3842,0,0,0|995443,12385,-90361,0,0,0]
[1161815592:-993804,-22932,-103090,0,0,0|999957,-16638,4334,0,0,0|995443,12875,-90361,0,0,0]
[1161820592:-993804,-22932,-103090,0,0,0|999957,-16638,4334,0,0,0|995443,12875,-90361,0,0,0]
[1161825592:-993313,-22932,-103090,0,0,0|999957,-16638,4334,0,0,0|995443,12875,-90361,0,0,0]
[1161830592:-993313,-22932,-103090,0,0,0|999957,-16638,4334,0,0,0|995443,13365,-90361,0,0,0]
[1161835592:-993313,-22932,-103090,0,0,0|999957,-16638,3842,0,0,0|995443,13365,-89870,0,0,0]
[1161840592:-993313,-22932,-102598,0,0,0|999957,-16638,3351,0,0,0|995443,13365,-89870,0,0,0]
[1161845592:-993313,-22932,-102598,0,0,0|999957,-16149,3351,0,0,0|994953,13365,-89870,0,0,0]
[1161850592:-993313,-23421,-102598,0,0,0|999957,-16149,3842,0,0,0|994953,12875,-89870,0,0,0]
[1161855592:-993313,-23421,-103090,0,0,0|999957,-16149,3842,0,0,0|995443,12875,-89870,0,0,0]
[1161860592:-992822,-23421,-103090,0,0,0|999957,-16638,3842,0,0,0|995443,12875,-89870,0,0,0]
[1161865592:-992822,-22932,-102598,0,0,0|999957,-16638,4334,0,0,0|995443,12875,-90361,0,0,0]
[1161870592:-992822,-22932,-103090,0,0,0|999957,-16638,4334,0,0,0|995443,12875,-90361,0,0,0]
[1161875592:-993313,-22932,-103090,0,0,0|1000447,-16149,3842,0,0,0|995443,12875,-90361,0,0,0]
[1161880592:-993313,-22932,-103582,0,0,0|1000447,-16149,3351,0,0,0|995443,12875,-90361,0,0,0]
[1161885592:-993313,-23421,-103090,0,0,0|999957,-16149,3351,0,0,0|994953,12875,-90361,0,0,0]
[1161890592:-993313,-23421,-103090,0,0,0|999957,-16149,3351,0,0,0|994953,12875,-90361,0,0,0]
[1161895592:-993313,-23421,-103090,0,0,0|999957,-16149,3842,0,0,0|994953,12385,-89870,0,0,0]
[1161900592:-992822,-22932,-103090,0,0,0|999467,-16149,3842,0,0,0|995443,12385,-89870,0,0,0]
[1161905592:-992822,-22932,-103090,0,0,0|999957,-16149,3842,0,0,0|995443,12385,-89870,0,0,0]
[1161910592:-992822,-22932,-103090,0,0,0|999957,-16149,3842,0,0,0|994953,12385,-89870,0,0,0]
[1161915592:-992822,-23421,-103090,0,0,0|999957,-16638,3351,0,0,0|994953,12875,-89870,0,0,0]
[1161920592:-993313,-22932,-103090,0,0,0|999957,-17128,3351,0,0,0|994462,12875,-89870,0,0,0]
[1161925592:-993313,-22932,-103582,0,0,0|999957,-17128,3842,0,0,0|994953,12875,-89870,0,0,0]
[1161930592:-993804,-22932,-103090,0,0,0|999957,-17128,3842,0,0,0|994953,12875,-89870,0,0,0]
[1161935592:-993804,-23421,-103090,0,0,0|999957,-16638,3842,0,0,0|994462,12875,-89870,0,0,0]
[1161940592:-993804,-23421,-102598,0,0,0|1000447,-16638,3351,0,0,0|994462,12875,-89870,0,0,0]
[1161945592:-993313,-23421,-102598,0,0,0|1000447,-16638,3351,0,0,0|994462,12875,-89870,0,0,0]
[1161950592:-993313,-22932,-103090,0,0,0|999957,-16638,3351,0,0,0|994953,12875,-89870,0,0,0]
[1161955592:-993313,-22442,-103090,0,0,0|999957,-17128,3351,0,0,0|994953,12875,-90361,0,0,0]
[1161960592:-993313,-22932,-103090,0,0,0|999467,-16638,3842,0,0,0|994953,12875,-90361,0,0,0]
[1161965592:-993313,-22932,-102598,0,0,0|999467,-16638,4334,0,0,0|994953,12875,-90361,0,0,0]
[1161970592:-993313,-22932,-102598,0,0,0|999467,-16638,4334,0,0,0|994953,12385,-90361,0,0,0]
[1161975592:-993313,-22932,-103090,0,0,0|999467,-16638,4334,0,0,0|995443,12385,-90361,0,0,0]
[1161980592:-993313,-22932,-103090,0,0,0|999467,-16149,4334,0,0,0|995443,12385,-90361,0,0,0]
[1161985592:-993313,-22932,-103582,0,0,0|999467,-16638,4334,0,0,0|995443,12385,-90361,0,0,0]
[1161990592:-993313,-22932,-103582,0,0,0|999467,-16638,4334,0,0,0|994953,12875,-90853,0,0,0]
[1161995592:-993313,-22932,-103090,0,0,0|999957,-16638,3842,0,0,0|994953,12385,-90361,0,0,0]
[1162000592:-993313,-22932,-103582,0,0,0|999957,-16638,3351,0,0,0|994953,12385,-90361,0,0,0]
[1162005592:-993804,-22932,-103582,0,0,0|999957,-16638,2859,0,0,0|994953,12385,-90361,0,0,0]
[1162010592:-993804,-22932,-103090,0,0,0|999467,-16149,3351,0,0,0|994953,12385,-90361,0,0,0]
[1162015592:-993804,-22932,-103090,0,0,0|999467,-16149,3842,0,0,0|994953,12385,-90361,0,0,0]
[1162020592:-993313,-22932,-103090,0,0,0|999467,-16149,3842,0,0,0|994953,12385,-89870,0,0,0]
[1162025592:-992822,-22932,-103582,0,0,0|999467,-16149,3842,0,0,0|994953,12875,-89870,0,0,0]
[1162030592:-992822,-22932,-103090,0,0,0|999467,-16149,3842,0,0,0|995443,12875,-90361,0,0,0]
[1162035592:-992822,-22932,-103090,0,0,0|999467,-16149,3842,0,0,0|994953,12875,-90361,0,0,0]
[1162040592:-993313,-22932,-103090,0,0,0|999957,-16149,3842,0,0,0|995443,12875,-90361,0,0,0]
[1162045592:-993313,-22932,-103582,0,0,0|999957,-16149,3842,0,0,0|995443,12875,-90361,0,0,0]
[1162050592:-992822,-22932,-103582,0,0,0|999957,-16149,3842,0,0,0|995933,12875,-90361,0,0,0]
[1162055592:-992822,-22932,-103090,0,0,0|999957,-16149,3842,0,0,0|995443,12875,-90361,0,0,0]
[1162060592:-992822,-22932,-103090,0,0,0|999957,-16149,3842,0,0,0|995443,12875,-90361,0,0,0]
[1162065592:-992822,-22442,-103090,0,0,0|999957,-16638,3842,0,0,0|995443,12875,-90361,0,0,0]
[1162070592:-992822,-22442,-103090,0,0,0|999957,-16638,4334,0,0,0|995443,12875,-89870,0,0,0]
[1162075592:-992822,-22442,-103090,0,0,0|999957,-16149,4334,0,0,0|995933,12875,-89870,0,0,0]
[1162080592:-992822,-22442,-102598,0,0,0|999957,-16149,4334,0,0,0|995443,12875,-89870,0,0,0]
[1162085592:-992822,-22932,-102598,0,0,0|999467,-16638,4334,0,0,0|994953,12875,-89870,0,0,0]
[1162090592:-993313,-22932,-103090,0,0,0|999467,-16638,4334,0,0,0|994953,12875,-89870,0,0,0]
[1162095592:-993313,-22932,-103090,0,0,0|999467,-16638,4334,0,0,0|995443,12385,-89870,0,0,0]
[1162100592:-993313,-22932,-103582,0,0,0|999467,-16638,4334,0,0,0|995443,12385,-89870,0,0,0]
[1162105592:-993313,-22442,-103582,0,0,0|999957,-16638,4334,0,0,0|995443,12875,-90361,0,0,0]
